{"type":"FeatureCollection","features":[{"type":"Feature","geometry":{"type":"Polygon","coordinates":[[[-118.08272,33.82984],[-118.0817,33.82508],[-118.07468,33.82301],[-118.06872,33.82402],[-118.06887,33.82217],[-118.06663,33.8222],[-118.06593,33.82401],[-118.06327,33.82411],[-118.06332,33.83154],[-118.06123,33.83331],[-118.06771,33.83331],[-118.06771,33.83244],[-118.06877,33.83244],[-118.06877,33.8347],[-118.06768,33.8347],[-118.06764,33.83799],[-118.07884,33.83872],[-118.07884,33.8369],[-118.07971,33.8369],[-118.07969,33.83401],[-118.08185,33.83399],[-118.08192,33.83064],[-118.08272,33.82984]]]},"properties":{"GEOID":"0632506","NAME":"Hawaiian Gardens city","BASENAME":"Hawaiian Gardens","STATE":"06","PLACE":"32506"}},{"type":"Feature","geometry":{"type":"Polygon","coordinates":[[[-118.20451,33.98956],[-118.20255,33.98838],[-118.19005,33.98719],[-118.19014,33.98661],[-118.18903,33.98638],[-118.18974,33.98202],[-118.17004,33.98015],[-118.17249,33.98649],[-118.17557,33.98671],[-118.17843,33.9895],[-118.17807,33.98995],[-118.18421,33.99424],[-118.20433,33.99665],[-118.20451,33.98956]]]},"properties":{"GEOID":"0646492","NAME":"Maywood city","BASENAME":"Maywood","STATE":"06","PLACE":"46492"}},{"type":"Feature","geometry":{"type":"Polygon","coordinates":[[[-118.20191,33.97064],[-118.199,33.96692],[-118.18528,33.95564],[-118.17965,33.9551],[-118.17844,33.95635],[-118.17976,33.95648],[-118.17952,33.95792],[-118.17764,33.95772],[-118.17792,33.95683],[-118.17315,33.95632],[-118.17342,33.95435],[-118.17021,33.95415],[-118.16909,33.96379],[-118.17007,33.96394],[-118.16948,33.96615],[-118.17152,33.96637],[-118.17152,33.9674],[-118.17306,33.96642],[-118.17288,33.96755],[-118.18593,33.96893],[-118.18576,33.97006],[-118.18815,33.97032],[-118.18789,33.96915],[-118.19014,33.96939],[-118.19143,33.96835],[-118.19134,33.96894],[-118.19188,33.9684],[-118.19195,33.969],[-118.19406,33.96923],[-118.19434,33.97041],[-118.20191,33.97064]]]},"properties":{"GEOID":"0617498","NAME":"Cudahy city","BASENAME":"Cudahy","STATE":"06","PLACE":"17498"}},{"type":"Feature","geometry":{"type":"Polygon","coordinates":[[[-118.45538,33.861],[-118.44725,33.84876],[-118.44397,33.83906],[-118.44665,33.83629],[-118.38473,33.85667],[-118.38587,33.86441],[-118.39137,33.87281],[-118.39602,33.8729],[-118.39596,33.8771],[-118.40276,33.87705],[-118.40312,33.87765],[-118.40454,33.87715],[-118.40486,33.87782],[-118.40818,33.87746],[-118.45538,33.861]]]},"properties":{"GEOID":"0633364","NAME":"Hermosa Beach city","BASENAME":"Hermosa Beach","STATE":"06","PLACE":"33364"}},{"type":"Feature","geometry":{"type":"Polygon","coordinates":[[[-118.67424,34.16816],[-118.67421,34.15466],[-118.66751,34.15466],[-118.66752,34.15218],[-118.66584,34.15157],[-118.66587,34.15342],[-118.66437,34.15466],[-118.65869,34.15465],[-118.65868,34.15834],[-118.6554,34.15833],[-118.65539,34.16141],[-118.65431,34.16103],[-118.65435,34.15833],[-118.64995,34.15785],[-118.64995,34.15917],[-118.64933,34.15921],[-118.64694,34.15749],[-118.64453,34.1584],[-118.64543,34.15656],[-118.63973,34.15909],[-118.64197,34.16197],[-118.64555,34.16198],[-118.64553,34.1657],[-118.65428,34.16572],[-118.65426,34.16943],[-118.65863,34.16944],[-118.65859,34.17567],[-118.65919,34.17574],[-118.65859,34.17675],[-118.66815,34.17675],[-118.66815,34.16819],[-118.67424,34.16816]]]},"properties":{"GEOID":"0633518","NAME":"Hidden Hills city","BASENAME":"Hidden Hills","STATE":"06","PLACE":"33518"}},{"type":"Feature","geometry":{"type":"Polygon","coordinates":[[[-118.09104,33.87665],[-118.0909,33.86131],[-118.08998,33.86132],[-118.08997,33.86023],[-118.08648,33.86025],[-118.08645,33.856],[-118.08209,33.85604],[-118.08272,33.85926],[-118.08213,33.85926],[-118.08211,33.86049],[-118.07515,33.85623],[-118.07516,33.85696],[-118.07229,33.85697],[-118.07224,33.85451],[-118.06891,33.85342],[-118.06901,33.85856],[-118.07122,33.85853],[-118.07125,33.86032],[-118.07018,33.86034],[-118.07031,33.86946],[-118.0725,33.86945],[-118.07034,33.86984],[-118.07038,33.87311],[-118.08004,33.87305],[-118.07965,33.87673],[-118.07484,33.87677],[-118.0749,33.88038],[-118.08781,33.88034],[-118.08777,33.87669],[-118.09104,33.87665]]]},"properties":{"GEOID":"0602896","NAME":"Artesia city","BASENAME":"Artesia","STATE":"06","PLACE":"02896"}},{"type":"Feature","geometry":{"type":"Polygon","coordinates":[[[-118.39584,34.09106],[-118.38975,34.08849],[-118.38973,34.07649],[-118.3788,34.07639],[-118.37717,34.07659],[-118.37725,34.08021],[-118.37526,34.08016],[-118.37525,34.08201],[-118.3742,34.08202],[-118.37421,34.08016],[-118.37029,34.08017],[-118.3703,34.08316],[-118.37703,34.08304],[-118.37695,34.08863],[-118.37628,34.08899],[-118.3725,34.09026],[-118.37248,34.08544],[-118.37023,34.08561],[-118.37023,34.08708],[-118.36643,34.08714],[-118.36644,34.08892],[-118.36271,34.08879],[-118.3627,34.08719],[-118.3528,34.08713],[-118.3528,34.08896],[-118.34339,34.0889],[-118.34338,34.09433],[-118.36154,34.09446],[-118.36165,34.09718],[-118.36734,34.09688],[-118.36874,34.09797],[-118.38118,34.0921],[-118.38118,34.09332],[-118.38446,34.09372],[-118.38594,34.09277],[-118.38604,34.09104],[-118.39584,34.09106]]]},"properties":{"GEOID":"0684410","NAME":"West Hollywood city","BASENAME":"West Hollywood","STATE":"06","PLACE":"84410"}},{"type":"Feature","geometry":{"type":"Polygon","coordinates":[[[-117.98587,34.15517],[-117.9851,34.15326],[-117.98542,34.15149],[-117.98366,34.15151],[-117.98317,34.14991],[-117.98204,34.14945],[-117.98197,34.14779],[-117.98021,34.14779],[-117.98021,34.14687],[-117.97538,34.14691],[-117.97538,34.14362],[-117.969,34.14371],[-117.96902,34.1461],[-117.96726,34.14782],[-117.9666,34.14373],[-117.95128,34.14369],[-117.95128,34.15074],[-117.95964,34.15204],[-117.95956,34.16516],[-117.97753,34.16511],[-117.97756,34.1559],[-117.983,34.15753],[-117.98508,34.15673],[-117.98587,34.15517]]]},"properties":{"GEOID":"0607946","NAME":"Bradbury city","BASENAME":"Bradbury","STATE":"06","PLACE":"07946"}},{"type":"Feature","geometry":{"type":"Polygon","coordinates":[[[-118.36888,33.89701],[-118.36586,33.89464],[-118.36129,33.89465],[-118.36129,33.87286],[-118.35471,33.87285],[-118.35199,33.87458],[-118.34378,33.87723],[-118.34382,33.89339],[-118.34438,33.89351],[-118.34383,33.90243],[-118.35144,33.90243],[-118.35237,33.90129],[-118.35361,33.90231],[-118.35856,33.90235],[-118.35855,33.90055],[-118.35898,33.90145],[-118.36126,33.90144],[-118.36129,33.89702],[-118.36888,33.89701]]]},"properties":{"GEOID":"0640886","NAME":"Lawndale city","BASENAME":"Lawndale","STATE":"06","PLACE":"40886"}},{"type":"Feature","geometry":{"type":"Polygon","coordinates":[[[-118.32868,33.78767],[-118.32779,33.78725],[-118.3278,33.7862],[-118.32283,33.78587],[-118.3226,33.78509],[-118.32224,33.78587],[-118.31657,33.78365],[-118.31894,33.78168],[-118.31649,33.78094],[-118.31559,33.77956],[-118.31682,33.77873],[-118.31517,33.77874],[-118.31607,33.77798],[-118.31567,33.77711],[-118.31681,33.77743],[-118.31828,33.77498],[-118.31274,33.77552],[-118.31343,33.7767],[-118.31177,33.77713],[-118.30914,33.77649],[-118.30892,33.77496],[-118.30643,33.77496],[-118.30789,33.77946],[-118.30949,33.77905],[-118.30992,33.78195],[-118.30871,33.78222],[-118.30879,33.80222],[-118.31175,33.80222],[-118.3117,33.80765],[-118.32794,33.80686],[-118.32792,33.80333],[-118.32594,33.80333],[-118.32595,33.80086],[-118.32809,33.80086],[-118.32819,33.79026],[-118.32644,33.79026],[-118.32625,33.78852],[-118.32867,33.78902],[-118.32868,33.78767]]]},"properties":{"GEOID":"0642468","NAME":"Lomita city","BASENAME":"Lomita","STATE":"06","PLACE":"42468"}},{"type":"Feature","geometry":{"type":"Polygon","coordinates":[[[-118.18458,33.8071],[-118.18458,33.80433],[-118.18173,33.80423],[-118.18175,33.80064],[-118.1655,33.78986],[-118.14965,33.78984],[-118.15217,33.79347],[-118.15457,33.79347],[-118.15456,33.79637],[-118.1589,33.79637],[-118.15889,33.79712],[-118.15139,33.79712],[-118.15135,33.80443],[-118.15578,33.80442],[-118.15885,33.80205],[-118.15891,33.80986],[-118.16325,33.80913],[-118.16327,33.81168],[-118.1763,33.81165],[-118.1763,33.80438],[-118.18065,33.80439],[-118.18066,33.81164],[-118.17849,33.81163],[-118.17849,33.81347],[-118.17414,33.81347],[-118.17415,33.81529],[-118.17197,33.81529],[-118.17197,33.81863],[-118.18458,33.81862],[-118.18458,33.8071]]]},"properties":{"GEOID":"0671876","NAME":"Signal Hill city","BASENAME":"Signal Hill","STATE":"06","PLACE":"71876"}},{"type":"Feature","geometry":{"type":"Polygon","coordinates":[[[-118.45601,34.2849],[-118.44373,34.27331],[-118.43559,34.27937],[-118.43371,34.27774],[-118.43305,34.27823],[-118.41712,34.29036],[-118.41863,34.29176],[-118.41579,34.29384],[-118.41856,34.29645],[-118.4214,34.29437],[-118.43257,34.30469],[-118.44478,34.2938],[-118.4455,34.29441],[-118.44818,34.29206],[-118.45,34.2904],[-118.44944,34.2897],[-118.45601,34.2849]]]},"properties":{"GEOID":"0666140","NAME":"San Fernando city","BASENAME":"San Fernando","STATE":"06","PLACE":"66140"}},{"type":"Feature","geometry":{"type":"Polygon","coordinates":[[[-118.20624,33.97957],[-118.20611,33.97602],[-118.20379,33.97577],[-118.20269,33.97186],[-118.19434,33.97041],[-118.19406,33.96923],[-118.19195,33.969],[-118.19203,33.96842],[-118.19014,33.96939],[-118.18789,33.96915],[-118.18815,33.97032],[-118.18576,33.97006],[-118.18593,33.96893],[-118.17288,33.96755],[-118.17306,33.96642],[-118.17152,33.9674],[-118.17152,33.96637],[-118.16948,33.96615],[-118.17007,33.96394],[-118.16909,33.96379],[-118.1677,33.96635],[-118.1656,33.96811],[-118.16758,33.97182],[-118.16731,33.98101],[-118.17025,33.98816],[-118.16167,33.98727],[-118.16094,33.99193],[-118.15281,33.9907],[-118.15207,33.99222],[-118.1604,33.99503],[-118.17012,33.99955],[-118.17139,33.99692],[-118.17514,33.9981],[-118.17777,33.99701],[-118.17696,33.99566],[-118.17793,33.99556],[-118.17597,33.99255],[-118.17735,33.99111],[-118.17232,33.98625],[-118.17006,33.98012],[-118.19741,33.98265],[-118.19754,33.98206],[-118.20258,33.98257],[-118.20256,33.97969],[-118.20624,33.97957]]]},"properties":{"GEOID":"0604870","NAME":"Bell city","BASENAME":"Bell","STATE":"06","PLACE":"04870"}},{"type":"Feature","geometry":{"type":"Polygon","coordinates":[[[-118.17028,33.95416],[-118.1586,33.95189],[-118.15375,33.95582],[-118.13965,33.96346],[-118.13452,33.97027],[-118.12937,33.97099],[-118.13064,33.97329],[-118.13429,33.9725],[-118.15023,33.97426],[-118.14964,33.97765],[-118.16712,33.97936],[-118.16758,33.97182],[-118.1656,33.96811],[-118.1677,33.96635],[-118.16954,33.96248],[-118.17028,33.95416]]]},"properties":{"GEOID":"0604996","NAME":"Bell Gardens city","BASENAME":"Bell Gardens","STATE":"06","PLACE":"04996"}},{"type":"Feature","geometry":{"type":"Polygon","coordinates":[[[-118.0682,34.17295],[-118.06796,34.15682],[-118.03841,34.15726],[-118.03847,34.16688],[-118.02967,34.16685],[-118.02949,34.16745],[-118.03041,34.1711],[-118.03014,34.1794],[-118.06566,34.17933],[-118.06562,34.17239],[-118.0682,34.17295]]]},"properties":{"GEOID":"0671806","NAME":"Sierra Madre city","BASENAME":"Sierra Madre","STATE":"06","PLACE":"71806"}},{"type":"Feature","geometry":{"type":"Polygon","coordinates":[[[-118.36599,33.76234],[-118.36524,33.76093],[-118.36424,33.76096],[-118.36455,33.75945],[-118.35567,33.75608],[-118.35494,33.75374],[-118.35546,33.75333],[-118.35365,33.75091],[-118.35727,33.74708],[-118.35535,33.74376],[-118.35306,33.74578],[-118.35063,33.7436],[-118.34638,33.74232],[-118.34504,33.74505],[-118.33999,33.7428],[-118.3381,33.74594],[-118.33822,33.74764],[-118.33632,33.7479],[-118.33383,33.75105],[-118.33018,33.7515],[-118.33184,33.75573],[-118.33173,33.75829],[-118.33017,33.75884],[-118.33041,33.75992],[-118.33476,33.76111],[-118.33726,33.76392],[-118.33756,33.76347],[-118.33896,33.7658],[-118.336,33.76854],[-118.3339,33.76892],[-118.33269,33.77182],[-118.33857,33.77239],[-118.34845,33.77939],[-118.35107,33.77555],[-118.35069,33.77502],[-118.35192,33.77469],[-118.35971,33.76792],[-118.36328,33.76915],[-118.36582,33.76697],[-118.36468,33.76547],[-118.36567,33.76377],[-118.36524,33.76229],[-118.36599,33.76234]]]},"properties":{"GEOID":"0662602","NAME":"Rolling Hills city","BASENAME":"Rolling Hills","STATE":"06","PLACE":"62602"}},{"type":"Feature","geometry":{"type":"Polygon","coordinates":[[[-118.34665,33.31871],[-118.34666,33.31809],[-118.32674,33.31807],[-118.3269,33.32961],[-118.31769,33.33968],[-118.3177,33.33091],[-118.31599,33.32693],[-118.30983,33.3309],[-118.30249,33.33089],[-118.30605,33.33889],[-118.31253,33.34552],[-118.27942,33.38268],[-118.28581,33.38984],[-118.29309,33.39621],[-118.33023,33.35488],[-118.33207,33.35655],[-118.3354,33.35625],[-118.33572,33.35507],[-118.33147,33.3535],[-118.34351,33.34031],[-118.34665,33.31871]]]},"properties":{"GEOID":"0603274","NAME":"Avalon city","BASENAME":"Avalon","STATE":"06","PLACE":"03274"}},{"type":"Feature","geometry":{"type":"Polygon","coordinates":[[[-118.07035,34.0567],[-118.06987,34.05361],[-118.06872,34.05275],[-118.06873,34.05178],[-118.06755,34.05179],[-118.06695,34.05086],[-118.06653,34.05154],[-118.06507,34.05154],[-118.06505,34.05054],[-118.06108,34.05031],[-118.06107,34.04716],[-118.05999,34.04679],[-118.05996,34.04529],[-118.0578,34.0453],[-118.0578,34.04457],[-118.05677,34.04457],[-118.05677,34.04323],[-118.05344,34.04353],[-118.05343,34.04276],[-118.05167,34.04218],[-118.0509,34.04031],[-118.04901,34.03895],[-118.05155,34.0393],[-118.05551,34.03762],[-118.05449,34.03585],[-118.05315,34.03639],[-118.05248,34.03584],[-118.04982,34.03806],[-118.05015,34.03714],[-118.0489,34.03611],[-118.04606,34.03756],[-118.04537,34.03699],[-118.04539,34.03615],[-118.04849,34.03305],[-118.04573,34.03365],[-118.04479,34.03511],[-118.04324,34.03559],[-118.03809,34.03475],[-118.0281,34.03906],[-118.03143,34.04188],[-118.02989,34.04315],[-118.03078,34.04391],[-118.03036,34.04427],[-118.02923,34.04518],[-118.02835,34.04443],[-118.02603,34.04631],[-118.02772,34.04729],[-118.02819,34.0469],[-118.03413,34.05193],[-118.03485,34.05176],[-118.03413,34.05318],[-118.03463,34.05603],[-118.03655,34.05604],[-118.03816,34.05712],[-118.03814,34.0586],[-118.04084,34.05814],[-118.04516,34.05908],[-118.05348,34.05909],[-118.05348,34.05728],[-118.05489,34.05728],[-118.0549,34.05637],[-118.05564,34.05637],[-118.05639,34.0567],[-118.05639,34.05884],[-118.05817,34.05867],[-118.05822,34.05936],[-118.05785,34.06071],[-118.05676,34.06072],[-118.05618,34.06231],[-118.05531,34.06231],[-118.05546,34.06339],[-118.05965,34.06375],[-118.06004,34.06272],[-118.06099,34.06272],[-118.06098,34.06353],[-118.06355,34.06395],[-118.06525,34.06331],[-118.06653,34.06453],[-118.06821,34.06401],[-118.06857,34.06284],[-118.06745,34.0627],[-118.06961,34.06059],[-118.07035,34.0567]]]},"properties":{"GEOID":"0672996","NAME":"South El Monte city","BASENAME":"South El Monte","STATE":"06","PLACE":"72996"}},{"type":"Feature","geometry":{"type":"Polygon","coordinates":[[[-118.23902,33.9894],[-118.23895,33.97718],[-118.23765,33.97717],[-118.23763,33.97474],[-118.21754,33.97341],[-118.21762,33.97254],[-118.21074,33.97182],[-118.21195,33.96362],[-118.19235,33.96158],[-118.20092,33.969],[-118.20203,33.97064],[-118.19961,33.97039],[-118.19974,33.97156],[-118.20269,33.97186],[-118.20379,33.97577],[-118.20611,33.97602],[-118.20624,33.97957],[-118.20256,33.97969],[-118.20258,33.98257],[-118.18977,33.98187],[-118.18903,33.98638],[-118.19014,33.98661],[-118.19005,33.98719],[-118.20416,33.98907],[-118.20403,33.98309],[-118.2126,33.98405],[-118.21277,33.98967],[-118.215,33.98967],[-118.21505,33.99155],[-118.22362,33.99156],[-118.22363,33.99622],[-118.22969,33.99569],[-118.23028,33.98921],[-118.23902,33.9894]]]},"properties":{"GEOID":"0636056","NAME":"Huntington Park city","BASENAME":"Huntington Park","STATE":"06","PLACE":"36056"}},{"type":"Feature","geometry":{"type":"Polygon","coordinates":[[[-118.178,34.09901],[-118.14178,34.09877],[-118.14183,34.10414],[-118.13469,34.10409],[-118.1347,34.10573],[-118.13954,34.11252],[-118.13833,34.11256],[-118.13987,34.11391],[-118.1424,34.12069],[-118.14376,34.12101],[-118.14568,34.12378],[-118.14566,34.12205],[-118.14642,34.12397],[-118.14782,34.12506],[-118.14895,34.12566],[-118.15044,34.12402],[-118.16805,34.12392],[-118.16747,34.12111],[-118.16889,34.11992],[-118.16887,34.11784],[-118.17248,34.1138],[-118.17699,34.1122],[-118.17724,34.11046],[-118.17799,34.11032],[-118.178,34.09901]]]},"properties":{"GEOID":"0673220","NAME":"South Pasadena city","BASENAME":"South Pasadena","STATE":"06","PLACE":"73220"}},{"type":"Feature","geometry":{"type":"Polygon","coordinates":[[[-117.98535,34.0468],[-117.95279,34.02281],[-117.95403,34.02008],[-117.9487,34.0156],[-117.94431,34.01319],[-117.93842,34.01121],[-117.92519,34.00903],[-117.92088,34.01664],[-117.93174,34.01823],[-117.93234,34.01629],[-117.93807,34.01787],[-117.9369,34.02264],[-117.94378,34.02304],[-117.94357,34.02531],[-117.94462,34.02553],[-117.94331,34.02809],[-117.93854,34.02806],[-117.93797,34.03422],[-117.94101,34.03442],[-117.94032,34.04153],[-117.94424,34.04237],[-117.94516,34.04182],[-117.94506,34.04275],[-117.94589,34.04281],[-117.9477,34.04198],[-117.94735,34.04556],[-117.9489,34.04581],[-117.94249,34.05182],[-117.94406,34.05315],[-117.9482,34.0495],[-117.94934,34.05035],[-117.95188,34.04798],[-117.95054,34.04694],[-117.95122,34.04629],[-117.95047,34.04574],[-117.9528,34.04454],[-117.94959,34.04216],[-117.95366,34.03914],[-117.95444,34.03987],[-117.95488,34.03945],[-117.95375,34.03826],[-117.95856,34.03369],[-117.96804,34.04067],[-117.96312,34.04532],[-117.96728,34.04841],[-117.96727,34.04924],[-117.96856,34.04934],[-117.97261,34.05231],[-117.97057,34.05419],[-117.97534,34.05738],[-117.98121,34.05129],[-117.9819,34.05176],[-117.98254,34.05108],[-117.98176,34.05056],[-117.98535,34.0468]]]},"properties":{"GEOID":"0640340","NAME":"La Puente city","BASENAME":"La Puente","STATE":"06","PLACE":"40340"}},{"type":"Feature","geometry":{"type":"Polygon","coordinates":[[[-118.39328,33.76111],[-118.38854,33.7571],[-118.38398,33.75897],[-118.37877,33.75928],[-118.37865,33.76165],[-118.38072,33.76893],[-118.37784,33.7695],[-118.37529,33.77176],[-118.37045,33.76836],[-118.36712,33.76775],[-118.36417,33.76839],[-118.36272,33.77119],[-118.36005,33.77347],[-118.36264,33.77561],[-118.3625,33.77698],[-118.36358,33.77814],[-118.36168,33.78046],[-118.35756,33.7818],[-118.35697,33.78298],[-118.35421,33.78348],[-118.35389,33.78232],[-118.35259,33.78166],[-118.35242,33.78221],[-118.33841,33.77231],[-118.33269,33.77182],[-118.3339,33.76892],[-118.33717,33.76768],[-118.33655,33.7668],[-118.33342,33.7675],[-118.33301,33.76871],[-118.331,33.76957],[-118.33032,33.76865],[-118.33163,33.76822],[-118.33175,33.76691],[-118.32737,33.76702],[-118.32363,33.76845],[-118.32158,33.76508],[-118.31835,33.76491],[-118.31826,33.7757],[-118.31681,33.77743],[-118.31567,33.77711],[-118.31607,33.77798],[-118.31517,33.77874],[-118.31682,33.77873],[-118.31559,33.77956],[-118.31649,33.78094],[-118.31894,33.78168],[-118.31657,33.78365],[-118.32224,33.78587],[-118.3225,33.78508],[-118.32315,33.78587],[-118.32326,33.78252],[-118.33012,33.78343],[-118.32863,33.784],[-118.32842,33.78613],[-118.33128,33.78613],[-118.33136,33.78392],[-118.33301,33.78404],[-118.33297,33.78123],[-118.33365,33.78052],[-118.34048,33.78629],[-118.3406,33.78346],[-118.34227,33.77981],[-118.3469,33.78115],[-118.35099,33.78404],[-118.34579,33.78508],[-118.34202,33.78758],[-118.35105,33.79521],[-118.36714,33.79521],[-118.36865,33.79269],[-118.36782,33.79148],[-118.37191,33.78787],[-118.37259,33.78556],[-118.36895,33.78485],[-118.36569,33.78568],[-118.36508,33.78519],[-118.36473,33.78205],[-118.36342,33.77937],[-118.36457,33.77866],[-118.36455,33.77784],[-118.36334,33.77679],[-118.36325,33.7753],[-118.36129,33.77358],[-118.36405,33.76977],[-118.3646,33.76925],[-118.36586,33.76999],[-118.36591,33.77094],[-118.37177,33.77209],[-118.37469,33.77447],[-118.37489,33.77658],[-118.37163,33.77823],[-118.36986,33.78085],[-118.36975,33.78145],[-118.3719,33.78237],[-118.37284,33.78459],[-118.37471,33.77753],[-118.37814,33.77662],[-118.37893,33.77719],[-118.38174,33.77435],[-118.38376,33.77475],[-118.38339,33.77292],[-118.38197,33.77319],[-118.3808,33.76937],[-118.38679,33.76861],[-118.38854,33.76632],[-118.39081,33.76544],[-118.39328,33.76111]]]},"properties":{"GEOID":"0662644","NAME":"Rolling Hills Estates city","BASENAME":"Rolling Hills Estates","STATE":"06","PLACE":"62644"}},{"type":"Feature","geometry":{"type":"Polygon","coordinates":[[[-118.14199,34.11953],[-118.13987,34.11391],[-118.13833,34.11256],[-118.13954,34.11252],[-118.1353,34.10645],[-118.12794,34.11115],[-118.12172,34.10498],[-118.11679,34.11221],[-118.11488,34.11349],[-118.10857,34.11427],[-118.10855,34.11339],[-118.09965,34.11347],[-118.09803,34.11527],[-118.09119,34.11531],[-118.09128,34.122],[-118.09031,34.12337],[-118.0904,34.12481],[-118.08821,34.12556],[-118.08867,34.12691],[-118.08795,34.12706],[-118.09037,34.1269],[-118.09078,34.12612],[-118.09453,34.13693],[-118.11402,34.13686],[-118.11383,34.13294],[-118.11958,34.13255],[-118.13117,34.12968],[-118.13116,34.12646],[-118.12906,34.12303],[-118.12951,34.12167],[-118.1283,34.12051],[-118.12762,34.11814],[-118.13055,34.11727],[-118.13423,34.11739],[-118.14199,34.11953]]]},"properties":{"GEOID":"0668224","NAME":"San Marino city","BASENAME":"San Marino","STATE":"06","PLACE":"68224"}},{"type":"Feature","geometry":{"type":"Polygon","coordinates":[[[-118.08138,34.11351],[-118.08127,34.1056],[-118.0781,34.10559],[-118.07722,34.10488],[-118.0756,34.09814],[-118.07367,34.0971],[-118.07378,34.09058],[-118.05874,34.08561],[-118.05666,34.08536],[-118.05508,34.08933],[-118.0565,34.08949],[-118.05192,34.0902],[-118.05211,34.09098],[-118.05168,34.09034],[-118.04278,34.09158],[-118.04286,34.0924],[-118.04211,34.0925],[-118.04194,34.0917],[-118.03616,34.09256],[-118.03632,34.09333],[-118.03496,34.09381],[-118.03313,34.0935],[-118.03269,34.09648],[-118.02862,34.09707],[-118.02965,34.10286],[-118.02842,34.10304],[-118.02976,34.10337],[-118.03077,34.10718],[-118.03102,34.1064],[-118.03362,34.10581],[-118.0348,34.10667],[-118.03801,34.10528],[-118.03877,34.10519],[-118.03894,34.10615],[-118.05224,34.1042],[-118.05355,34.10756],[-118.05274,34.10794],[-118.05274,34.10952],[-118.05401,34.11141],[-118.05421,34.11369],[-118.05568,34.11386],[-118.05658,34.11834],[-118.06304,34.11741],[-118.06375,34.121],[-118.06822,34.12046],[-118.06821,34.11954],[-118.07388,34.11796],[-118.07382,34.11677],[-118.07319,34.11691],[-118.07372,34.11355],[-118.08138,34.11351]]]},"properties":{"GEOID":"0678148","NAME":"Temple City city","BASENAME":"Temple City","STATE":"06","PLACE":"78148"}},{"type":"Feature","geometry":{"type":"Polygon","coordinates":[[[-118.47501,33.88716],[-118.45538,33.861],[-118.40719,33.87775],[-118.40693,33.87722],[-118.40486,33.87782],[-118.40454,33.87715],[-118.40312,33.87765],[-118.40276,33.87705],[-118.39596,33.8771],[-118.39595,33.87287],[-118.37995,33.87283],[-118.38002,33.87965],[-118.37867,33.88007],[-118.3787,33.90191],[-118.41748,33.90177],[-118.41962,33.90614],[-118.47501,33.88716]]]},"properties":{"GEOID":"0645400","NAME":"Manhattan Beach city","BASENAME":"Manhattan Beach","STATE":"06","PLACE":"45400"}},{"type":"Feature","geometry":{"type":"Polygon","coordinates":[[[-118.12108,34.10548],[-118.11687,34.10732],[-118.11578,34.10673],[-118.11295,34.10162],[-118.11294,34.10035],[-118.11378,34.09996],[-118.11269,34.09373],[-118.1084,34.09544],[-118.10819,34.07165],[-118.09954,34.0712],[-118.09954,34.07233],[-118.0871,34.07237],[-118.08719,34.07486],[-118.08891,34.07485],[-118.08885,34.07648],[-118.08783,34.07657],[-118.08788,34.08028],[-118.08351,34.08045],[-118.08775,34.08551],[-118.08821,34.09174],[-118.08722,34.09174],[-118.08727,34.09531],[-118.0891,34.09732],[-118.0891,34.0987],[-118.08672,34.09856],[-118.0861,34.09789],[-118.08668,34.09691],[-118.08493,34.09653],[-118.08372,34.09697],[-118.08374,34.09844],[-118.08242,34.09896],[-118.08224,34.09366],[-118.08143,34.0934],[-118.08147,34.09944],[-118.07789,34.09896],[-118.07789,34.10155],[-118.07721,34.10169],[-118.07722,34.10488],[-118.0781,34.10559],[-118.08127,34.1056],[-118.08138,34.11351],[-118.0823,34.11351],[-118.08221,34.10637],[-118.08332,34.10636],[-118.08332,34.10584],[-118.0822,34.10619],[-118.08221,34.10404],[-118.085,34.10395],[-118.085,34.10525],[-118.08812,34.10523],[-118.08797,34.10393],[-118.09016,34.10432],[-118.09036,34.10522],[-118.08857,34.10523],[-118.08859,34.10623],[-118.08659,34.10625],[-118.08663,34.1081],[-118.0909,34.10807],[-118.09104,34.11411],[-118.08987,34.11411],[-118.08988,34.11468],[-118.09119,34.11468],[-118.09119,34.11531],[-118.09803,34.11527],[-118.09965,34.11347],[-118.10855,34.11339],[-118.10857,34.11427],[-118.11488,34.11349],[-118.11679,34.11221],[-118.12108,34.10548]],[[-118.09033,34.1023],[-118.08974,34.10292],[-118.08474,34.10303],[-118.08229,34.1024],[-118.08228,34.1016],[-118.08377,34.10158],[-118.08228,34.10134],[-118.08229,34.10051],[-118.08495,34.10047],[-118.08553,34.09908],[-118.08613,34.09969],[-118.0897,34.09953],[-118.08921,34.10019],[-118.08973,34.10224],[-118.09033,34.1023]],[[-118.08376,34.09978],[-118.08229,34.10001],[-118.08229,34.09916],[-118.08376,34.09978]],[[-118.08148,34.10107],[-118.08044,34.10125],[-118.08125,34.10268],[-118.07955,34.10268],[-118.07953,34.09991],[-118.08147,34.09993],[-118.08148,34.10107]]]},"properties":{"GEOID":"0667042","NAME":"San Gabriel city","BASENAME":"San Gabriel","STATE":"06","PLACE":"67042"}},{"type":"Feature","geometry":{"type":"Polygon","coordinates":[[[-118.48777,33.77987],[-118.48544,33.75345],[-118.40367,33.76425],[-118.4037,33.78175],[-118.38711,33.78177],[-118.38421,33.79342],[-118.3809,33.79343],[-118.37854,33.79547],[-118.3717,33.79471],[-118.36923,33.79516],[-118.36884,33.79415],[-118.3675,33.79415],[-118.36714,33.79521],[-118.35105,33.79521],[-118.3617,33.80417],[-118.48324,33.80441],[-118.48448,33.80315],[-118.48777,33.77987]]]},"properties":{"GEOID":"0655380","NAME":"Palos Verdes Estates city","BASENAME":"Palos Verdes Estates","STATE":"06","PLACE":"55380"}},{"type":"Feature","geometry":{"type":"Polygon","coordinates":[[[-118.18812,33.89488],[-118.18572,33.89474],[-118.18529,33.89624],[-118.18237,33.89621],[-118.18159,33.89262],[-118.17995,33.89273],[-118.1824,33.88911],[-118.1841,33.88914],[-118.18433,33.89255],[-118.1869,33.89253],[-118.18805,33.88544],[-118.17744,33.88536],[-118.17743,33.88195],[-118.15132,33.88199],[-118.15129,33.87981],[-118.14696,33.87982],[-118.14697,33.88931],[-118.14274,33.88933],[-118.14293,33.90247],[-118.1535,33.90737],[-118.14922,33.9137],[-118.15624,33.91704],[-118.15838,33.91388],[-118.15785,33.91362],[-118.15902,33.90992],[-118.16801,33.91417],[-118.1684,33.91215],[-118.17326,33.9118],[-118.17294,33.91314],[-118.16982,33.91317],[-118.16928,33.91477],[-118.17868,33.91871],[-118.18078,33.90872],[-118.18531,33.90468],[-118.18779,33.90361],[-118.18695,33.90179],[-118.18812,33.89488]]]},"properties":{"GEOID":"0655618","NAME":"Paramount city","BASENAME":"Paramount","STATE":"06","PLACE":"55618"}},{"type":"Feature","geometry":{"type":"Polygon","coordinates":[[[-118.44847,33.99336],[-118.44702,33.99052],[-118.43717,33.99528],[-118.43246,33.99145],[-118.43087,33.98919],[-118.42972,33.98976],[-118.4311,33.99638],[-118.41967,33.99761],[-118.41606,34.0005],[-118.41436,34.00366],[-118.40964,34.0005],[-118.40908,34.00121],[-118.40589,33.99924],[-118.40277,34.00347],[-118.39982,34.00161],[-118.4008,34.00142],[-118.40159,33.99996],[-118.40098,33.99912],[-118.40282,33.99583],[-118.40786,33.99212],[-118.40515,33.9905],[-118.4062,33.9894],[-118.40124,33.98639],[-118.39867,33.98802],[-118.39489,33.98385],[-118.39846,33.98316],[-118.39765,33.98207],[-118.38665,33.97691],[-118.38565,33.97856],[-118.38477,33.97848],[-118.37893,33.98885],[-118.379,33.99229],[-118.38252,33.99094],[-118.38248,33.98895],[-118.38801,33.98891],[-118.38361,33.99217],[-118.38606,33.99348],[-118.38513,33.9965],[-118.38403,33.99625],[-118.38271,34.0004],[-118.39099,34.00167],[-118.38733,34.00969],[-118.38522,34.01261],[-118.37962,34.01151],[-118.37309,34.01191],[-118.37407,34.01513],[-118.37267,34.01836],[-118.37797,34.01802],[-118.38135,34.02069],[-118.37793,34.02124],[-118.3767,34.02399],[-118.37637,34.02585],[-118.3771,34.02623],[-118.37622,34.02865],[-118.37364,34.03042],[-118.3719,34.02993],[-118.36958,34.03508],[-118.3864,34.02891],[-118.38717,34.0294],[-118.39835,34.02292],[-118.39745,34.02166],[-118.3988,34.02086],[-118.40129,34.02109],[-118.40048,34.0199],[-118.40546,34.01685],[-118.40686,34.01857],[-118.42141,34.01032],[-118.42009,34.00865],[-118.41923,34.0091],[-118.41734,34.00675],[-118.42125,34.00442],[-118.41824,34.00062],[-118.4204,33.99869],[-118.42598,33.99807],[-118.42849,34.00134],[-118.43084,34.0001],[-118.43033,33.99945],[-118.44246,33.9936],[-118.44335,33.99532],[-118.44847,33.99336]]]},"properties":{"GEOID":"0617568","NAME":"Culver City city","BASENAME":"Culver City","STATE":"06","PLACE":"17568"}},{"type":"Feature","geometry":{"type":"Polygon","coordinates":[[[-118.23974,34.01349],[-118.23791,33.98933],[-118.23028,33.98921],[-118.22969,33.99569],[-118.22363,33.99622],[-118.22362,33.99156],[-118.21505,33.99155],[-118.215,33.98967],[-118.21277,33.98967],[-118.2126,33.98405],[-118.20403,33.98309],[-118.20466,33.99665],[-118.20343,33.99667],[-118.18586,33.99394],[-118.18421,33.99424],[-118.17807,33.98995],[-118.17843,33.9895],[-118.17557,33.98671],[-118.17255,33.98648],[-118.17735,33.99111],[-118.17597,33.99255],[-118.17793,33.99556],[-118.17696,33.99566],[-118.17777,33.99701],[-118.17512,33.9981],[-118.17139,33.99692],[-118.17012,33.99955],[-118.17416,34.00091],[-118.18204,34.00565],[-118.19347,34.00952],[-118.19213,34.01292],[-118.20506,34.01452],[-118.20503,34.01263],[-118.20704,34.01278],[-118.20817,34.01501],[-118.2127,34.01498],[-118.2127,34.01429],[-118.21728,34.01564],[-118.21715,34.01497],[-118.23971,34.01471],[-118.23974,34.01349]],[[-118.2077,34.00882],[-118.20461,34.00903],[-118.20445,34.00208],[-118.20482,34.00638],[-118.20766,34.00633],[-118.2077,34.00882]]]},"properties":{"GEOID":"0682422","NAME":"Vernon city","BASENAME":"Vernon","STATE":"06","PLACE":"82422"}},{"type":"Feature","geometry":{"type":"Polygon","coordinates":[[[-118.23032,33.929],[-118.22881,33.92268],[-118.22458,33.92313],[-118.22444,33.9223],[-118.21994,33.9223],[-118.21994,33.92303],[-118.21864,33.92176],[-118.21694,33.91231],[-118.21383,33.91312],[-118.20643,33.91054],[-118.20581,33.91267],[-118.19843,33.91057],[-118.19998,33.90668],[-118.19702,33.90638],[-118.19502,33.91124],[-118.19389,33.91093],[-118.19579,33.90633],[-118.19025,33.90582],[-118.18931,33.90734],[-118.18674,33.90707],[-118.18705,33.90537],[-118.1854,33.90464],[-118.18178,33.90743],[-118.1803,33.90971],[-118.17683,33.93068],[-118.18293,33.93078],[-118.1818,33.93437],[-118.21086,33.93706],[-118.21053,33.93983],[-118.21379,33.94017],[-118.21311,33.94504],[-118.21677,33.94544],[-118.21419,33.93692],[-118.22325,33.93784],[-118.22302,33.93976],[-118.22691,33.94017],[-118.22748,33.94309],[-118.2295,33.9431],[-118.22865,33.93901],[-118.22921,33.93733],[-118.22677,33.9371],[-118.22558,33.92939],[-118.23032,33.929]]]},"properties":{"GEOID":"0644574","NAME":"Lynwood city","BASENAME":"Lynwood","STATE":"06","PLACE":"44574"}},{"type":"Feature","geometry":{"type":"Polygon","coordinates":[[[-118.49634,33.91616],[-118.49278,33.91134],[-118.48894,33.90416],[-118.47501,33.88716],[-118.41962,33.90614],[-118.41748,33.90177],[-118.3787,33.90191],[-118.37839,33.91638],[-118.37434,33.91631],[-118.37433,33.91719],[-118.37653,33.91718],[-118.37653,33.92001],[-118.37837,33.92001],[-118.37873,33.9309],[-118.42505,33.93129],[-118.42877,33.93089],[-118.42875,33.9272],[-118.42767,33.9272],[-118.42766,33.92358],[-118.42657,33.92358],[-118.42657,33.92177],[-118.4244,33.92177],[-118.42439,33.91996],[-118.42222,33.91996],[-118.42222,33.91633],[-118.49634,33.91616]]]},"properties":{"GEOID":"0622412","NAME":"El Segundo city","BASENAME":"El Segundo","STATE":"06","PLACE":"22412"}},{"type":"Feature","geometry":{"type":"Polygon","coordinates":[[[-118.10811,34.06256],[-118.10803,34.05534],[-118.10571,34.05534],[-118.10326,34.05313],[-118.10135,34.05374],[-118.10062,34.05537],[-118.09113,34.054],[-118.09112,34.05313],[-118.09253,34.05215],[-118.08833,34.0512],[-118.08831,34.05],[-118.08617,34.04999],[-118.08617,34.04813],[-118.084,34.04813],[-118.08398,34.04451],[-118.08182,34.04366],[-118.08318,34.0427],[-118.08397,34.04269],[-118.08405,34.04355],[-118.08552,34.04354],[-118.08586,34.04248],[-118.08902,34.0438],[-118.09058,34.04019],[-118.08258,34.03802],[-118.0823,34.03491],[-118.08114,34.03441],[-118.07789,34.0356],[-118.08076,34.0394],[-118.07964,34.04003],[-118.07815,34.03942],[-118.07748,34.04111],[-118.07847,34.04111],[-118.08009,34.04407],[-118.08216,34.04408],[-118.08186,34.04997],[-118.07968,34.04996],[-118.07857,34.05361],[-118.07526,34.0536],[-118.07528,34.05722],[-118.07026,34.05724],[-118.06961,34.06059],[-118.06745,34.0627],[-118.06983,34.06283],[-118.06892,34.06389],[-118.06899,34.06567],[-118.06776,34.06535],[-118.07223,34.06968],[-118.07293,34.07227],[-118.05577,34.07245],[-118.05597,34.0847],[-118.05681,34.08498],[-118.0577,34.08274],[-118.05942,34.0833],[-118.05941,34.08129],[-118.06308,34.08119],[-118.06184,34.08663],[-118.08726,34.09502],[-118.08722,34.09174],[-118.08821,34.09174],[-118.08775,34.08551],[-118.08351,34.08045],[-118.08788,34.08028],[-118.08783,34.07657],[-118.08885,34.07648],[-118.08891,34.07485],[-118.08719,34.07486],[-118.0871,34.07237],[-118.09954,34.07233],[-118.09954,34.0712],[-118.10746,34.07156],[-118.10797,34.06985],[-118.10735,34.06977],[-118.10714,34.06441],[-118.1073,34.06257],[-118.10811,34.06256]]]},"properties":{"GEOID":"0662896","NAME":"Rosemead city","BASENAME":"Rosemead","STATE":"06","PLACE":"62896"}},{"type":"Feature","geometry":{"type":"Polygon","coordinates":[[[-118.85647,34.12676],[-118.85573,34.12461],[-118.85619,34.12355],[-118.85194,34.11986],[-118.85079,34.11783],[-118.85063,34.11668],[-118.85306,34.11471],[-118.852,34.11313],[-118.85352,34.11294],[-118.85395,34.11191],[-118.84765,34.11032],[-118.8088,34.13199],[-118.79281,34.14604],[-118.78889,34.16821],[-118.85647,34.12676]]]},"properties":{"GEOID":"0684438","NAME":"Westlake Village city","BASENAME":"Westlake Village","STATE":"06","PLACE":"84438"}},{"type":"Feature","geometry":{"type":"Polygon","coordinates":[[[-118.32654,33.88399],[-118.32649,33.88282],[-118.31348,33.88706],[-118.31345,33.87294],[-118.30912,33.87294],[-118.30915,33.86561],[-118.29932,33.8657],[-118.29914,33.87053],[-118.29436,33.87052],[-118.2945,33.86647],[-118.29806,33.86642],[-118.29807,33.86555],[-118.29197,33.86554],[-118.29053,33.86641],[-118.29179,33.89412],[-118.29161,33.91642],[-118.3265,33.91645],[-118.32654,33.88399]]]},"properties":{"GEOID":"0628168","NAME":"Gardena city","BASENAME":"Gardena","STATE":"06","PLACE":"28168"}},{"type":"Feature","geometry":{"type":"Polygon","coordinates":[[[-118.42704,34.09063],[-118.42696,34.08304],[-118.42278,34.08309],[-118.42279,34.07996],[-118.42383,34.07974],[-118.42277,34.07705],[-118.42329,34.07569],[-118.42093,34.07543],[-118.41964,34.07265],[-118.41846,34.07236],[-118.41639,34.06887],[-118.41725,34.06838],[-118.41351,34.06316],[-118.41417,34.06284],[-118.4122,34.0601],[-118.41155,34.06043],[-118.40611,34.05278],[-118.40557,34.05296],[-118.40612,34.05414],[-118.40528,34.0544],[-118.40593,34.05483],[-118.40592,34.0571],[-118.38367,34.0571],[-118.38353,34.06294],[-118.37733,34.06295],[-118.37727,34.05952],[-118.37601,34.05961],[-118.37224,34.0622],[-118.37203,34.06387],[-118.37576,34.0701],[-118.37618,34.06934],[-118.38373,34.06968],[-118.38376,34.07212],[-118.3907,34.07208],[-118.39072,34.0765],[-118.38973,34.07649],[-118.38975,34.08849],[-118.39585,34.09062],[-118.39591,34.09501],[-118.3965,34.09507],[-118.39651,34.09618],[-118.39541,34.09617],[-118.39208,34.09905],[-118.39238,34.10631],[-118.39057,34.1092],[-118.39114,34.11242],[-118.39658,34.11241],[-118.39658,34.11164],[-118.40007,34.11093],[-118.39867,34.10875],[-118.40104,34.10874],[-118.40089,34.09399],[-118.40242,34.09367],[-118.40532,34.0963],[-118.40541,34.10146],[-118.40869,34.10151],[-118.40864,34.09715],[-118.40944,34.09486],[-118.41147,34.0935],[-118.41175,34.09225],[-118.41393,34.09427],[-118.42274,34.09432],[-118.42266,34.09064],[-118.42704,34.09063]]]},"properties":{"GEOID":"0606308","NAME":"Beverly Hills city","BASENAME":"Beverly Hills","STATE":"06","PLACE":"06308"}},{"type":"Feature","geometry":{"type":"Polygon","coordinates":[[[-117.993,33.94993],[-117.98889,33.9497],[-117.98819,33.95055],[-117.98653,33.94966],[-117.96525,33.94969],[-117.96514,33.94858],[-117.96669,33.94606],[-117.96478,33.94605],[-117.96469,33.94858],[-117.96228,33.94973],[-117.95412,33.9497],[-117.95346,33.94811],[-117.95422,33.94821],[-117.95429,33.94607],[-117.92915,33.94608],[-117.92705,33.94797],[-117.9259,33.94761],[-117.92742,33.94608],[-117.92582,33.94608],[-117.91639,33.96875],[-117.94961,33.97646],[-117.94961,33.97464],[-117.95791,33.97255],[-117.96878,33.97257],[-117.97666,33.97483],[-117.97657,33.9648],[-117.98363,33.96501],[-117.98386,33.96404],[-117.98211,33.96076],[-117.98329,33.9608],[-117.98372,33.95978],[-117.98078,33.95781],[-117.993,33.94993]]]},"properties":{"GEOID":"0639304","NAME":"La Habra Heights city","BASENAME":"La Habra Heights","STATE":"06","PLACE":"39304"}},{"type":"Feature","geometry":{"type":"Polygon","coordinates":[[[-118.15131,33.87617],[-118.15124,33.86892],[-118.11431,33.86897],[-118.11428,33.86557],[-118.10843,33.86559],[-118.10854,33.87272],[-118.10691,33.87271],[-118.10853,33.87945],[-118.10813,33.9021],[-118.10935,33.90982],[-118.13409,33.90976],[-118.13823,33.90896],[-118.1424,33.91045],[-118.14274,33.88933],[-118.14697,33.88931],[-118.14696,33.87982],[-118.15129,33.87981],[-118.15131,33.87617]]]},"properties":{"GEOID":"0604982","NAME":"Bellflower city","BASENAME":"Bellflower","STATE":"06","PLACE":"04982"}},{"type":"Feature","geometry":{"type":"Polygon","coordinates":[[[-118.46915,33.81868],[-118.47026,33.81756],[-118.38831,33.81523],[-118.38791,33.81461],[-118.38537,33.81625],[-118.38596,33.81667],[-118.38509,33.81761],[-118.38538,33.81892],[-118.38443,33.81902],[-118.3796,33.81647],[-118.37443,33.81566],[-118.37442,33.8274],[-118.37285,33.82727],[-118.37837,33.85495],[-118.37506,33.85615],[-118.37549,33.85826],[-118.35331,33.85877],[-118.3582,33.86249],[-118.35896,33.86554],[-118.35246,33.86553],[-118.35251,33.87432],[-118.35471,33.87285],[-118.36129,33.87286],[-118.36129,33.89465],[-118.37872,33.89465],[-118.37867,33.88007],[-118.38002,33.87965],[-118.37995,33.87283],[-118.39137,33.87281],[-118.38587,33.86441],[-118.38473,33.85667],[-118.44665,33.83629],[-118.45054,33.83227],[-118.46915,33.81868]]]},"properties":{"GEOID":"0660018","NAME":"Redondo Beach city","BASENAME":"Redondo Beach","STATE":"06","PLACE":"60018"}},{"type":"Feature","geometry":{"type":"Polygon","coordinates":[[[-118.37874,33.89872],[-118.37872,33.89465],[-118.36586,33.89464],[-118.36888,33.89701],[-118.36129,33.89702],[-118.36126,33.90144],[-118.35898,33.90145],[-118.35855,33.90055],[-118.35856,33.90235],[-118.35361,33.90231],[-118.35237,33.90129],[-118.35144,33.90243],[-118.34383,33.90243],[-118.34438,33.89339],[-118.34232,33.8934],[-118.34231,33.89466],[-118.33517,33.89466],[-118.33518,33.89829],[-118.333,33.89829],[-118.33301,33.89734],[-118.33158,33.89734],[-118.32649,33.90181],[-118.32651,33.9092],[-118.33399,33.9092],[-118.33398,33.91077],[-118.33516,33.91075],[-118.33488,33.91284],[-118.3265,33.91282],[-118.3265,33.91645],[-118.31431,33.91645],[-118.31459,33.91854],[-118.31779,33.91768],[-118.31777,33.92172],[-118.31339,33.92353],[-118.31339,33.93071],[-118.32222,33.9308],[-118.32222,33.92919],[-118.32625,33.92919],[-118.32576,33.92668],[-118.32643,33.92607],[-118.33332,33.92533],[-118.3366,33.92598],[-118.33736,33.92948],[-118.33628,33.92948],[-118.3363,33.93094],[-118.34413,33.93094],[-118.34607,33.93205],[-118.3461,33.93277],[-118.34716,33.93277],[-118.34714,33.93404],[-118.34931,33.93375],[-118.34882,33.93264],[-118.35271,33.93358],[-118.35273,33.93452],[-118.35587,33.93452],[-118.3559,33.93348],[-118.36021,33.93227],[-118.3613,33.93274],[-118.36183,33.93095],[-118.36839,33.93095],[-118.36837,33.92902],[-118.36706,33.92902],[-118.3678,33.9281],[-118.36814,33.92412],[-118.36564,33.92368],[-118.36562,33.91794],[-118.36833,33.91675],[-118.36906,33.9171],[-118.36919,33.91648],[-118.36124,33.91642],[-118.36186,33.91465],[-118.36125,33.91036],[-118.36213,33.91036],[-118.36127,33.90777],[-118.36174,33.9028],[-118.36503,33.90234],[-118.36503,33.9037],[-118.36582,33.9037],[-118.36582,33.90234],[-118.36938,33.90234],[-118.36999,33.90406],[-118.36999,33.91632],[-118.37839,33.91638],[-118.37874,33.89872]]]},"properties":{"GEOID":"0632548","NAME":"Hawthorne city","BASENAME":"Hawthorne","STATE":"06","PLACE":"32548"}},{"type":"Feature","geometry":{"type":"Polygon","coordinates":[[[-117.99018,34.12307],[-117.99054,34.12212],[-117.98783,34.12138],[-117.98541,34.12611],[-117.98237,34.1268],[-117.97864,34.12641],[-117.97863,34.12507],[-117.97465,34.12502],[-117.96975,34.12905],[-117.96974,34.13222],[-117.96004,34.13222],[-117.96003,34.13608],[-117.94878,34.13592],[-117.94631,34.13796],[-117.94433,34.13784],[-117.9397,34.14054],[-117.92963,34.15092],[-117.93455,34.15403],[-117.93795,34.15233],[-117.93794,34.15435],[-117.94234,34.15434],[-117.94232,34.16522],[-117.9248,34.16531],[-117.92511,34.19396],[-117.95995,34.1942],[-117.95974,34.17959],[-117.9425,34.17948],[-117.94233,34.16689],[-117.94362,34.16689],[-117.94363,34.16524],[-117.95956,34.16516],[-117.95964,34.15204],[-117.95128,34.15074],[-117.95128,34.14369],[-117.9666,34.14373],[-117.96726,34.14782],[-117.96902,34.1461],[-117.969,34.14371],[-117.97975,34.14323],[-117.97975,34.14045],[-117.98058,34.14045],[-117.98059,34.13958],[-117.98629,34.13957],[-117.98634,34.13215],[-117.99018,34.12307]]]},"properties":{"GEOID":"0619990","NAME":"Duarte city","BASENAME":"Duarte","STATE":"06","PLACE":"19990"}},{"type":"Feature","geometry":{"type":"Polygon","coordinates":[[[-118.00773,34.05799],[-118.00356,34.0551],[-118.00027,34.06167],[-117.99094,34.06229],[-117.9903,34.06296],[-117.98583,34.06318],[-117.98529,34.06238],[-117.97798,34.06294],[-117.97596,34.06502],[-117.97582,34.06418],[-117.97313,34.06391],[-117.97066,34.06603],[-117.96952,34.06465],[-117.97042,34.06381],[-117.96693,34.06161],[-117.96593,34.06256],[-117.96714,34.06346],[-117.96471,34.06577],[-117.96285,34.06544],[-117.96144,34.06677],[-117.96364,34.06839],[-117.9632,34.06883],[-117.96165,34.06933],[-117.95996,34.06818],[-117.95599,34.07192],[-117.95834,34.07367],[-117.95658,34.07531],[-117.95424,34.07358],[-117.94792,34.07948],[-117.9459,34.07935],[-117.94557,34.08296],[-117.94449,34.08296],[-117.94418,34.08611],[-117.94521,34.08664],[-117.94489,34.09019],[-117.94879,34.08932],[-117.94909,34.09234],[-117.95194,34.09141],[-117.95465,34.08906],[-117.95478,34.09234],[-117.95355,34.09235],[-117.95351,34.09589],[-117.95476,34.096],[-117.95479,34.09961],[-117.94298,34.09975],[-117.94296,34.10693],[-117.97804,34.10665],[-117.97801,34.09938],[-117.98456,34.09927],[-117.98458,34.09201],[-117.98241,34.09202],[-117.98238,34.08134],[-118.00146,34.07687],[-118.00773,34.05799]]]},"properties":{"GEOID":"0603666","NAME":"Baldwin Park city","BASENAME":"Baldwin Park","STATE":"06","PLACE":"03666"}},{"type":"Feature","geometry":{"type":"Polygon","coordinates":[[[-118.19343,34.00962],[-118.18204,34.00565],[-118.17416,34.00091],[-118.15207,33.99222],[-118.15281,33.9907],[-118.16094,33.99193],[-118.16167,33.98727],[-118.17025,33.98816],[-118.16805,33.98385],[-118.16705,33.97936],[-118.14964,33.97765],[-118.15023,33.97426],[-118.13429,33.9725],[-118.13064,33.97329],[-118.12937,33.97099],[-118.125,33.9712],[-118.12128,33.97297],[-118.13422,33.98566],[-118.1333,33.98713],[-118.12854,33.98554],[-118.12523,33.99117],[-118.12986,33.99305],[-118.12822,34.00175],[-118.12982,34.00242],[-118.12708,34.00736],[-118.12771,34.00742],[-118.12746,34.00804],[-118.14754,34.00977],[-118.14624,34.01808],[-118.15365,34.01963],[-118.15866,34.01072],[-118.1759,34.01827],[-118.1759,34.01153],[-118.18124,34.01204],[-118.18129,34.01566],[-118.19223,34.01655],[-118.19142,34.01286],[-118.19213,34.01292],[-118.19343,34.00962]]]},"properties":{"GEOID":"0614974","NAME":"Commerce city","BASENAME":"Commerce","STATE":"06","PLACE":"14974"}},{"type":"Feature","geometry":{"type":"Polygon","coordinates":[[[-118.23148,33.96094],[-118.22691,33.94017],[-118.22302,33.93976],[-118.22325,33.93784],[-118.21419,33.93692],[-118.21683,33.94502],[-118.21311,33.94504],[-118.21379,33.94017],[-118.21053,33.93983],[-118.21086,33.93706],[-118.1818,33.93437],[-118.18293,33.93078],[-118.17417,33.93056],[-118.17618,33.91799],[-118.16928,33.91477],[-118.16982,33.91317],[-118.17294,33.91314],[-118.17326,33.9118],[-118.1684,33.91215],[-118.16801,33.91417],[-118.15902,33.90992],[-118.15785,33.91362],[-118.15838,33.91388],[-118.15624,33.91704],[-118.17042,33.92361],[-118.1678,33.92609],[-118.16828,33.92722],[-118.16758,33.92831],[-118.16697,33.92688],[-118.1663,33.92751],[-118.16421,33.92647],[-118.16172,33.92849],[-118.16348,33.93289],[-118.16508,33.93298],[-118.16608,33.93537],[-118.16594,33.93855],[-118.16218,33.94234],[-118.15625,33.95104],[-118.16388,33.95327],[-118.17342,33.95435],[-118.17315,33.95632],[-118.17792,33.95683],[-118.17764,33.95772],[-118.17952,33.95792],[-118.17976,33.95648],[-118.17844,33.95635],[-118.17965,33.9551],[-118.18528,33.95564],[-118.19278,33.96162],[-118.22443,33.96538],[-118.22456,33.9662],[-118.22569,33.96545],[-118.22568,33.96367],[-118.22297,33.95903],[-118.22548,33.9593],[-118.22965,33.9612],[-118.23148,33.96094]]]},"properties":{"GEOID":"0673080","NAME":"South Gate city","BASENAME":"South Gate","STATE":"06","PLACE":"73080"}},{"type":"Feature","geometry":{"type":"Polygon","coordinates":[[[-117.9271,34.08671],[-117.92338,34.08657],[-117.92134,34.08891],[-117.91659,34.08843],[-117.91656,34.08465],[-117.90777,34.08459],[-117.90776,34.08631],[-117.90337,34.08628],[-117.9033,34.07547],[-117.8989,34.07543],[-117.8989,34.07361],[-117.8924,34.07358],[-117.89231,34.07721],[-117.89017,34.07718],[-117.89015,34.07527],[-117.8814,34.07521],[-117.88139,34.07348],[-117.87419,34.07345],[-117.86994,34.07579],[-117.86976,34.07457],[-117.86579,34.07321],[-117.86627,34.07215],[-117.86751,34.07178],[-117.86332,34.07057],[-117.85987,34.06853],[-117.8566,34.06835],[-117.85627,34.06873],[-117.85813,34.07004],[-117.85836,34.07244],[-117.85984,34.0719],[-117.86011,34.07373],[-117.85876,34.07381],[-117.85888,34.07457],[-117.86044,34.07582],[-117.8603,34.07821],[-117.861,34.07868],[-117.85869,34.07912],[-117.85909,34.08072],[-117.85718,34.0807],[-117.85719,34.08164],[-117.85265,34.08165],[-117.85193,34.08068],[-117.85338,34.07921],[-117.85143,34.0775],[-117.85186,34.0767],[-117.85098,34.07731],[-117.84717,34.07552],[-117.84493,34.07788],[-117.84385,34.07786],[-117.84334,34.07833],[-117.84406,34.0788],[-117.84188,34.08093],[-117.84467,34.08209],[-117.85341,34.08265],[-117.85397,34.08368],[-117.85348,34.0862],[-117.85114,34.08628],[-117.85116,34.08769],[-117.84724,34.08927],[-117.84684,34.09046],[-117.84758,34.09219],[-117.8464,34.09311],[-117.84813,34.09357],[-117.84812,34.0921],[-117.84991,34.09117],[-117.84993,34.09385],[-117.84814,34.09384],[-117.84814,34.09461],[-117.84638,34.09464],[-117.84637,34.09581],[-117.84475,34.09582],[-117.84544,34.09339],[-117.84073,34.09579],[-117.84418,34.09582],[-117.84418,34.09941],[-117.84857,34.09941],[-117.84507,34.10064],[-117.84506,34.10174],[-117.84635,34.10175],[-117.84635,34.10304],[-117.848,34.10304],[-117.84795,34.10418],[-117.84637,34.10492],[-117.84855,34.10486],[-117.84854,34.10304],[-117.85508,34.10304],[-117.85506,34.09764],[-117.85623,34.09762],[-117.85632,34.0994],[-117.86161,34.09942],[-117.86162,34.10304],[-117.866,34.10326],[-117.86598,34.10122],[-117.86816,34.10123],[-117.86816,34.09934],[-117.87019,34.09942],[-117.87035,34.0948],[-117.87263,34.09481],[-117.87297,34.09384],[-117.87628,34.09386],[-117.87628,34.09572],[-117.87246,34.09573],[-117.87246,34.09648],[-117.8716,34.09648],[-117.8725,34.09871],[-117.87161,34.09871],[-117.87148,34.10025],[-117.87249,34.10025],[-117.8725,34.09943],[-117.87717,34.09943],[-117.87722,34.10294],[-117.8725,34.10294],[-117.87251,34.10487],[-117.87035,34.10486],[-117.87035,34.10304],[-117.8693,34.10304],[-117.86927,34.10461],[-117.86816,34.10469],[-117.86816,34.10574],[-117.86924,34.10574],[-117.86924,34.10646],[-117.88031,34.1054],[-117.88149,34.10614],[-117.88308,34.10595],[-117.88329,34.10671],[-117.91421,34.10703],[-117.91435,34.10327],[-117.91092,34.10316],[-117.91657,34.10046],[-117.91657,34.09959],[-117.91366,34.09956],[-117.91438,34.09217],[-117.91658,34.09268],[-117.92318,34.09221],[-117.92319,34.09291],[-117.92541,34.09294],[-117.92541,34.08954],[-117.92685,34.0896],[-117.9271,34.08671]],[[-117.90558,34.09861],[-117.90557,34.0994],[-117.90335,34.09939],[-117.90334,34.1004],[-117.8946,34.10067],[-117.8946,34.09952],[-117.89657,34.09951],[-117.89658,34.09573],[-117.89786,34.09573],[-117.89789,34.09213],[-117.9023,34.09213],[-117.90227,34.09525],[-117.90166,34.09573],[-117.90556,34.09572],[-117.90558,34.09861]],[[-117.89501,34.09666],[-117.8946,34.09934],[-117.89078,34.09941],[-117.89144,34.09843],[-117.8914,34.0975],[-117.89056,34.0975],[-117.89135,34.09666],[-117.89077,34.09574],[-117.89501,34.09572],[-117.89501,34.09666]],[[-117.87664,34.07708],[-117.87654,34.07783],[-117.87576,34.07782],[-117.87618,34.07889],[-117.8745,34.07888],[-117.87469,34.08252],[-117.87258,34.08251],[-117.87256,34.07836],[-117.8739,34.07888],[-117.87443,34.0771],[-117.87664,34.07708]],[[-117.87242,34.08343],[-117.86941,34.08387],[-117.8694,34.08313],[-117.86858,34.08313],[-117.8687,34.08071],[-117.87242,34.08097],[-117.87178,34.08173],[-117.87242,34.08343]],[[-117.87178,34.07874],[-117.87172,34.07944],[-117.86962,34.08032],[-117.86924,34.07874],[-117.86791,34.07896],[-117.86816,34.07985],[-117.86729,34.07963],[-117.86644,34.08069],[-117.86815,34.08068],[-117.86768,34.0825],[-117.86376,34.08252],[-117.86372,34.08073],[-117.86157,34.08072],[-117.86211,34.08009],[-117.8614,34.07929],[-117.86529,34.07703],[-117.86833,34.07703],[-117.86891,34.07832],[-117.87178,34.07874]],[[-117.8646,34.07533],[-117.8618,34.07522],[-117.86168,34.07441],[-117.86359,34.07446],[-117.8646,34.07533]],[[-117.85117,34.08976],[-117.85117,34.09052],[-117.84929,34.09096],[-117.84989,34.09055],[-117.84927,34.08911],[-117.84989,34.08911],[-117.84991,34.08811],[-117.85117,34.08813],[-117.85117,34.08976]]]},"properties":{"GEOID":"0616742","NAME":"Covina city","BASENAME":"Covina","STATE":"06","PLACE":"16742"}},{"type":"Feature","geometry":{"type":"Polygon","coordinates":[[[-118.03797,33.91523],[-118.03788,33.90428],[-118.03426,33.90399],[-118.03422,33.90249],[-118.02912,33.90253],[-118.02878,33.87332],[-118.01138,33.87343],[-118.01147,33.88085],[-118.00275,33.88089],[-118.00286,33.88816],[-117.99406,33.88822],[-117.99414,33.89551],[-117.98533,33.89551],[-117.9854,33.90277],[-117.97659,33.90281],[-117.97656,33.91742],[-117.99169,33.91734],[-117.99233,33.91856],[-117.99434,33.91854],[-117.9944,33.92451],[-118.00351,33.92308],[-118.00525,33.92827],[-118.02323,33.92413],[-118.01446,33.91862],[-118.01484,33.91712],[-118.03652,33.917],[-118.03649,33.91523],[-118.03797,33.91523]]]},"properties":{"GEOID":"0640032","NAME":"La Mirada city","BASENAME":"La Mirada","STATE":"06","PLACE":"40032"}},{"type":"Feature","geometry":{"type":"Polygon","coordinates":[[[-118.79962,34.14005],[-118.80042,34.13935],[-118.78741,34.13631],[-118.76983,34.13463],[-118.75659,34.14083],[-118.73842,34.13276],[-118.73676,34.13119],[-118.73481,34.13259],[-118.72847,34.13259],[-118.72846,34.13151],[-118.72388,34.13155],[-118.7241,34.12533],[-118.71978,34.12534],[-118.71979,34.12897],[-118.72106,34.13141],[-118.71981,34.13207],[-118.71981,34.13628],[-118.72414,34.13625],[-118.72415,34.13819],[-118.72889,34.13831],[-118.73707,34.14297],[-118.73709,34.15444],[-118.73273,34.15443],[-118.72869,34.16789],[-118.78889,34.16821],[-118.79281,34.14604],[-118.79962,34.14005]]]},"properties":{"GEOID":"0600394","NAME":"Agoura Hills city","BASENAME":"Agoura Hills","STATE":"06","PLACE":"00394"}},{"type":"Feature","geometry":{"type":"Polygon","coordinates":[[[-118.1696,34.04429],[-118.15716,34.04426],[-118.15728,34.03626],[-118.15403,34.03596],[-118.15169,34.03402],[-118.15018,34.0347],[-118.14743,34.03344],[-118.11514,34.0337],[-118.10769,34.02699],[-118.10363,34.03207],[-118.09909,34.03227],[-118.0983,34.03523],[-118.09312,34.03555],[-118.10365,34.03823],[-118.10364,34.03968],[-118.10652,34.0404],[-118.10194,34.04264],[-118.10015,34.04498],[-118.10315,34.04713],[-118.10647,34.04636],[-118.10801,34.04706],[-118.10747,34.07166],[-118.10926,34.07165],[-118.10925,34.06984],[-118.13571,34.06974],[-118.13503,34.06595],[-118.13551,34.06259],[-118.14022,34.06232],[-118.14444,34.06008],[-118.15253,34.06232],[-118.16926,34.06229],[-118.16927,34.04835],[-118.16803,34.04835],[-118.1696,34.04429]]]},"properties":{"GEOID":"0648914","NAME":"Monterey Park city","BASENAME":"Monterey Park","STATE":"06","PLACE":"48914"}},{"type":"Feature","geometry":{"type":"Polygon","coordinates":[[[-118.16528,34.06244],[-118.15253,34.06232],[-118.14455,34.06006],[-118.14022,34.06232],[-118.13551,34.06259],[-118.13503,34.06595],[-118.13571,34.06974],[-118.10925,34.06984],[-118.10926,34.07165],[-118.10819,34.07165],[-118.1084,34.09544],[-118.11269,34.09373],[-118.11378,34.09996],[-118.11294,34.10035],[-118.11295,34.10162],[-118.11576,34.1057],[-118.11517,34.10611],[-118.11687,34.10732],[-118.12172,34.10498],[-118.12794,34.11115],[-118.1353,34.10645],[-118.13469,34.10409],[-118.14183,34.10414],[-118.14178,34.09877],[-118.15529,34.09867],[-118.15615,34.09654],[-118.16066,34.09344],[-118.1605,34.07513],[-118.16176,34.07463],[-118.16169,34.07126],[-118.16452,34.06564],[-118.16528,34.06244]]]},"properties":{"GEOID":"0600884","NAME":"Alhambra city","BASENAME":"Alhambra","STATE":"06","PLACE":"00884"}},{"type":"Feature","geometry":{"type":"Polygon","coordinates":[[[-118.09842,33.94339],[-118.08826,33.92968],[-118.08415,33.93348],[-118.08246,33.93348],[-118.08238,33.93168],[-118.07268,33.9317],[-118.07259,33.92807],[-118.06827,33.92808],[-118.06832,33.92989],[-118.06396,33.9299],[-118.06382,33.91709],[-118.06062,33.9171],[-118.05774,33.91365],[-118.05104,33.90976],[-118.05103,33.90602],[-118.05282,33.906],[-118.05281,33.90334],[-118.05352,33.90334],[-118.05351,33.90244],[-118.04445,33.90249],[-118.0444,33.8988],[-118.04222,33.89881],[-118.0422,33.8952],[-118.04673,33.89517],[-118.04695,33.89395],[-118.06128,33.90227],[-118.06395,33.90227],[-118.06397,33.89544],[-118.05536,33.89506],[-118.05538,33.88765],[-118.03842,33.88778],[-118.02889,33.88263],[-118.02912,33.90253],[-118.03422,33.90249],[-118.03426,33.90399],[-118.03788,33.90428],[-118.03797,33.91523],[-118.03649,33.91523],[-118.03652,33.917],[-118.0552,33.91704],[-118.05521,33.93005],[-118.05172,33.92947],[-118.05172,33.93174],[-118.04807,33.93162],[-118.04806,33.92691],[-118.04659,33.92577],[-118.04656,33.92736],[-118.04709,33.92736],[-118.04655,33.93174],[-118.04881,33.93245],[-118.04884,33.93569],[-118.04641,33.93623],[-118.04596,33.93987],[-118.04452,33.93888],[-118.04229,33.94005],[-118.04554,33.94231],[-118.04755,33.94111],[-118.05206,33.94414],[-118.05126,33.94493],[-118.05052,33.9444],[-118.04944,33.94588],[-118.04824,33.94505],[-118.04569,33.94757],[-118.04743,33.94877],[-118.04828,33.94792],[-118.04862,33.94945],[-118.05078,33.94728],[-118.05365,33.9493],[-118.04726,33.9556],[-118.05309,33.95661],[-118.0508,33.95893],[-118.05582,33.96152],[-118.05486,33.96176],[-118.05492,33.96818],[-118.07084,33.97183],[-118.07113,33.97341],[-118.07258,33.97367],[-118.07247,33.97447],[-118.07486,33.97461],[-118.07368,33.97011],[-118.07199,33.97055],[-118.07131,33.97037],[-118.07144,33.9695],[-118.07033,33.96934],[-118.06882,33.97036],[-118.06618,33.96977],[-118.06689,33.96725],[-118.06553,33.96723],[-118.06638,33.96468],[-118.07061,33.96478],[-118.06773,33.96391],[-118.06835,33.96381],[-118.06832,33.96158],[-118.07019,33.96131],[-118.07039,33.96006],[-118.07403,33.96085],[-118.07833,33.96377],[-118.08884,33.96691],[-118.08674,33.96187],[-118.08687,33.95961],[-118.09053,33.9535],[-118.0975,33.94571],[-118.09842,33.94339]]]},"properties":{"GEOID":"0669154","NAME":"Santa Fe Springs city","BASENAME":"Santa Fe Springs","STATE":"06","PLACE":"69154"}},{"type":"Feature","geometry":{"type":"Polygon","coordinates":[[[-118.23187,34.21832],[-118.23077,34.21723],[-118.22635,34.21629],[-118.22605,34.21394],[-118.222,34.2129],[-118.22209,34.20618],[-118.22026,34.20631],[-118.22027,34.20503],[-118.215,34.2064],[-118.21501,34.20354],[-118.21768,34.20295],[-118.21672,34.19779],[-118.21281,34.19534],[-118.21344,34.19409],[-118.21216,34.1927],[-118.21101,34.19276],[-118.20808,34.19066],[-118.2081,34.18757],[-118.20582,34.18692],[-118.19644,34.17989],[-118.19082,34.18008],[-118.18888,34.17788],[-118.18743,34.17923],[-118.18309,34.1801],[-118.18162,34.1797],[-118.17423,34.18275],[-118.17594,34.18569],[-118.17744,34.18529],[-118.18139,34.18655],[-118.17999,34.1875],[-118.18034,34.18805],[-118.17877,34.18722],[-118.17834,34.19448],[-118.17753,34.19411],[-118.17504,34.19844],[-118.17312,34.19845],[-118.17368,34.19702],[-118.17209,34.19702],[-118.16803,34.20111],[-118.16764,34.20441],[-118.17024,34.20448],[-118.17024,34.20534],[-118.17367,34.20615],[-118.17344,34.20693],[-118.17474,34.20653],[-118.17651,34.21035],[-118.1761,34.21088],[-118.17512,34.21027],[-118.1746,34.21124],[-118.1757,34.21207],[-118.17605,34.21136],[-118.1776,34.21207],[-118.17834,34.2138],[-118.17767,34.21416],[-118.17984,34.21533],[-118.18406,34.21611],[-118.18373,34.21842],[-118.1826,34.21887],[-118.18111,34.21818],[-118.18123,34.21935],[-118.18482,34.221],[-118.1848,34.22262],[-118.18887,34.22265],[-118.18985,34.22364],[-118.19142,34.22655],[-118.19045,34.22794],[-118.19002,34.23112],[-118.19429,34.23327],[-118.19595,34.23332],[-118.19821,34.23679],[-118.21742,34.23746],[-118.21752,34.23386],[-118.22187,34.23394],[-118.22168,34.24273],[-118.22276,34.24274],[-118.22471,34.2399],[-118.22473,34.23758],[-118.22793,34.23365],[-118.22662,34.22911],[-118.2277,34.22841],[-118.227,34.22447],[-118.22856,34.22109],[-118.23187,34.21832]]]},"properties":{"GEOID":"0639003","NAME":"La Cañada Flintridge city","BASENAME":"La Cañada Flintridge","STATE":"06","PLACE":"39003"}},{"type":"Feature","geometry":{"type":"Polygon","coordinates":[[[-117.89574,34.02755],[-117.89478,34.02525],[-117.89131,34.02174],[-117.88688,34.01542],[-117.88425,34.01637],[-117.88256,34.01282],[-117.88005,34.01342],[-117.87903,34.01191],[-117.87481,34.01399],[-117.87057,34.01728],[-117.86788,34.01569],[-117.86933,34.01163],[-117.8739,34.01161],[-117.87385,34.00391],[-117.87279,34.00264],[-117.86976,34.00377],[-117.85435,34.01243],[-117.8483,34.0167],[-117.84114,34.01975],[-117.83876,34.02165],[-117.83563,34.02746],[-117.82813,34.03094],[-117.82559,34.03326],[-117.82461,34.03762],[-117.82872,34.03763],[-117.82654,34.04153],[-117.82818,34.04358],[-117.83296,34.04203],[-117.83586,34.05367],[-117.82905,34.05662],[-117.82989,34.05828],[-117.82503,34.06035],[-117.82608,34.06241],[-117.83437,34.05981],[-117.83796,34.05786],[-117.84578,34.05785],[-117.84482,34.05982],[-117.84694,34.06248],[-117.85124,34.061],[-117.84975,34.06],[-117.85103,34.05965],[-117.85048,34.05886],[-117.85205,34.05925],[-117.85193,34.06043],[-117.8524,34.05931],[-117.85495,34.05907],[-117.85246,34.05347],[-117.86188,34.05312],[-117.86702,34.0466],[-117.87163,34.04832],[-117.87517,34.04824],[-117.88415,34.04368],[-117.88892,34.04348],[-117.88956,34.02962],[-117.89574,34.02755]]]},"properties":{"GEOID":"0683332","NAME":"Walnut city","BASENAME":"Walnut","STATE":"06","PLACE":"83332"}},{"type":"Feature","geometry":{"type":"Polygon","coordinates":[[[-118.00734,34.10557],[-118.00805,34.10411],[-117.99509,34.09972],[-117.99664,34.09655],[-117.99219,34.09505],[-117.99612,34.09144],[-117.99893,34.08726],[-118.00068,34.08257],[-118.00146,34.07687],[-117.98238,34.08134],[-117.98241,34.09202],[-117.98458,34.09201],[-117.98456,34.09927],[-117.97801,34.09938],[-117.97804,34.10665],[-117.94296,34.10693],[-117.94298,34.09975],[-117.95479,34.09961],[-117.95476,34.096],[-117.95351,34.09589],[-117.95355,34.09235],[-117.95478,34.09234],[-117.95465,34.08906],[-117.95214,34.09129],[-117.94946,34.09229],[-117.93416,34.09188],[-117.93417,34.09308],[-117.93674,34.09305],[-117.9368,34.0961],[-117.9298,34.09593],[-117.92979,34.09808],[-117.92539,34.0993],[-117.9253,34.11063],[-117.92748,34.11063],[-117.92753,34.1088],[-117.92863,34.1088],[-117.92857,34.11432],[-117.93819,34.1144],[-117.93815,34.12164],[-117.92941,34.12163],[-117.92936,34.14049],[-117.93436,34.1408],[-117.93899,34.13679],[-117.9397,34.13474],[-117.94473,34.13807],[-117.94523,34.1375],[-117.94631,34.13796],[-117.94878,34.13592],[-117.96003,34.13608],[-117.96004,34.13222],[-117.96974,34.13222],[-117.96975,34.12905],[-117.97465,34.12502],[-117.97863,34.12507],[-117.97864,34.12641],[-117.98524,34.12622],[-117.98783,34.12138],[-117.99054,34.12212],[-117.991,34.12091],[-117.98966,34.12044],[-117.99005,34.11946],[-117.99148,34.11968],[-117.99223,34.11771],[-117.99706,34.11768],[-118.00085,34.11626],[-118.00375,34.11731],[-118.00505,34.11007],[-118.00437,34.10985],[-118.00341,34.11113],[-118.00406,34.10974],[-118.0005,34.10854],[-118.00224,34.10497],[-118.00687,34.10654],[-118.00734,34.10557]]]},"properties":{"GEOID":"0636826","NAME":"Irwindale city","BASENAME":"Irwindale","STATE":"06","PLACE":"36826"}},{"type":"Feature","geometry":{"type":"Polygon","coordinates":[[[-118.10856,33.8869],[-118.10848,33.87899],[-118.10691,33.87271],[-118.10854,33.87272],[-118.10832,33.85837],[-118.10307,33.8584],[-118.09921,33.84588],[-118.08637,33.84597],[-118.08637,33.84963],[-118.08202,33.84964],[-118.08198,33.84601],[-118.05469,33.84622],[-118.05472,33.84982],[-118.05038,33.84987],[-118.0504,33.85354],[-118.04608,33.85361],[-118.04619,33.85869],[-118.04185,33.85872],[-118.04188,33.86233],[-118.03754,33.86237],[-118.0376,33.86601],[-118.02872,33.86605],[-118.0291,33.88274],[-118.03842,33.88778],[-118.06848,33.88756],[-118.06845,33.88589],[-118.07282,33.88583],[-118.07271,33.88039],[-118.0749,33.88038],[-118.07484,33.87677],[-118.07965,33.87673],[-118.08007,33.87526],[-118.08004,33.87305],[-118.07038,33.87311],[-118.07034,33.86984],[-118.0725,33.86945],[-118.07031,33.86946],[-118.07018,33.86034],[-118.07125,33.86032],[-118.07122,33.85853],[-118.06901,33.85856],[-118.06891,33.85342],[-118.07224,33.85451],[-118.07229,33.85697],[-118.07516,33.85696],[-118.07515,33.85623],[-118.08211,33.86049],[-118.08213,33.85926],[-118.08272,33.85926],[-118.08209,33.85604],[-118.08645,33.856],[-118.08648,33.86025],[-118.08997,33.86023],[-118.08998,33.86132],[-118.0909,33.86131],[-118.09104,33.87665],[-118.08777,33.87669],[-118.08781,33.88034],[-118.09109,33.88033],[-118.09106,33.87885],[-118.09544,33.87848],[-118.09553,33.88743],[-118.10856,33.8869]]]},"properties":{"GEOID":"0612552","NAME":"Cerritos city","BASENAME":"Cerritos","STATE":"06","PLACE":"12552"}},{"type":"Feature","geometry":{"type":"Polygon","coordinates":[[[-118.56311,33.98782],[-118.55736,33.98767],[-118.54842,33.97997],[-118.53766,33.96688],[-118.44352,34.01658],[-118.45306,34.02804],[-118.45714,34.02974],[-118.4577,34.03164],[-118.45918,34.03133],[-118.47728,34.0467],[-118.48377,34.04143],[-118.49447,34.05056],[-118.50397,34.04072],[-118.50458,34.04129],[-118.50832,34.03921],[-118.50769,34.03627],[-118.50867,34.03298],[-118.51524,34.02694],[-118.56311,33.98782]]]},"properties":{"GEOID":"0670000","NAME":"Santa Monica city","BASENAME":"Santa Monica","STATE":"06","PLACE":"70000"}},{"type":"Feature","geometry":{"type":"Polygon","coordinates":[[[-117.80143,34.10076],[-117.80138,34.0994],[-117.79768,34.09992],[-117.79547,34.09942],[-117.79651,34.09746],[-117.79473,34.09533],[-117.78992,34.09601],[-117.78727,34.09548],[-117.79267,34.09385],[-117.79323,34.09211],[-117.79471,34.09218],[-117.79479,34.09093],[-117.78579,34.0906],[-117.78445,34.08917],[-117.77681,34.08617],[-117.76998,34.0957],[-117.76643,34.09376],[-117.76445,34.08964],[-117.76211,34.09281],[-117.75822,34.09026],[-117.75613,34.08997],[-117.75621,34.11037],[-117.75061,34.10851],[-117.75077,34.12067],[-117.75943,34.11992],[-117.75941,34.12166],[-117.75734,34.12156],[-117.75717,34.12532],[-117.75934,34.12531],[-117.75927,34.12898],[-117.75054,34.12902],[-117.75055,34.13223],[-117.74886,34.13219],[-117.74822,34.13449],[-117.74769,34.13992],[-117.75018,34.14113],[-117.75015,34.14313],[-117.75132,34.14255],[-117.75243,34.14363],[-117.75421,34.14361],[-117.75379,34.1455],[-117.75569,34.14565],[-117.75553,34.14713],[-117.75341,34.15031],[-117.75249,34.15113],[-117.75033,34.15126],[-117.75036,34.15817],[-117.75471,34.15813],[-117.75473,34.16537],[-117.75908,34.16532],[-117.75909,34.15809],[-117.76782,34.15802],[-117.76772,34.15081],[-117.77463,34.15065],[-117.77446,34.14941],[-117.77582,34.14817],[-117.77648,34.14509],[-117.77447,34.14407],[-117.77357,34.1445],[-117.77275,34.14344],[-117.77382,34.14282],[-117.77333,34.14223],[-117.77225,34.14291],[-117.77227,34.14234],[-117.77352,34.14155],[-117.77421,34.13969],[-117.77674,34.13971],[-117.7808,34.13461],[-117.78431,34.13193],[-117.78399,34.1297],[-117.7877,34.12891],[-117.79415,34.12543],[-117.79424,34.12387],[-117.79293,34.12387],[-117.79296,34.12227],[-117.78943,34.12145],[-117.7912,34.12083],[-117.79186,34.11944],[-117.79185,34.11754],[-117.78966,34.11755],[-117.78964,34.11392],[-117.78409,34.11327],[-117.78492,34.11107],[-117.78637,34.11144],[-117.78668,34.11058],[-117.78527,34.11021],[-117.78559,34.10931],[-117.79406,34.11027],[-117.79406,34.10666],[-117.79153,34.10666],[-117.79116,34.10302],[-117.79404,34.10303],[-117.79398,34.10206],[-117.79659,34.10269],[-117.79667,34.10135],[-117.80144,34.10133],[-117.80143,34.10076]]]},"properties":{"GEOID":"0640830","NAME":"La Verne city","BASENAME":"La Verne","STATE":"06","PLACE":"40830"}},{"type":"Feature","geometry":{"type":"Polygon","coordinates":[[[-118.14416,34.03346],[-118.14411,34.03233],[-118.14286,34.03216],[-118.14286,34.03092],[-118.14385,34.03091],[-118.14285,34.0304],[-118.14336,34.02394],[-118.13015,34.01597],[-118.13081,34.01398],[-118.12673,34.01313],[-118.12771,34.00742],[-118.12711,34.00708],[-118.12982,34.00242],[-118.12822,34.00175],[-118.12986,33.99305],[-118.12523,33.99117],[-118.12854,33.98554],[-118.1333,33.98713],[-118.13422,33.98566],[-118.12281,33.97441],[-118.11997,33.97549],[-118.11641,33.98143],[-118.11433,33.98892],[-118.10979,33.9938],[-118.10866,33.99334],[-118.10446,33.99744],[-118.1034,33.99956],[-118.09734,34.00131],[-118.0962,34.00766],[-118.09212,34.01296],[-118.09293,34.01371],[-118.0738,34.0273],[-118.073,34.03061],[-118.07789,34.0356],[-118.08114,34.03441],[-118.0823,34.03491],[-118.08258,34.03802],[-118.09046,34.04009],[-118.09386,34.04287],[-118.09247,34.04517],[-118.09445,34.04602],[-118.09529,34.04453],[-118.0943,34.04412],[-118.09486,34.04318],[-118.09687,34.04473],[-118.10027,34.04476],[-118.10194,34.04264],[-118.10652,34.0404],[-118.10364,34.03968],[-118.10365,34.03823],[-118.09312,34.03555],[-118.0983,34.03523],[-118.09909,34.03227],[-118.10363,34.03207],[-118.10769,34.02699],[-118.11514,34.0337],[-118.14416,34.03346]]]},"properties":{"GEOID":"0648816","NAME":"Montebello city","BASENAME":"Montebello","STATE":"06","PLACE":"48816"}},{"type":"Feature","geometry":{"type":"Polygon","coordinates":[[[-118.12266,33.97452],[-118.11051,33.96133],[-118.09664,33.95177],[-118.09323,33.95031],[-118.08678,33.95987],[-118.08679,33.96205],[-118.08877,33.96637],[-118.08845,33.96853],[-118.08199,33.9762],[-118.0759,33.98529],[-118.07526,33.98499],[-118.07306,33.99031],[-118.07295,33.99233],[-118.07127,33.9948],[-118.07072,33.99443],[-118.07007,33.99519],[-118.0711,33.99559],[-118.06989,33.99872],[-118.0681,33.99806],[-118.06901,34.00081],[-118.0673,34.0006],[-118.0656,34.00287],[-118.05914,34.00821],[-118.05978,34.00865],[-118.06169,34.00735],[-118.06499,34.00958],[-118.06229,34.01221],[-118.05704,34.01289],[-118.05734,34.01435],[-118.05624,34.01516],[-118.0575,34.0164],[-118.05603,34.01763],[-118.05504,34.01598],[-118.05252,34.01777],[-118.0502,34.01621],[-118.04785,34.01796],[-118.04846,34.01836],[-118.04685,34.01959],[-118.04769,34.02016],[-118.04387,34.0213],[-118.04481,34.02193],[-118.04429,34.02308],[-118.04072,34.02532],[-118.04713,34.0293],[-118.05127,34.02637],[-118.05294,34.02136],[-118.05503,34.02278],[-118.05635,34.02165],[-118.06121,34.02142],[-118.06117,34.02082],[-118.07286,34.02083],[-118.07663,34.01877],[-118.0783,34.01687],[-118.07918,34.01693],[-118.07876,34.01799],[-118.08121,34.01785],[-118.08365,34.01886],[-118.08493,34.01795],[-118.08579,34.01879],[-118.09293,34.01371],[-118.09212,34.01296],[-118.0962,34.00766],[-118.09734,34.00131],[-118.1034,33.99956],[-118.10561,33.99615],[-118.10866,33.99334],[-118.10978,33.99381],[-118.11433,33.98892],[-118.11641,33.98143],[-118.11997,33.97549],[-118.12266,33.97452]]]},"properties":{"GEOID":"0656924","NAME":"Pico Rivera city","BASENAME":"Pico Rivera","STATE":"06","PLACE":"56924"}},{"type":"Feature","geometry":{"type":"Polygon","coordinates":[[[-118.11161,33.92208],[-118.11097,33.91378],[-118.10834,33.90638],[-118.10816,33.88694],[-118.09553,33.88743],[-118.09546,33.88031],[-118.07271,33.88039],[-118.07282,33.88583],[-118.06845,33.88589],[-118.06848,33.88756],[-118.05538,33.88722],[-118.05536,33.89506],[-118.06397,33.89544],[-118.06395,33.90227],[-118.06128,33.90227],[-118.04695,33.89395],[-118.04673,33.89517],[-118.0422,33.8952],[-118.04222,33.89881],[-118.0444,33.8988],[-118.04443,33.90248],[-118.05351,33.90244],[-118.05352,33.90334],[-118.05281,33.90334],[-118.05282,33.906],[-118.05103,33.90602],[-118.05104,33.90976],[-118.05774,33.91365],[-118.06062,33.9171],[-118.06382,33.91709],[-118.06396,33.9299],[-118.06832,33.92989],[-118.06827,33.92808],[-118.07259,33.92807],[-118.07268,33.9317],[-118.08238,33.93168],[-118.08246,33.93348],[-118.08425,33.93348],[-118.08826,33.92968],[-118.09079,33.93204],[-118.10477,33.93201],[-118.10583,33.93302],[-118.11161,33.92208]]]},"properties":{"GEOID":"0652526","NAME":"Norwalk city","BASENAME":"Norwalk","STATE":"06","PLACE":"52526"}},{"type":"Feature","geometry":{"type":"Polygon","coordinates":[[[-118.26315,33.90311],[-118.26315,33.90238],[-118.25376,33.9028],[-118.25243,33.89768],[-118.25247,33.89626],[-118.26009,33.89536],[-118.25891,33.89029],[-118.26097,33.89023],[-118.26018,33.88679],[-118.26101,33.88667],[-118.26116,33.88525],[-118.25746,33.88619],[-118.25694,33.88401],[-118.26147,33.88093],[-118.26125,33.88003],[-118.25343,33.88026],[-118.25381,33.88187],[-118.24874,33.88202],[-118.24873,33.88041],[-118.24776,33.88044],[-118.24774,33.87907],[-118.24864,33.87907],[-118.24867,33.8695],[-118.24257,33.86967],[-118.24249,33.86773],[-118.23567,33.8679],[-118.23562,33.8673],[-118.23423,33.86734],[-118.2342,33.8665],[-118.23216,33.86655],[-118.2321,33.86525],[-118.23053,33.86461],[-118.23053,33.86303],[-118.22653,33.86315],[-118.22567,33.86815],[-118.21921,33.86832],[-118.21966,33.8694],[-118.21546,33.86951],[-118.21611,33.87357],[-118.20697,33.87372],[-118.20616,33.87035],[-118.20549,33.8704],[-118.2055,33.87429],[-118.20852,33.8748],[-118.20887,33.88129],[-118.18789,33.88146],[-118.1872,33.88544],[-118.18805,33.88544],[-118.1869,33.89253],[-118.18433,33.89255],[-118.1841,33.88914],[-118.1824,33.88911],[-118.17995,33.89273],[-118.18159,33.89262],[-118.18237,33.89621],[-118.18529,33.89624],[-118.18572,33.89474],[-118.18944,33.8947],[-118.18989,33.90056],[-118.1893,33.90057],[-118.18938,33.90164],[-118.18842,33.90154],[-118.18946,33.90277],[-118.18745,33.90317],[-118.18953,33.90367],[-118.18964,33.90563],[-118.18705,33.90537],[-118.18674,33.90707],[-118.18931,33.90734],[-118.19025,33.90582],[-118.19579,33.90633],[-118.19389,33.91093],[-118.19502,33.91124],[-118.19702,33.90638],[-118.19998,33.90668],[-118.19843,33.91057],[-118.20581,33.91267],[-118.20643,33.91054],[-118.21383,33.91312],[-118.21694,33.91231],[-118.21836,33.92136],[-118.21994,33.92303],[-118.21994,33.9223],[-118.22444,33.9223],[-118.22458,33.92313],[-118.22881,33.92268],[-118.22803,33.91983],[-118.22409,33.9198],[-118.22237,33.90883],[-118.22504,33.90898],[-118.23606,33.90597],[-118.23606,33.91374],[-118.23789,33.91372],[-118.23913,33.91783],[-118.25434,33.91729],[-118.25446,33.91283],[-118.26093,33.9128],[-118.26091,33.90557],[-118.26314,33.90554],[-118.26315,33.90311]],[[-118.25439,33.90603],[-118.24551,33.9063],[-118.24562,33.9034],[-118.25359,33.90294],[-118.25439,33.90603]],[[-118.20614,33.88815],[-118.20208,33.88825],[-118.20194,33.88632],[-118.20039,33.88633],[-118.20057,33.88873],[-118.19815,33.88826],[-118.19676,33.88165],[-118.20428,33.88162],[-118.20614,33.88815]],[[-118.20043,33.90611],[-118.19441,33.90574],[-118.19497,33.90393],[-118.1944,33.90275],[-118.19398,33.90583],[-118.19076,33.90553],[-118.19066,33.90405],[-118.19197,33.90359],[-118.19173,33.90056],[-118.1939,33.90054],[-118.19407,33.89842],[-118.19303,33.89844],[-118.19321,33.90038],[-118.19017,33.90057],[-118.18942,33.88953],[-118.19725,33.88875],[-118.19749,33.89285],[-118.19812,33.89284],[-118.19835,33.8961],[-118.19889,33.89622],[-118.19914,33.90031],[-118.19978,33.9003],[-118.19987,33.90163],[-118.19922,33.90194],[-118.19991,33.90219],[-118.19924,33.90221],[-118.19928,33.90301],[-118.19775,33.90304],[-118.19783,33.90399],[-118.2003,33.9041],[-118.20043,33.90611]]]},"properties":{"GEOID":"0615044","NAME":"Compton city","BASENAME":"Compton","STATE":"06","PLACE":"15044"}},{"type":"Feature","geometry":{"type":"Polygon","coordinates":[[[-118.07293,34.07227],[-118.07223,34.06968],[-118.06776,34.06535],[-118.06899,34.06567],[-118.06892,34.06389],[-118.06983,34.06283],[-118.06857,34.06284],[-118.06797,34.06422],[-118.06653,34.06453],[-118.06525,34.06331],[-118.06355,34.06395],[-118.06058,34.06353],[-118.06061,34.06431],[-118.06003,34.06347],[-118.05581,34.06362],[-118.05531,34.06231],[-118.05618,34.06231],[-118.05676,34.06072],[-118.05785,34.06071],[-118.05822,34.05909],[-118.05639,34.05884],[-118.05639,34.0567],[-118.05564,34.05637],[-118.0549,34.05637],[-118.05489,34.05728],[-118.05348,34.05728],[-118.05348,34.05909],[-118.04516,34.05908],[-118.04084,34.05814],[-118.03814,34.0586],[-118.03816,34.05712],[-118.03655,34.05604],[-118.03463,34.05603],[-118.03413,34.05318],[-118.03485,34.05176],[-118.03413,34.05193],[-118.02819,34.0469],[-118.02636,34.0466],[-118.02766,34.04498],[-118.02559,34.04323],[-118.0248,34.0439],[-118.02196,34.04155],[-118.0151,34.04508],[-118.01008,34.05092],[-118.00784,34.05767],[-118.01251,34.06099],[-118.01117,34.0626],[-118.01141,34.0636],[-118.01037,34.06371],[-118.00957,34.06271],[-118.01045,34.06092],[-118.00962,34.06064],[-118.00849,34.06288],[-118.00532,34.06409],[-117.99893,34.08726],[-118.00186,34.08826],[-117.99765,34.0969],[-117.99865,34.09728],[-117.99747,34.09868],[-118.0003,34.09969],[-118.0011,34.09807],[-118.00957,34.10095],[-118.01028,34.09956],[-118.01639,34.09673],[-118.02013,34.09653],[-118.02027,34.09935],[-118.02563,34.0963],[-118.02575,34.09782],[-118.02738,34.09684],[-118.02787,34.09741],[-118.03269,34.09648],[-118.03313,34.0935],[-118.03496,34.09381],[-118.03632,34.09333],[-118.03616,34.09256],[-118.04194,34.0917],[-118.04211,34.0925],[-118.04286,34.0924],[-118.04278,34.09158],[-118.05168,34.09034],[-118.05211,34.09098],[-118.05192,34.0902],[-118.0565,34.08949],[-118.05508,34.08933],[-118.05666,34.08536],[-118.06184,34.08663],[-118.06308,34.08119],[-118.05941,34.08129],[-118.05942,34.0833],[-118.0577,34.08274],[-118.05681,34.08498],[-118.05597,34.0847],[-118.05577,34.07245],[-118.07293,34.07227]]]},"properties":{"GEOID":"0622230","NAME":"El Monte city","BASENAME":"El Monte","STATE":"06","PLACE":"22230"}},{"type":"Feature","geometry":{"type":"Polygon","coordinates":[[[-117.94402,34.13816],[-117.9397,34.13474],[-117.93899,34.13679],[-117.93436,34.1408],[-117.92936,34.14049],[-117.92941,34.12163],[-117.93815,34.12164],[-117.93819,34.1144],[-117.92857,34.11432],[-117.92863,34.1088],[-117.92753,34.1088],[-117.92748,34.11063],[-117.9253,34.11063],[-117.92536,34.10697],[-117.92098,34.10701],[-117.92093,34.10883],[-117.92424,34.1088],[-117.92423,34.11058],[-117.92096,34.1106],[-117.92077,34.11432],[-117.91638,34.11431],[-117.91645,34.11094],[-117.91765,34.10707],[-117.91656,34.10709],[-117.91654,34.10827],[-117.9142,34.10822],[-117.91417,34.11087],[-117.91634,34.11094],[-117.91623,34.1143],[-117.91576,34.11199],[-117.91109,34.11426],[-117.90869,34.11428],[-117.90774,34.11427],[-117.90773,34.11348],[-117.91204,34.11347],[-117.91207,34.11055],[-117.90986,34.1105],[-117.90991,34.10686],[-117.88717,34.10677],[-117.88713,34.10856],[-117.89024,34.10859],[-117.89024,34.11072],[-117.89895,34.10833],[-117.89937,34.1151],[-117.89925,34.12071],[-117.89305,34.12044],[-117.89016,34.11956],[-117.8902,34.11466],[-117.89095,34.11439],[-117.89023,34.11201],[-117.88816,34.11197],[-117.88517,34.11335],[-117.88438,34.11429],[-117.88465,34.12145],[-117.89014,34.1215],[-117.89029,34.12406],[-117.8892,34.12439],[-117.89028,34.12413],[-117.89028,34.12508],[-117.88574,34.12509],[-117.88573,34.12706],[-117.88137,34.12706],[-117.88135,34.12995],[-117.8859,34.12996],[-117.88663,34.13278],[-117.89003,34.13279],[-117.89005,34.16512],[-117.89881,34.16511],[-117.89878,34.16849],[-117.90753,34.16852],[-117.90754,34.16514],[-117.94232,34.16522],[-117.94234,34.15434],[-117.93794,34.15435],[-117.93795,34.15233],[-117.93455,34.15403],[-117.9296,34.15096],[-117.9397,34.14054],[-117.94402,34.13816]],[[-117.9076,34.15056],[-117.90754,34.15786],[-117.89882,34.1578],[-117.89883,34.15047],[-117.9076,34.15056]],[[-117.90606,34.10693],[-117.90539,34.10776],[-117.90542,34.11423],[-117.90332,34.11327],[-117.90331,34.11043],[-117.90115,34.11043],[-117.90111,34.11419],[-117.89951,34.11421],[-117.89909,34.10915],[-117.90115,34.10914],[-117.90114,34.1081],[-117.90606,34.10693]]]},"properties":{"GEOID":"0603386","NAME":"Azusa city","BASENAME":"Azusa","STATE":"06","PLACE":"03386"}},{"type":"Feature","geometry":{"type":"Polygon","coordinates":[[[-118.1677,33.85426],[-118.16756,33.84694],[-118.16432,33.84706],[-118.16431,33.8278],[-118.16736,33.82778],[-118.16736,33.82005],[-118.16464,33.82005],[-118.16404,33.8276],[-118.16085,33.82758],[-118.15792,33.82514],[-118.15596,33.82514],[-118.15595,33.82751],[-118.1541,33.82751],[-118.1541,33.82898],[-118.15104,33.82949],[-118.1499,33.83251],[-118.14271,33.83249],[-118.14265,33.84673],[-118.12492,33.84705],[-118.12498,33.83244],[-118.09747,33.83234],[-118.09353,33.83201],[-118.09343,33.83129],[-118.08181,33.83126],[-118.08185,33.83399],[-118.07969,33.83401],[-118.07971,33.8369],[-118.07884,33.8369],[-118.07884,33.83872],[-118.06764,33.83799],[-118.06768,33.8347],[-118.06877,33.8347],[-118.06877,33.83244],[-118.06771,33.83244],[-118.06771,33.83331],[-118.06123,33.83331],[-118.06069,33.83456],[-118.05899,33.83521],[-118.05901,33.83885],[-118.06096,33.83879],[-118.05904,33.8462],[-118.08198,33.84601],[-118.08202,33.84964],[-118.08637,33.84963],[-118.08637,33.84597],[-118.09921,33.84588],[-118.10307,33.8584],[-118.10832,33.85837],[-118.10843,33.86559],[-118.11428,33.86557],[-118.11431,33.86897],[-118.14665,33.86894],[-118.14659,33.86031],[-118.15699,33.86011],[-118.15697,33.85746],[-118.15552,33.85747],[-118.1555,33.8544],[-118.1677,33.85426]]]},"properties":{"GEOID":"0639892","NAME":"Lakewood city","BASENAME":"Lakewood","STATE":"06","PLACE":"39892"}},{"type":"Feature","geometry":{"type":"MultiPolygon","coordinates":[[[[-118.37885,33.95437],[-118.37884,33.95265],[-118.37006,33.95267],[-118.37004,33.94542],[-118.36877,33.94541],[-118.36916,33.94181],[-118.36773,33.94182],[-118.3663,33.94461],[-118.36242,33.94501],[-118.35807,33.94397],[-118.35482,33.94453],[-118.35481,33.94182],[-118.352,33.94181],[-118.35198,33.94273],[-118.34444,33.94272],[-118.34464,33.93821],[-118.34605,33.93745],[-118.34606,33.93673],[-118.34505,33.93673],[-118.34505,33.9335],[-118.3462,33.93227],[-118.34413,33.93094],[-118.3363,33.93094],[-118.33628,33.92948],[-118.33736,33.92948],[-118.33737,33.92743],[-118.33631,33.92576],[-118.32685,33.92594],[-118.32576,33.92668],[-118.32625,33.92919],[-118.32222,33.92919],[-118.32222,33.9308],[-118.31775,33.93071],[-118.31775,33.97092],[-118.32647,33.97091],[-118.32648,33.96727],[-118.33303,33.96725],[-118.33302,33.9727],[-118.33521,33.97269],[-118.33519,33.98176],[-118.37034,33.98164],[-118.37015,33.96799],[-118.3729,33.96761],[-118.37162,33.96685],[-118.37124,33.96337],[-118.37772,33.95995],[-118.37883,33.95748],[-118.37885,33.95437]]],[[[-118.37625,33.98285],[-118.37677,33.98266],[-118.37617,33.98154],[-118.37446,33.97971],[-118.3718,33.97985],[-118.37181,33.98206],[-118.37625,33.98285]]]]},"properties":{"GEOID":"0636546","NAME":"Inglewood city","BASENAME":"Inglewood","STATE":"06","PLACE":"36546"}},{"type":"Feature","geometry":{"type":"Polygon","coordinates":[[[-118.06921,34.13106],[-118.06789,34.13098],[-118.06735,34.12979],[-118.06769,34.12406],[-118.0671,34.12327],[-118.06132,34.1241],[-118.05985,34.12362],[-118.05961,34.1225],[-118.05833,34.12267],[-118.05792,34.12062],[-118.05693,34.12011],[-118.05568,34.11386],[-118.05421,34.11369],[-118.05401,34.11141],[-118.05274,34.10952],[-118.05274,34.10794],[-118.05355,34.10756],[-118.05224,34.1042],[-118.03894,34.10615],[-118.03877,34.10519],[-118.03801,34.10528],[-118.0348,34.10667],[-118.03362,34.10581],[-118.03102,34.1064],[-118.03077,34.10718],[-118.0305,34.10638],[-118.0262,34.10729],[-118.02454,34.10693],[-118.01891,34.10775],[-118.01732,34.10865],[-118.01659,34.10529],[-118.01789,34.10252],[-118.01922,34.10279],[-118.02034,34.09912],[-118.02013,34.09653],[-118.01639,34.09673],[-118.01028,34.09956],[-118.00957,34.10095],[-118.0011,34.09807],[-118.0003,34.09969],[-117.99753,34.09874],[-117.99865,34.09728],[-117.99765,34.0969],[-118.00186,34.08826],[-117.99893,34.08726],[-117.99612,34.09144],[-117.99219,34.09505],[-117.99664,34.09655],[-117.99509,34.09972],[-118.00805,34.10411],[-118.00734,34.10557],[-118.01555,34.1029],[-118.01693,34.10986],[-118.01604,34.11372],[-118.01398,34.11719],[-118.01308,34.11694],[-118.01211,34.12033],[-118.00859,34.11913],[-118.00878,34.12588],[-118.00673,34.12934],[-118.00724,34.13032],[-118.01805,34.12999],[-118.02001,34.13016],[-118.02032,34.1309],[-118.0207,34.15091],[-118.02123,34.15454],[-118.02188,34.15475],[-118.02191,34.15705],[-118.02129,34.15706],[-118.02129,34.15793],[-118.02039,34.15765],[-118.02126,34.15855],[-118.02142,34.17363],[-118.01963,34.17539],[-118.01637,34.17669],[-118.01759,34.17945],[-118.03014,34.1794],[-118.03041,34.1711],[-118.02962,34.17],[-118.03014,34.16982],[-118.02967,34.16685],[-118.03847,34.16688],[-118.03841,34.15726],[-118.06796,34.15682],[-118.06747,34.13151],[-118.06921,34.13106]]]},"properties":{"GEOID":"0602462","NAME":"Arcadia city","BASENAME":"Arcadia","STATE":"06","PLACE":"02462"}},{"type":"Feature","geometry":{"type":"Polygon","coordinates":[[[-118.71981,34.13349],[-118.71981,34.13261],[-118.71546,34.13256],[-118.71547,34.12899],[-118.71979,34.12897],[-118.71978,34.12534],[-118.70616,34.12543],[-118.71132,34.1098],[-118.71134,34.10391],[-118.71107,34.10718],[-118.70672,34.10718],[-118.70671,34.11447],[-118.68935,34.11443],[-118.68937,34.11812],[-118.65025,34.1181],[-118.65006,34.12907],[-118.64496,34.12905],[-118.64492,34.12532],[-118.61063,34.12533],[-118.61061,34.12902],[-118.60624,34.129],[-118.6062,34.14009],[-118.61266,34.14005],[-118.61266,34.14085],[-118.61497,34.1416],[-118.61429,34.14366],[-118.61058,34.14365],[-118.61057,34.14725],[-118.60965,34.14724],[-118.61498,34.14927],[-118.61497,34.14728],[-118.62899,34.14727],[-118.63026,34.15038],[-118.63125,34.15109],[-118.63216,34.15052],[-118.63854,34.15766],[-118.64127,34.15672],[-118.64127,34.15814],[-118.6534,34.15288],[-118.66525,34.14962],[-118.67254,34.1492],[-118.67967,34.15113],[-118.68828,34.15044],[-118.69383,34.15106],[-118.69383,34.16856],[-118.71199,34.16862],[-118.71692,34.16829],[-118.71822,34.16269],[-118.71694,34.16009],[-118.71788,34.15821],[-118.71552,34.15821],[-118.7085,34.15498],[-118.70252,34.15455],[-118.70249,34.15313],[-118.69741,34.15317],[-118.69729,34.15147],[-118.69811,34.15115],[-118.69746,34.15096],[-118.6978,34.14847],[-118.70383,34.14377],[-118.70238,34.14275],[-118.7033,34.14179],[-118.70681,34.14],[-118.70682,34.14205],[-118.71033,34.14063],[-118.71115,34.14725],[-118.71559,34.14691],[-118.71613,34.13995],[-118.71981,34.13984],[-118.71818,34.13909],[-118.71548,34.13937],[-118.71548,34.1387],[-118.71666,34.13852],[-118.71548,34.1383],[-118.71547,34.13628],[-118.71981,34.13628],[-118.71981,34.13349]]]},"properties":{"GEOID":"0609598","NAME":"Calabasas city","BASENAME":"Calabasas","STATE":"06","PLACE":"09598"}},{"type":"Feature","geometry":{"type":"Polygon","coordinates":[[[-118.48544,33.75345],[-118.46696,33.72552],[-118.42864,33.70127],[-118.38593,33.68671],[-118.37717,33.67895],[-118.36318,33.67211],[-118.32847,33.72942],[-118.32101,33.7294],[-118.32091,33.73106],[-118.31853,33.73199],[-118.31851,33.73525],[-118.32037,33.73577],[-118.3185,33.73634],[-118.31888,33.74032],[-118.32003,33.74149],[-118.31961,33.74263],[-118.31848,33.74262],[-118.31845,33.74684],[-118.30961,33.74679],[-118.30909,33.75773],[-118.301,33.75772],[-118.30188,33.76051],[-118.30904,33.76051],[-118.30903,33.76268],[-118.31161,33.76305],[-118.30875,33.77362],[-118.30914,33.77649],[-118.31177,33.77713],[-118.31343,33.7767],[-118.31274,33.77552],[-118.31828,33.77498],[-118.31835,33.76491],[-118.3222,33.76516],[-118.32155,33.76569],[-118.32363,33.76845],[-118.32737,33.76702],[-118.33175,33.76691],[-118.33163,33.76822],[-118.33032,33.76865],[-118.33165,33.76962],[-118.33352,33.76745],[-118.33564,33.76652],[-118.33717,33.76768],[-118.33868,33.7665],[-118.33896,33.7658],[-118.33756,33.76347],[-118.33726,33.76392],[-118.33476,33.76111],[-118.33041,33.75992],[-118.33017,33.75884],[-118.33173,33.75829],[-118.33184,33.75573],[-118.33018,33.7515],[-118.33383,33.75105],[-118.33632,33.7479],[-118.33822,33.74764],[-118.3381,33.74594],[-118.33999,33.7428],[-118.34504,33.74505],[-118.34638,33.74232],[-118.35063,33.7436],[-118.35306,33.74578],[-118.35535,33.74376],[-118.356,33.74411],[-118.35727,33.74708],[-118.35365,33.75091],[-118.35546,33.75333],[-118.35494,33.75374],[-118.35567,33.75608],[-118.36455,33.75945],[-118.36424,33.76096],[-118.36524,33.76093],[-118.36633,33.76212],[-118.36524,33.76229],[-118.36567,33.76377],[-118.36468,33.76547],[-118.36582,33.76697],[-118.36447,33.76826],[-118.36727,33.76775],[-118.37045,33.76836],[-118.37529,33.77176],[-118.37784,33.7695],[-118.38072,33.76893],[-118.37865,33.76165],[-118.37877,33.75928],[-118.38367,33.75904],[-118.38768,33.75713],[-118.38909,33.75725],[-118.39092,33.75963],[-118.39334,33.761],[-118.39081,33.76544],[-118.38854,33.76632],[-118.38679,33.76861],[-118.3808,33.76937],[-118.38197,33.77319],[-118.38339,33.77292],[-118.38376,33.77475],[-118.38174,33.77435],[-118.37893,33.77719],[-118.37814,33.77662],[-118.37471,33.77753],[-118.37284,33.78459],[-118.3719,33.78237],[-118.36975,33.78145],[-118.37127,33.77855],[-118.37489,33.77658],[-118.37433,33.77396],[-118.37177,33.77209],[-118.36591,33.77094],[-118.36586,33.76999],[-118.3646,33.76925],[-118.3613,33.77352],[-118.36455,33.77784],[-118.36457,33.77866],[-118.36342,33.77937],[-118.36473,33.78205],[-118.36508,33.78519],[-118.36569,33.78568],[-118.36895,33.78485],[-118.37259,33.78556],[-118.37191,33.78787],[-118.36782,33.79148],[-118.36865,33.79269],[-118.3675,33.79415],[-118.36884,33.79415],[-118.36923,33.79516],[-118.3717,33.79471],[-118.37854,33.79547],[-118.3809,33.79343],[-118.38421,33.79342],[-118.38711,33.78177],[-118.4037,33.78175],[-118.40367,33.76425],[-118.48544,33.75345]]]},"properties":{"GEOID":"0659514","NAME":"Rancho Palos Verdes city","BASENAME":"Rancho Palos Verdes","STATE":"06","PLACE":"59514"}},{"type":"Feature","geometry":{"type":"Polygon","coordinates":[[[-117.75079,34.12152],[-117.7507,34.10964],[-117.75005,34.10964],[-117.75004,34.1126],[-117.74854,34.1126],[-117.74853,34.1108],[-117.74208,34.11079],[-117.7421,34.10863],[-117.74116,34.10811],[-117.73901,34.10814],[-117.73898,34.11074],[-117.73681,34.11084],[-117.73679,34.09886],[-117.73241,34.09872],[-117.73234,34.09033],[-117.72798,34.09042],[-117.728,34.07948],[-117.71117,34.07954],[-117.6868,34.13812],[-117.68171,34.15583],[-117.6785,34.16199],[-117.67771,34.16517],[-117.6979,34.16525],[-117.69833,34.1579],[-117.68476,34.15794],[-117.68256,34.16105],[-117.68411,34.1562],[-117.68635,34.15373],[-117.6865,34.15427],[-117.70291,34.15427],[-117.70273,34.15794],[-117.7157,34.1581],[-117.71585,34.16538],[-117.72455,34.1654],[-117.72451,34.15812],[-117.72887,34.15814],[-117.72878,34.15087],[-117.73323,34.15091],[-117.7332,34.14728],[-117.7417,34.14725],[-117.74203,34.12616],[-117.73986,34.12166],[-117.75079,34.12152]],[[-117.73804,34.12167],[-117.73645,34.12277],[-117.73655,34.1253],[-117.73773,34.12531],[-117.73764,34.12894],[-117.72679,34.12887],[-117.72682,34.12157],[-117.72997,34.12156],[-117.72956,34.12413],[-117.72899,34.12418],[-117.72901,34.12767],[-117.73335,34.12637],[-117.73335,34.12415],[-117.73221,34.12417],[-117.73218,34.12168],[-117.73804,34.12167]],[[-117.70736,34.14259],[-117.70734,34.14333],[-117.70412,34.14391],[-117.70364,34.14683],[-117.70198,34.14886],[-117.70074,34.14861],[-117.70231,34.14621],[-117.70141,34.14569],[-117.7035,34.1408],[-117.7052,34.14217],[-117.70519,34.1415],[-117.70602,34.1415],[-117.70605,34.14245],[-117.70736,34.14259]]]},"properties":{"GEOID":"0613756","NAME":"Claremont city","BASENAME":"Claremont","STATE":"06","PLACE":"13756"}},{"type":"Feature","geometry":{"type":"Polygon","coordinates":[[[-118.02191,34.15705],[-118.0207,34.15091],[-118.02001,34.13016],[-118.00724,34.13032],[-118.00673,34.12934],[-118.00612,34.13036],[-118.00391,34.13038],[-118.00395,34.11744],[-118.00503,34.11727],[-118.00475,34.11773],[-118.00648,34.11835],[-118.00569,34.11676],[-118.00721,34.11643],[-118.0071,34.11447],[-118.0071,34.11522],[-118.00524,34.11524],[-118.004,34.1169],[-118.00481,34.11106],[-118.00751,34.11041],[-118.01301,34.1052],[-118.01576,34.1042],[-118.01555,34.1029],[-118.00734,34.10557],[-118.00687,34.10654],[-118.00224,34.10497],[-118.0005,34.10854],[-118.00406,34.10974],[-118.00341,34.11113],[-118.00437,34.10985],[-118.00505,34.11007],[-118.00375,34.11731],[-118.00085,34.11626],[-117.99576,34.11843],[-117.99791,34.11901],[-117.99841,34.11767],[-118.00375,34.11744],[-118.00373,34.12493],[-117.99992,34.12494],[-117.99923,34.12773],[-117.99595,34.12684],[-117.99499,34.13044],[-117.9899,34.13047],[-117.99029,34.12964],[-117.98769,34.12948],[-117.98634,34.13215],[-117.98629,34.13957],[-117.98059,34.13958],[-117.98058,34.14045],[-117.97975,34.14045],[-117.97975,34.14323],[-117.97538,34.14366],[-117.97538,34.14691],[-117.98021,34.14687],[-117.98021,34.14779],[-117.98197,34.14779],[-117.98204,34.14945],[-117.98317,34.14991],[-117.98366,34.15151],[-117.98542,34.15149],[-117.98511,34.15333],[-117.98592,34.15514],[-117.98508,34.15673],[-117.983,34.15753],[-117.97756,34.1559],[-117.97753,34.16511],[-117.94363,34.16524],[-117.94362,34.16689],[-117.94233,34.16689],[-117.9425,34.17948],[-117.95974,34.17959],[-117.95995,34.1942],[-118.02138,34.19394],[-118.02137,34.17944],[-118.01759,34.17945],[-118.01637,34.17669],[-118.01963,34.17539],[-118.02142,34.17363],[-118.02126,34.15855],[-118.02039,34.15765],[-118.02129,34.15793],[-118.02129,34.15706],[-118.02191,34.15705]]]},"properties":{"GEOID":"0648648","NAME":"Monrovia city","BASENAME":"Monrovia","STATE":"06","PLACE":"48648"}},{"type":"Feature","geometry":{"type":"Polygon","coordinates":[[[-118.05704,34.01679],[-118.0575,34.0164],[-118.05624,34.01516],[-118.05734,34.01435],[-118.05572,34.01106],[-118.03109,34.02783],[-118.03038,34.0272],[-118.02809,34.02822],[-118.02416,34.02711],[-118.01955,34.02836],[-118.01551,34.0275],[-118.00626,34.02938],[-118.00516,34.03124],[-118.0043,34.03121],[-117.98944,34.02588],[-117.98983,34.02494],[-117.98211,34.02177],[-117.98159,34.02268],[-117.97938,34.02177],[-117.97989,34.02087],[-117.97582,34.01921],[-117.97507,34.02047],[-117.9766,34.0211],[-117.97475,34.02298],[-117.9732,34.02106],[-117.97107,34.02072],[-117.97577,34.01498],[-117.96604,34.01177],[-117.96441,34.01546],[-117.96136,34.01439],[-117.95873,34.01332],[-117.95982,34.00987],[-117.94828,34.00639],[-117.94868,34.00241],[-117.93489,33.99814],[-117.93213,33.99756],[-117.93088,33.99827],[-117.93175,33.99098],[-117.91201,33.98937],[-117.91145,33.99412],[-117.90745,33.99373],[-117.90672,33.99291],[-117.90295,33.99312],[-117.90279,33.99458],[-117.89404,33.99445],[-117.89362,33.99711],[-117.88835,33.99735],[-117.88847,33.99633],[-117.88397,33.99562],[-117.88377,33.99768],[-117.88834,33.99749],[-117.88821,33.99873],[-117.88747,33.99866],[-117.88803,34.00034],[-117.88718,34.00042],[-117.88362,33.99943],[-117.88282,33.99771],[-117.88192,33.99775],[-117.88219,33.9953],[-117.87369,33.99348],[-117.87323,33.99534],[-117.87324,33.99336],[-117.87001,33.99291],[-117.86926,33.99322],[-117.86961,33.99431],[-117.86892,33.99448],[-117.86856,33.99359],[-117.86594,33.99573],[-117.86807,33.99836],[-117.8769,33.99797],[-117.87677,33.99863],[-117.87873,33.99961],[-117.87197,34.00171],[-117.87104,33.99905],[-117.86841,33.99967],[-117.8646,33.99642],[-117.86191,33.99663],[-117.86079,33.99709],[-117.8598,33.99909],[-117.86141,34.00077],[-117.85992,34.00146],[-117.85859,34.00007],[-117.85725,34.00101],[-117.85787,34.00167],[-117.85592,34.003],[-117.84244,34.00952],[-117.8385,34.00775],[-117.84174,34.00647],[-117.84025,34.00648],[-117.84168,34.00513],[-117.84024,34.00193],[-117.83537,34.00227],[-117.82872,34.00596],[-117.82461,34.00963],[-117.82463,34.01192],[-117.82387,34.01219],[-117.82352,34.01068],[-117.82022,34.01391],[-117.8202,34.0297],[-117.82379,34.03344],[-117.8267,34.03089],[-117.83539,34.02744],[-117.83882,34.02132],[-117.84156,34.01936],[-117.83976,34.01956],[-117.84153,34.01673],[-117.84278,34.01734],[-117.84697,34.01605],[-117.85089,34.01286],[-117.85089,34.01136],[-117.85195,34.01136],[-117.85193,34.01413],[-117.87043,34.00347],[-117.8749,34.00206],[-117.87998,34.00176],[-117.90218,34.00523],[-117.90174,34.00632],[-117.90234,34.00633],[-117.90244,34.00527],[-117.90811,34.00619],[-117.90804,34.00688],[-117.90936,34.00709],[-117.90919,34.00803],[-117.91049,34.00812],[-117.91064,34.0066],[-117.91493,34.00729],[-117.91471,34.0093],[-117.9168,34.00964],[-117.91665,34.01115],[-117.92336,34.01224],[-117.92069,34.01673],[-117.91759,34.02468],[-117.93543,34.028],[-117.9346,34.03616],[-117.94081,34.03653],[-117.94101,34.03442],[-117.93797,34.03422],[-117.93854,34.02806],[-117.94331,34.02809],[-117.94462,34.02553],[-117.94357,34.02531],[-117.94378,34.02304],[-117.9369,34.02264],[-117.93807,34.01787],[-117.93234,34.01629],[-117.93174,34.01823],[-117.92068,34.01709],[-117.92519,34.00903],[-117.9375,34.01101],[-117.94378,34.01297],[-117.9487,34.0156],[-117.95403,34.02008],[-117.95279,34.02281],[-117.9905,34.04996],[-117.98673,34.05389],[-117.98924,34.05557],[-117.98833,34.05654],[-117.9853,34.05534],[-117.983,34.05777],[-117.98547,34.05945],[-117.98238,34.06268],[-117.98529,34.06238],[-117.98583,34.06318],[-117.98603,34.06227],[-117.99067,34.06056],[-117.99203,34.06131],[-117.99414,34.06006],[-117.99918,34.05896],[-118.00107,34.05479],[-118.00277,34.05572],[-118.00356,34.0551],[-118.00773,34.05799],[-118.00532,34.06409],[-118.00849,34.06288],[-118.00962,34.06064],[-118.01045,34.06092],[-118.00957,34.06271],[-118.01037,34.06371],[-118.01141,34.0636],[-118.01117,34.0626],[-118.01251,34.06099],[-118.00784,34.05767],[-118.01008,34.05092],[-118.01433,34.04569],[-118.02164,34.04169],[-118.02074,34.04021],[-118.0247,34.03851],[-118.02031,34.03588],[-118.01841,34.03711],[-118.01523,34.03687],[-118.01391,34.03757],[-118.01392,34.03907],[-118.00803,34.04197],[-118.00776,34.0444],[-118.00918,34.04531],[-118.00948,34.04842],[-118.00624,34.05583],[-118.00188,34.05369],[-117.99164,34.04665],[-117.99255,34.04572],[-117.99371,34.04617],[-117.99277,34.04552],[-117.99391,34.04435],[-117.99243,34.04388],[-117.99302,34.04328],[-117.99255,34.04225],[-117.99093,34.04368],[-117.99263,34.04407],[-117.9907,34.04599],[-117.9893,34.04505],[-117.98996,34.04415],[-117.98879,34.0447],[-117.98343,34.04103],[-117.98662,34.03818],[-117.98569,34.03753],[-117.98336,34.03965],[-117.98245,34.03904],[-117.98173,34.03986],[-117.97991,34.0386],[-117.98056,34.03794],[-117.97972,34.03736],[-117.97907,34.03802],[-117.97289,34.03379],[-117.97351,34.03316],[-117.9725,34.03353],[-117.97142,34.03278],[-117.97201,34.03217],[-117.97115,34.03259],[-117.96439,34.02753],[-117.96564,34.02621],[-117.96655,34.02684],[-117.96542,34.02798],[-117.96648,34.02882],[-117.96767,34.02761],[-117.96915,34.02861],[-117.9706,34.02717],[-117.97761,34.03199],[-117.97617,34.03345],[-117.97708,34.03409],[-117.97613,34.03505],[-117.97872,34.03683],[-117.98115,34.0344],[-117.98373,34.03618],[-117.98663,34.03326],[-117.98404,34.03148],[-117.98698,34.02862],[-117.99045,34.03098],[-117.99175,34.02965],[-117.99084,34.02889],[-117.99591,34.02882],[-118.00515,34.03207],[-118.02587,34.02979],[-118.02591,34.0328],[-118.02813,34.03316],[-118.03323,34.02961],[-118.03553,34.03145],[-118.03529,34.03255],[-118.03608,34.03189],[-118.03735,34.03291],[-118.03762,34.02825],[-118.03668,34.02767],[-118.04429,34.02308],[-118.04481,34.02193],[-118.04387,34.0213],[-118.04769,34.02016],[-118.04685,34.01959],[-118.04846,34.01836],[-118.04792,34.0179],[-118.0502,34.01621],[-118.05252,34.01777],[-118.05504,34.01598],[-118.05603,34.01763],[-118.05704,34.01679]],[[-117.85008,34.00828],[-117.85006,34.00967],[-117.84614,34.00965],[-117.8465,34.00829],[-117.85008,34.00828]]]},"properties":{"GEOID":"0636490","NAME":"Industry city","BASENAME":"Industry","STATE":"06","PLACE":"36490"}},{"type":"Feature","geometry":{"type":"Polygon","coordinates":[[[-118.17042,33.92361],[-118.14922,33.9137],[-118.1535,33.90737],[-118.14304,33.90249],[-118.1424,33.91045],[-118.13823,33.90896],[-118.1346,33.90975],[-118.10975,33.90982],[-118.11111,33.91458],[-118.11161,33.92208],[-118.10583,33.93302],[-118.10477,33.93201],[-118.09033,33.93167],[-118.09842,33.94339],[-118.0975,33.94571],[-118.09337,33.95036],[-118.09664,33.95177],[-118.11051,33.96133],[-118.12128,33.97297],[-118.12546,33.9711],[-118.13357,33.97072],[-118.1355,33.96944],[-118.13965,33.96346],[-118.15375,33.95582],[-118.1586,33.95189],[-118.15625,33.95104],[-118.16218,33.94234],[-118.16594,33.93855],[-118.16608,33.93537],[-118.16508,33.93298],[-118.16348,33.93289],[-118.16247,33.92916],[-118.16154,33.92885],[-118.16415,33.92647],[-118.1663,33.92751],[-118.16697,33.92688],[-118.16758,33.92831],[-118.16828,33.92722],[-118.1678,33.92609],[-118.17042,33.92361]]]},"properties":{"GEOID":"0619766","NAME":"Downey city","BASENAME":"Downey","STATE":"06","PLACE":"19766"}},{"type":"Feature","geometry":{"type":"Polygon","coordinates":[[[-117.96706,34.06354],[-117.96357,34.06081],[-117.96457,34.05982],[-117.96285,34.059],[-117.96206,34.0597],[-117.95885,34.05732],[-117.96379,34.05263],[-117.9567,34.04739],[-117.95173,34.05211],[-117.9482,34.0495],[-117.94406,34.05315],[-117.94249,34.05182],[-117.93861,34.05231],[-117.93819,34.05049],[-117.9336,34.05045],[-117.93427,34.05136],[-117.92992,34.05138],[-117.92989,34.05041],[-117.9332,34.05045],[-117.93323,34.04863],[-117.92562,34.04855],[-117.92554,34.05218],[-117.92178,34.05214],[-117.9212,34.05124],[-117.91246,34.05115],[-117.91247,34.05026],[-117.91467,34.05027],[-117.9141,34.04733],[-117.91467,34.04691],[-117.9194,34.04583],[-117.92029,34.04447],[-117.92284,34.04408],[-117.92284,34.04323],[-117.92349,34.04412],[-117.92568,34.04413],[-117.92662,34.03905],[-117.9263,34.03572],[-117.91939,34.03513],[-117.91623,34.03283],[-117.91505,34.03086],[-117.91705,34.02609],[-117.91428,34.02548],[-117.91215,34.02638],[-117.91136,34.02509],[-117.90988,34.01376],[-117.89018,34.01367],[-117.89031,34.01209],[-117.88914,34.01367],[-117.88659,34.01365],[-117.88694,34.01019],[-117.8845,34.01008],[-117.88013,34.01143],[-117.88084,34.00395],[-117.88311,34.00413],[-117.88279,34.00727],[-117.88717,34.00756],[-117.88729,34.00653],[-117.89076,34.0064],[-117.89104,34.00342],[-117.87968,34.00175],[-117.87275,34.00255],[-117.87385,34.00391],[-117.8739,34.01161],[-117.86933,34.01163],[-117.86788,34.01569],[-117.87057,34.01728],[-117.87481,34.01399],[-117.87903,34.01191],[-117.88005,34.01342],[-117.88256,34.01282],[-117.88425,34.01637],[-117.88688,34.01542],[-117.89131,34.02174],[-117.89478,34.02525],[-117.89574,34.02755],[-117.88956,34.02962],[-117.88892,34.04348],[-117.88415,34.04368],[-117.87517,34.04824],[-117.87163,34.04832],[-117.86702,34.0466],[-117.86301,34.0517],[-117.86433,34.05227],[-117.8661,34.05527],[-117.86947,34.05493],[-117.8693,34.05667],[-117.87184,34.0574],[-117.87096,34.06004],[-117.86917,34.05923],[-117.86851,34.06288],[-117.87183,34.06803],[-117.86488,34.06892],[-117.86382,34.06718],[-117.86244,34.0678],[-117.86131,34.06635],[-117.8579,34.0657],[-117.85909,34.06837],[-117.86751,34.07178],[-117.86627,34.07215],[-117.86579,34.07321],[-117.86976,34.07457],[-117.86994,34.07579],[-117.87419,34.07345],[-117.88139,34.07348],[-117.8814,34.07521],[-117.89015,34.07527],[-117.89017,34.07718],[-117.89224,34.07721],[-117.8924,34.07358],[-117.8989,34.07361],[-117.8989,34.07543],[-117.9033,34.07547],[-117.90337,34.08628],[-117.90776,34.08631],[-117.90777,34.08459],[-117.91656,34.08465],[-117.91659,34.08843],[-117.92134,34.08891],[-117.92338,34.08657],[-117.92637,34.08658],[-117.92655,34.08472],[-117.93431,34.08495],[-117.93402,34.08826],[-117.93601,34.08839],[-117.93614,34.08678],[-117.93854,34.08691],[-117.9387,34.08511],[-117.94203,34.08524],[-117.9416,34.09009],[-117.9368,34.08989],[-117.93678,34.09192],[-117.94876,34.09237],[-117.94879,34.08932],[-117.94489,34.09019],[-117.94521,34.08664],[-117.94418,34.08611],[-117.94449,34.08296],[-117.94557,34.08296],[-117.9459,34.07935],[-117.94792,34.07948],[-117.95424,34.07358],[-117.95658,34.07531],[-117.95834,34.07367],[-117.95599,34.07192],[-117.95996,34.06818],[-117.96165,34.06933],[-117.9632,34.06883],[-117.96364,34.06839],[-117.96144,34.06677],[-117.96285,34.06544],[-117.96471,34.06577],[-117.96706,34.06354]],[[-117.87518,34.06015],[-117.87333,34.05887],[-117.87222,34.06072],[-117.87208,34.05772],[-117.87518,34.06015]]]},"properties":{"GEOID":"0684200","NAME":"West Covina city","BASENAME":"West Covina","STATE":"06","PLACE":"84200"}},{"type":"Feature","geometry":{"type":"Polygon","coordinates":[[[-117.85394,34.08372],[-117.85341,34.08265],[-117.84467,34.08209],[-117.84188,34.08093],[-117.84406,34.0788],[-117.84334,34.07833],[-117.84493,34.07788],[-117.84855,34.07405],[-117.84722,34.07298],[-117.84749,34.07231],[-117.8452,34.07268],[-117.83872,34.07177],[-117.83679,34.07001],[-117.83488,34.07012],[-117.83377,34.0689],[-117.83377,34.06712],[-117.82579,34.06403],[-117.81291,34.06388],[-117.80798,34.06478],[-117.80431,34.06726],[-117.80136,34.06788],[-117.79416,34.07163],[-117.78942,34.07285],[-117.78068,34.07759],[-117.77974,34.0791],[-117.78388,34.08103],[-117.78097,34.08373],[-117.78204,34.08539],[-117.7854,34.08509],[-117.78686,34.08806],[-117.78404,34.08907],[-117.78579,34.0906],[-117.79479,34.09093],[-117.79471,34.09218],[-117.79323,34.09211],[-117.79267,34.09385],[-117.78727,34.09548],[-117.78992,34.09601],[-117.79473,34.09533],[-117.79651,34.09746],[-117.79547,34.09942],[-117.79768,34.09992],[-117.80138,34.0994],[-117.80144,34.10065],[-117.80144,34.10133],[-117.79667,34.10135],[-117.79659,34.10269],[-117.79398,34.10206],[-117.79404,34.10303],[-117.79116,34.10302],[-117.79153,34.10666],[-117.79406,34.10666],[-117.79404,34.11572],[-117.79186,34.11573],[-117.79184,34.11763],[-117.79186,34.11944],[-117.79396,34.11945],[-117.79398,34.12243],[-117.79296,34.12227],[-117.79293,34.12387],[-117.79424,34.12387],[-117.79415,34.12543],[-117.7877,34.12891],[-117.78399,34.1297],[-117.78431,34.13193],[-117.7808,34.13461],[-117.77674,34.13971],[-117.77421,34.13969],[-117.77352,34.14155],[-117.77227,34.14234],[-117.77225,34.14291],[-117.77333,34.14223],[-117.77382,34.14282],[-117.77275,34.14344],[-117.77357,34.1445],[-117.77616,34.14468],[-117.77611,34.14699],[-117.78099,34.14691],[-117.78094,34.16518],[-117.80273,34.16513],[-117.80278,34.15781],[-117.8115,34.15783],[-117.81179,34.12536],[-117.8203,34.12686],[-117.82021,34.11757],[-117.82238,34.11756],[-117.82238,34.11573],[-117.82457,34.11574],[-117.82504,34.1175],[-117.82548,34.11392],[-117.82884,34.11447],[-117.82884,34.11392],[-117.83765,34.11394],[-117.83766,34.09745],[-117.83982,34.09632],[-117.83987,34.10119],[-117.842,34.10119],[-117.842,34.0958],[-117.84073,34.09579],[-117.8464,34.09281],[-117.84641,34.08978],[-117.84991,34.08793],[-117.85157,34.08559],[-117.85348,34.0862],[-117.85394,34.08372]],[[-117.8495,34.08337],[-117.84857,34.08591],[-117.84717,34.08673],[-117.84403,34.08774],[-117.84347,34.08661],[-117.8387,34.08747],[-117.8392,34.08843],[-117.83773,34.08847],[-117.83405,34.09049],[-117.83405,34.09207],[-117.82022,34.09216],[-117.82015,34.09072],[-117.83789,34.08597],[-117.83736,34.08469],[-117.84384,34.08433],[-117.84551,34.08286],[-117.8475,34.08279],[-117.84763,34.08343],[-117.84881,34.0827],[-117.8495,34.08337]]]},"properties":{"GEOID":"0666070","NAME":"San Dimas city","BASENAME":"San Dimas","STATE":"06","PLACE":"66070"}},{"type":"Feature","geometry":{"type":"MultiPolygon","coordinates":[[[[-118.0723,33.99322],[-118.07078,33.99291],[-118.06993,33.99378],[-118.06441,33.98955],[-118.06744,33.9863],[-118.06401,33.98396],[-118.06093,33.98709],[-118.05451,33.98285],[-118.05517,33.98229],[-118.05435,33.98091],[-118.05328,33.9793],[-118.05201,33.97897],[-118.05336,33.97759],[-118.05227,33.97602],[-118.05367,33.97432],[-118.05206,33.9723],[-118.05323,33.97167],[-118.05113,33.96992],[-118.0519,33.96755],[-118.05492,33.96818],[-118.05486,33.96176],[-118.05582,33.96152],[-118.0508,33.95893],[-118.05309,33.95661],[-118.04726,33.9556],[-118.04962,33.95327],[-118.04567,33.95056],[-118.04282,33.9534],[-118.04563,33.95534],[-118.03592,33.95354],[-118.00341,33.93827],[-118.00299,33.93522],[-118.00083,33.93524],[-118.00084,33.92934],[-117.98999,33.93186],[-117.98253,33.92849],[-117.97653,33.92803],[-117.9765,33.94605],[-117.96669,33.94606],[-117.96514,33.94858],[-117.96525,33.94969],[-117.98653,33.94966],[-117.98819,33.95055],[-117.98889,33.9497],[-117.99269,33.94956],[-117.98078,33.95781],[-117.98372,33.95978],[-117.98329,33.9608],[-117.98211,33.96076],[-117.98386,33.96404],[-117.98363,33.96501],[-117.97657,33.9648],[-117.97665,33.97509],[-117.99376,33.97516],[-117.99357,33.98241],[-118.00675,33.9824],[-118.00665,33.98603],[-118.01979,33.98612],[-118.01973,33.98968],[-118.02863,33.98995],[-118.02861,34.00378],[-118.03735,34.00383],[-118.03733,34.00079],[-118.04605,34.00089],[-118.04646,34.00171],[-118.05048,34.00242],[-118.0506,34.00176],[-118.05402,34.00349],[-118.05615,34.00367],[-118.05657,34.00188],[-118.06217,34.00571],[-118.0674,34.0006],[-118.06876,33.99583],[-118.0707,33.99658],[-118.0711,33.99559],[-118.07007,33.99519],[-118.07072,33.99443],[-118.07127,33.9948],[-118.0723,33.99322]],[[-118.0283,33.9876],[-118.02831,33.98812],[-118.02309,33.98854],[-118.02781,33.98705],[-118.0283,33.9876]],[[-118.01846,33.9753],[-118.01782,33.9771],[-118.01564,33.97709],[-118.01564,33.9762],[-118.01846,33.9753]]],[[[-118.05774,34.02465],[-118.05453,34.02342],[-118.05374,34.02676],[-118.05211,34.02755],[-118.05443,34.02786],[-118.05618,34.03019],[-118.05549,34.02794],[-118.05774,34.02465]]]]},"properties":{"GEOID":"0685292","NAME":"Whittier city","BASENAME":"Whittier","STATE":"06","PLACE":"85292"}},{"type":"Feature","geometry":{"type":"Polygon","coordinates":[[[-117.86334,33.99646],[-117.85522,33.99016],[-117.85497,33.96066],[-117.83734,33.96102],[-117.83737,33.96284],[-117.83046,33.96281],[-117.81662,33.97405],[-117.81663,33.97537],[-117.80254,33.97555],[-117.78503,34.00485],[-117.76753,34.00469],[-117.76705,34.01119],[-117.76765,34.01939],[-117.78244,34.02604],[-117.78517,34.02614],[-117.78518,34.03243],[-117.79567,34.03829],[-117.80163,34.04288],[-117.81071,34.02932],[-117.81832,34.03442],[-117.82148,34.03121],[-117.8202,34.0297],[-117.82022,34.01391],[-117.82352,34.01068],[-117.82387,34.01219],[-117.82463,34.01192],[-117.82461,34.00963],[-117.82872,34.00596],[-117.83537,34.00227],[-117.84024,34.00193],[-117.84168,34.00513],[-117.84025,34.00648],[-117.84174,34.00647],[-117.8385,34.00775],[-117.84244,34.00952],[-117.85592,34.003],[-117.85787,34.00167],[-117.85725,34.00101],[-117.85859,34.00007],[-117.85992,34.00146],[-117.86141,34.00077],[-117.8598,33.99909],[-117.86079,33.99709],[-117.86334,33.99646]]]},"properties":{"GEOID":"0619192","NAME":"Diamond Bar city","BASENAME":"Diamond Bar","STATE":"06","PLACE":"19192"}},{"type":"Feature","geometry":{"type":"Polygon","coordinates":[[[-118.19821,34.23679],[-118.19595,34.23332],[-118.19429,34.23327],[-118.19002,34.23112],[-118.19045,34.22794],[-118.19142,34.22655],[-118.18985,34.22364],[-118.18887,34.22265],[-118.1848,34.22262],[-118.18482,34.221],[-118.18123,34.21935],[-118.18111,34.21818],[-118.1826,34.21887],[-118.18373,34.21842],[-118.18406,34.21611],[-118.17984,34.21533],[-118.17767,34.21416],[-118.17834,34.2138],[-118.1776,34.21207],[-118.17605,34.21136],[-118.1757,34.21207],[-118.1746,34.21124],[-118.17512,34.21027],[-118.1761,34.21088],[-118.17651,34.21035],[-118.17474,34.20653],[-118.17344,34.20693],[-118.17367,34.20615],[-118.17024,34.20534],[-118.17024,34.20448],[-118.16764,34.20441],[-118.16803,34.20111],[-118.17209,34.19702],[-118.17368,34.19702],[-118.17312,34.19845],[-118.17504,34.19844],[-118.17753,34.19411],[-118.17834,34.19448],[-118.17877,34.18722],[-118.18034,34.18805],[-118.17999,34.1875],[-118.18139,34.18655],[-118.17744,34.18529],[-118.17594,34.18569],[-118.17423,34.18275],[-118.18162,34.1797],[-118.18309,34.1801],[-118.18743,34.17923],[-118.18888,34.17788],[-118.19097,34.1732],[-118.19048,34.17032],[-118.18791,34.16672],[-118.18858,34.1657],[-118.18584,34.16353],[-118.18478,34.15977],[-118.18416,34.15973],[-118.18158,34.14991],[-118.18183,34.14906],[-118.18379,34.14908],[-118.18456,34.1454],[-118.1823,34.14373],[-118.18043,34.14101],[-118.18568,34.13888],[-118.18589,34.13618],[-118.18521,34.13607],[-118.1861,34.13373],[-118.18282,34.13121],[-118.18258,34.12919],[-118.18134,34.1295],[-118.18144,34.1282],[-118.1809,34.12833],[-118.18019,34.12643],[-118.17654,34.12662],[-118.17696,34.12314],[-118.1728,34.12477],[-118.17237,34.12603],[-118.17033,34.12694],[-118.16595,34.12598],[-118.16845,34.12391],[-118.15044,34.12402],[-118.14895,34.12566],[-118.14642,34.12397],[-118.14566,34.12205],[-118.14568,34.12378],[-118.14441,34.12274],[-118.14217,34.11956],[-118.13423,34.11739],[-118.12826,34.11783],[-118.12762,34.11814],[-118.1283,34.12051],[-118.12951,34.12167],[-118.12906,34.12303],[-118.13116,34.12646],[-118.13117,34.12968],[-118.11958,34.13255],[-118.11383,34.13294],[-118.11402,34.13686],[-118.11002,34.13686],[-118.11003,34.14154],[-118.1082,34.14155],[-118.10818,34.14081],[-118.10615,34.14082],[-118.10616,34.14155],[-118.10052,34.14142],[-118.10051,34.14067],[-118.09871,34.14164],[-118.09548,34.14163],[-118.09517,34.13693],[-118.09453,34.13693],[-118.09429,34.13524],[-118.0895,34.13527],[-118.08949,34.13368],[-118.08733,34.13369],[-118.0873,34.1313],[-118.08599,34.13143],[-118.08601,34.13303],[-118.08387,34.13308],[-118.08373,34.14046],[-118.07892,34.13961],[-118.07896,34.14225],[-118.0835,34.14222],[-118.08322,34.14457],[-118.08607,34.14456],[-118.08611,34.14569],[-118.08237,34.14623],[-118.07936,34.14466],[-118.07938,34.14625],[-118.07801,34.14626],[-118.07795,34.14738],[-118.07339,34.14777],[-118.07342,34.15021],[-118.06782,34.15029],[-118.0682,34.17295],[-118.06562,34.17239],[-118.06563,34.1751],[-118.06747,34.17617],[-118.07208,34.17617],[-118.07224,34.17785],[-118.0729,34.17785],[-118.07274,34.17617],[-118.07744,34.17765],[-118.0781,34.17702],[-118.07782,34.17408],[-118.07694,34.1739],[-118.07784,34.17161],[-118.0762,34.17175],[-118.07853,34.16882],[-118.07763,34.16758],[-118.07867,34.16438],[-118.07786,34.16347],[-118.07845,34.16166],[-118.08116,34.16162],[-118.07966,34.17057],[-118.07825,34.17276],[-118.07901,34.17297],[-118.07886,34.17378],[-118.08188,34.17351],[-118.0823,34.17134],[-118.08348,34.17062],[-118.08286,34.1693],[-118.08606,34.1675],[-118.08375,34.16636],[-118.08417,34.16513],[-118.08809,34.16837],[-118.08865,34.17044],[-118.09182,34.17214],[-118.09304,34.17429],[-118.09044,34.17884],[-118.09825,34.17887],[-118.09699,34.18072],[-118.10037,34.18574],[-118.10048,34.19684],[-118.10481,34.19684],[-118.10481,34.19338],[-118.10692,34.1933],[-118.10459,34.19071],[-118.10486,34.18921],[-118.10359,34.18658],[-118.10293,34.18666],[-118.10244,34.18492],[-118.1004,34.18333],[-118.10029,34.18037],[-118.09824,34.17563],[-118.095,34.17563],[-118.09661,34.172],[-118.09506,34.16918],[-118.0978,34.16914],[-118.09834,34.16757],[-118.10937,34.16759],[-118.10936,34.16859],[-118.11154,34.1686],[-118.11142,34.1704],[-118.11301,34.17039],[-118.11302,34.16958],[-118.11696,34.16961],[-118.11662,34.17531],[-118.11736,34.17591],[-118.1185,34.1753],[-118.12863,34.17523],[-118.12863,34.17652],[-118.13191,34.17651],[-118.1422,34.18156],[-118.16411,34.18144],[-118.16413,34.18309],[-118.16741,34.18307],[-118.16727,34.18143],[-118.16949,34.18143],[-118.17058,34.18507],[-118.17028,34.18592],[-118.16862,34.18545],[-118.16858,34.1888],[-118.16749,34.18881],[-118.16751,34.19054],[-118.16673,34.19048],[-118.1665,34.19123],[-118.16853,34.19209],[-118.16845,34.19325],[-118.1649,34.20017],[-118.16398,34.20148],[-118.16259,34.20164],[-118.16345,34.19979],[-118.16014,34.19873],[-118.15955,34.20001],[-118.16066,34.20174],[-118.16151,34.20167],[-118.16273,34.20458],[-118.16396,34.20489],[-118.16566,34.20724],[-118.16605,34.21002],[-118.16715,34.21118],[-118.16724,34.21176],[-118.16498,34.21217],[-118.16473,34.21379],[-118.16342,34.21523],[-118.17873,34.21536],[-118.1791,34.22257],[-118.18699,34.22319],[-118.1869,34.25154],[-118.19526,34.25152],[-118.19551,34.2366],[-118.19821,34.23679]],[[-118.17172,34.18929],[-118.1693,34.19242],[-118.16858,34.18919],[-118.17172,34.18929]]]},"properties":{"GEOID":"0656000","NAME":"Pasadena city","BASENAME":"Pasadena","STATE":"06","PLACE":"56000"}},{"type":"Feature","geometry":{"type":"Polygon","coordinates":[[[-117.82859,34.03786],[-117.82461,34.03762],[-117.82523,34.0339],[-117.82816,34.03098],[-117.82772,34.03061],[-117.82379,34.03344],[-117.82148,34.03121],[-117.81832,34.03442],[-117.81071,34.02932],[-117.80163,34.04288],[-117.79567,34.03829],[-117.78518,34.03243],[-117.78517,34.02614],[-117.78244,34.02604],[-117.76765,34.01939],[-117.76763,34.02351],[-117.73585,34.01855],[-117.73012,34.02137],[-117.72736,34.03739],[-117.71648,34.06758],[-117.71117,34.07954],[-117.728,34.07948],[-117.72798,34.09042],[-117.73234,34.09033],[-117.73241,34.09872],[-117.73679,34.09886],[-117.7368,34.10339],[-117.73991,34.10378],[-117.73985,34.10632],[-117.73742,34.1061],[-117.73681,34.10519],[-117.73681,34.11084],[-117.73898,34.11074],[-117.73901,34.10814],[-117.7399,34.1081],[-117.7421,34.10863],[-117.74208,34.11079],[-117.74534,34.11082],[-117.74533,34.10819],[-117.74637,34.10819],[-117.74637,34.10952],[-117.74853,34.10953],[-117.74854,34.1126],[-117.75004,34.1126],[-117.75061,34.10851],[-117.75621,34.11037],[-117.75613,34.08997],[-117.75822,34.09026],[-117.76211,34.09281],[-117.76445,34.08964],[-117.76643,34.09376],[-117.76998,34.0957],[-117.77681,34.08617],[-117.78404,34.08907],[-117.78682,34.08835],[-117.7854,34.08509],[-117.78204,34.08539],[-117.78097,34.08373],[-117.78388,34.08103],[-117.77974,34.0791],[-117.7806,34.07769],[-117.78942,34.07285],[-117.79416,34.07163],[-117.80136,34.06788],[-117.80431,34.06726],[-117.8073,34.06502],[-117.81178,34.06398],[-117.81874,34.06366],[-117.80835,34.06291],[-117.80558,34.0592],[-117.80785,34.05845],[-117.81238,34.06124],[-117.82083,34.05533],[-117.81579,34.05297],[-117.81725,34.05038],[-117.82081,34.05183],[-117.82859,34.03786]]]},"properties":{"GEOID":"0658072","NAME":"Pomona city","BASENAME":"Pomona","STATE":"06","PLACE":"58072"}},{"type":"Feature","geometry":{"type":"Polygon","coordinates":[[[-118.48321,33.80445],[-118.3617,33.80417],[-118.33365,33.78052],[-118.33297,33.78123],[-118.33301,33.78404],[-118.33136,33.78392],[-118.33128,33.78613],[-118.32842,33.78613],[-118.32863,33.784],[-118.33012,33.78343],[-118.32315,33.78252],[-118.32315,33.78587],[-118.3278,33.7862],[-118.32779,33.78725],[-118.32868,33.78726],[-118.32867,33.78902],[-118.32625,33.78852],[-118.32644,33.79026],[-118.32819,33.79026],[-118.32809,33.80086],[-118.32595,33.80086],[-118.32594,33.80333],[-118.32792,33.80333],[-118.32794,33.80686],[-118.3117,33.80765],[-118.31175,33.80222],[-118.30879,33.80222],[-118.3093,33.8088],[-118.30825,33.80901],[-118.30894,33.81238],[-118.30912,33.87294],[-118.31345,33.87294],[-118.31348,33.88706],[-118.35251,33.87432],[-118.35246,33.86553],[-118.35896,33.86554],[-118.35838,33.86272],[-118.35331,33.85877],[-118.35363,33.85832],[-118.37549,33.85826],[-118.37506,33.85615],[-118.37837,33.85495],[-118.37285,33.82727],[-118.37442,33.8274],[-118.37443,33.81566],[-118.3796,33.81647],[-118.38443,33.81902],[-118.38538,33.81892],[-118.38509,33.81761],[-118.38596,33.81667],[-118.38537,33.81625],[-118.38791,33.81461],[-118.38831,33.81523],[-118.47026,33.81756],[-118.48321,33.80445]]]},"properties":{"GEOID":"0680000","NAME":"Torrance city","BASENAME":"Torrance","STATE":"06","PLACE":"80000"}},{"type":"Feature","geometry":{"type":"Polygon","coordinates":[[[-118.37031,34.2012],[-118.37031,34.19638],[-118.36115,34.19465],[-118.35776,34.17216],[-118.35471,34.16495],[-118.35716,34.16491],[-118.35715,34.16129],[-118.3531,34.16129],[-118.34512,34.14264],[-118.34112,34.14538],[-118.3388,34.14523],[-118.33103,34.14832],[-118.32211,34.15573],[-118.31768,34.15631],[-118.31582,34.15445],[-118.31291,34.15399],[-118.31032,34.16076],[-118.30781,34.16114],[-118.29687,34.17153],[-118.29933,34.17331],[-118.29639,34.17612],[-118.29779,34.17715],[-118.29053,34.18402],[-118.28781,34.18766],[-118.2835,34.18585],[-118.27998,34.1907],[-118.2801,34.20746],[-118.29276,34.22165],[-118.33746,34.22131],[-118.33455,34.21562],[-118.33642,34.21457],[-118.33774,34.21127],[-118.33981,34.21119],[-118.33993,34.2065],[-118.36299,34.20682],[-118.36226,34.20123],[-118.37031,34.2012]]]},"properties":{"GEOID":"0608954","NAME":"Burbank city","BASENAME":"Burbank","STATE":"06","PLACE":"08954"}},{"type":"Feature","geometry":{"type":"Polygon","coordinates":[[[-117.89005,34.14675],[-117.89003,34.13279],[-117.88663,34.13278],[-117.8859,34.12996],[-117.88135,34.12995],[-117.88137,34.12682],[-117.87917,34.12683],[-117.87918,34.1251],[-117.87696,34.12469],[-117.88035,34.12434],[-117.88036,34.12144],[-117.88137,34.12144],[-117.88148,34.10744],[-117.88256,34.10744],[-117.88258,34.10677],[-117.87715,34.10547],[-117.86614,34.10667],[-117.83764,34.10674],[-117.83765,34.11394],[-117.82884,34.11392],[-117.82884,34.11447],[-117.82548,34.11392],[-117.82504,34.1175],[-117.82457,34.11574],[-117.82238,34.11573],[-117.82238,34.11756],[-117.82021,34.11757],[-117.8203,34.12686],[-117.81179,34.12536],[-117.8115,34.15783],[-117.80278,34.15781],[-117.80273,34.16513],[-117.79386,34.16515],[-117.79433,34.17966],[-117.84472,34.1794],[-117.84472,34.17759],[-117.84683,34.17757],[-117.8466,34.17222],[-117.83786,34.17224],[-117.83755,34.16153],[-117.82566,34.16156],[-117.82571,34.16008],[-117.82938,34.15811],[-117.83661,34.1559],[-117.83896,34.16279],[-117.83972,34.16278],[-117.83973,34.16144],[-117.84192,34.16144],[-117.84187,34.15783],[-117.84627,34.15782],[-117.8463,34.16504],[-117.85068,34.16503],[-117.85106,34.17935],[-117.8646,34.17921],[-117.8641,34.17214],[-117.88154,34.17211],[-117.88126,34.1651],[-117.88565,34.16511],[-117.88565,34.16018],[-117.89004,34.16016],[-117.89005,34.14675]],[[-117.88504,34.15051],[-117.88038,34.15061],[-117.8804,34.14875],[-117.87822,34.14873],[-117.87824,34.14754],[-117.87911,34.1469],[-117.87913,34.1433],[-117.8798,34.14277],[-117.88024,34.1433],[-117.88131,34.14258],[-117.88127,34.1469],[-117.88346,34.14687],[-117.88318,34.14873],[-117.88484,34.14871],[-117.88504,34.15051]],[[-117.88087,34.12957],[-117.88003,34.1305],[-117.87757,34.13038],[-117.87768,34.12954],[-117.88087,34.12957]],[[-117.82361,34.15458],[-117.82362,34.15789],[-117.82279,34.1579],[-117.82278,34.15427],[-117.82361,34.15458]]]},"properties":{"GEOID":"0630014","NAME":"Glendora city","BASENAME":"Glendora","STATE":"06","PLACE":"30014"}},{"type":"Feature","geometry":{"type":"Polygon","coordinates":[[[-118.9315,33.99208],[-118.89726,33.9878],[-118.8873,33.98722],[-118.874,33.98331],[-118.85685,33.96597],[-118.85279,33.96257],[-118.84112,33.95537],[-118.82489,33.94904],[-118.80983,33.9469],[-118.79773,33.94821],[-118.78653,33.95143],[-118.77904,33.95453],[-118.76428,33.96361],[-118.75441,33.96779],[-118.74639,33.9755],[-118.73553,33.97704],[-118.72746,33.98031],[-118.70457,33.97784],[-118.68914,33.97995],[-118.68081,33.97916],[-118.66651,33.98056],[-118.65016,33.98512],[-118.64835,33.98673],[-118.64394,33.9858],[-118.63307,33.98565],[-118.62632,33.98646],[-118.62592,33.98723],[-118.60439,33.98628],[-118.59408,33.98807],[-118.58658,33.98701],[-118.57602,33.98752],[-118.56969,33.98881],[-118.56685,33.98827],[-118.5876,34.04561],[-118.63865,34.04563],[-118.63913,34.0463],[-118.65407,34.04748],[-118.68225,34.04752],[-118.68651,34.04571],[-118.69897,34.04471],[-118.69904,34.04238],[-118.6978,34.04064],[-118.70266,34.03858],[-118.70359,34.03691],[-118.70353,34.03479],[-118.70983,34.03429],[-118.70875,34.03662],[-118.71257,34.04023],[-118.71343,34.03953],[-118.71431,34.04011],[-118.71525,34.03895],[-118.7157,34.03693],[-118.71357,34.03502],[-118.71482,34.03493],[-118.71808,34.03679],[-118.71834,34.04035],[-118.71959,34.04371],[-118.78022,34.04224],[-118.79535,34.03826],[-118.79319,34.03567],[-118.79989,34.03712],[-118.79871,34.03844],[-118.81428,34.03927],[-118.84614,34.04447],[-118.85856,34.04845],[-118.85915,34.04661],[-118.86068,34.04767],[-118.86154,34.04566],[-118.86152,34.04284],[-118.86966,34.04283],[-118.86971,34.04913],[-118.87057,34.04913],[-118.87059,34.0523],[-118.91713,34.06719],[-118.91923,34.06281],[-118.91941,34.05566],[-118.92349,34.0469],[-118.9315,33.99208]]]},"properties":{"GEOID":"0645246","NAME":"Malibu city","BASENAME":"Malibu","STATE":"06","PLACE":"45246"}},{"type":"Feature","geometry":{"type":"Polygon","coordinates":[[[-118.28888,33.80246],[-118.28815,33.79956],[-118.28655,33.79764],[-118.28293,33.79763],[-118.283,33.79824],[-118.26459,33.79913],[-118.26459,33.80454],[-118.25651,33.80477],[-118.25844,33.79944],[-118.23751,33.80051],[-118.23004,33.79255],[-118.22391,33.80647],[-118.2285,33.82437],[-118.22661,33.82949],[-118.22468,33.82438],[-118.2223,33.82438],[-118.22228,33.8256],[-118.21571,33.8259],[-118.21688,33.83015],[-118.21601,33.83428],[-118.21342,33.83429],[-118.21128,33.83918],[-118.20773,33.83918],[-118.2059,33.84659],[-118.23398,33.84665],[-118.23567,33.86785],[-118.24249,33.86766],[-118.24257,33.86967],[-118.24867,33.8695],[-118.24864,33.87907],[-118.24774,33.87907],[-118.24776,33.88044],[-118.24873,33.88041],[-118.24874,33.88202],[-118.25381,33.88187],[-118.25343,33.88026],[-118.26125,33.88003],[-118.26147,33.88093],[-118.25694,33.88401],[-118.25746,33.88619],[-118.25968,33.88612],[-118.26055,33.88526],[-118.26116,33.88525],[-118.26089,33.88618],[-118.28273,33.88547],[-118.28228,33.87413],[-118.28211,33.87285],[-118.28158,33.87305],[-118.28155,33.8628],[-118.28494,33.86134],[-118.28492,33.84624],[-118.28723,33.83546],[-118.28723,33.81041],[-118.28888,33.80246]]]},"properties":{"GEOID":"0611530","NAME":"Carson city","BASENAME":"Carson","STATE":"06","PLACE":"11530"}},{"type":"Feature","geometry":{"type":"Polygon","coordinates":[[[-118.30781,34.16114],[-118.30433,34.15884],[-118.29895,34.1577],[-118.29742,34.15887],[-118.2956,34.1588],[-118.29154,34.15578],[-118.28278,34.15681],[-118.2805,34.15633],[-118.27932,34.15513],[-118.27898,34.1532],[-118.27556,34.15317],[-118.26234,34.12768],[-118.25883,34.12302],[-118.25426,34.11876],[-118.25113,34.12095],[-118.25364,34.1233],[-118.25326,34.12445],[-118.23524,34.12672],[-118.23661,34.13271],[-118.23627,34.1345],[-118.23361,34.13451],[-118.2336,34.1356],[-118.22792,34.1356],[-118.22788,34.13808],[-118.22915,34.13808],[-118.22877,34.14603],[-118.2286,34.14689],[-118.227,34.14763],[-118.22623,34.14979],[-118.22245,34.14925],[-118.21944,34.14828],[-118.21918,34.14751],[-118.21161,34.14718],[-118.21097,34.14622],[-118.20543,34.14743],[-118.2027,34.15063],[-118.19819,34.15163],[-118.1982,34.14905],[-118.18183,34.14906],[-118.18158,34.14991],[-118.18416,34.15973],[-118.18478,34.15977],[-118.18584,34.16353],[-118.18858,34.1657],[-118.18791,34.16672],[-118.19048,34.17032],[-118.19097,34.1732],[-118.18892,34.17856],[-118.19236,34.18045],[-118.19644,34.17989],[-118.20582,34.18692],[-118.2081,34.18757],[-118.20808,34.19066],[-118.21101,34.19276],[-118.21216,34.1927],[-118.21344,34.19409],[-118.21281,34.19534],[-118.21672,34.19779],[-118.21768,34.20295],[-118.21501,34.20354],[-118.215,34.2064],[-118.22027,34.20503],[-118.22026,34.20631],[-118.22512,34.20564],[-118.22562,34.20643],[-118.22793,34.20603],[-118.22835,34.20678],[-118.23152,34.20734],[-118.23225,34.20833],[-118.23315,34.20783],[-118.23524,34.20914],[-118.2352,34.21303],[-118.23767,34.21456],[-118.23757,34.21541],[-118.23953,34.2166],[-118.23953,34.21752],[-118.24009,34.21679],[-118.24347,34.21907],[-118.24403,34.2185],[-118.24433,34.22025],[-118.24875,34.22224],[-118.24853,34.24396],[-118.24701,34.24402],[-118.24528,34.24637],[-118.24412,34.24593],[-118.24347,34.24659],[-118.24337,34.25231],[-118.23874,34.25226],[-118.23849,34.26709],[-118.25669,34.26719],[-118.2565,34.25227],[-118.26526,34.25238],[-118.2653,34.25027],[-118.26667,34.25078],[-118.26601,34.24258],[-118.26602,34.24036],[-118.26673,34.2408],[-118.26687,34.22185],[-118.29276,34.22165],[-118.2801,34.20746],[-118.27998,34.1907],[-118.2835,34.18585],[-118.28781,34.18766],[-118.29053,34.18402],[-118.29744,34.17752],[-118.29779,34.17715],[-118.29639,34.17612],[-118.29933,34.17331],[-118.29687,34.17153],[-118.30781,34.16114]]]},"properties":{"GEOID":"0630000","NAME":"Glendale city","BASENAME":"Glendale","STATE":"06","PLACE":"30000"}},{"type":"Feature","geometry":{"type":"Polygon","coordinates":[[[-118.32518,34.7519],[-118.32515,34.7507],[-118.3207,34.75071],[-118.32058,34.74707],[-118.31914,34.74713],[-118.31896,34.74229],[-118.32487,34.74234],[-118.32475,34.73978],[-118.32182,34.73983],[-118.32172,34.73742],[-118.3188,34.73746],[-118.31894,34.74169],[-118.31502,34.74175],[-118.31496,34.73994],[-118.31104,34.74],[-118.31113,34.74363],[-118.3072,34.74368],[-118.30693,34.7292],[-118.31137,34.72918],[-118.31135,34.73271],[-118.31572,34.73267],[-118.3157,34.72915],[-118.32007,34.72913],[-118.32006,34.72551],[-118.31569,34.72553],[-118.31567,34.72191],[-118.32005,34.72189],[-118.32004,34.71824],[-118.31566,34.71825],[-118.31558,34.71105],[-118.30685,34.71103],[-118.30677,34.70374],[-118.31116,34.70376],[-118.31115,34.70015],[-118.31551,34.70017],[-118.31552,34.68923],[-118.32422,34.68921],[-118.32415,34.67829],[-118.3198,34.6783],[-118.31978,34.67466],[-118.32415,34.67464],[-118.32432,34.66462],[-118.32209,34.66463],[-118.3221,34.66142],[-118.32435,34.6616],[-118.32438,34.66007],[-118.31977,34.6592],[-118.3188,34.65765],[-118.31711,34.65758],[-118.31736,34.65617],[-118.31561,34.65508],[-118.31276,34.65602],[-118.31236,34.65499],[-118.30649,34.65273],[-118.30645,34.64543],[-118.25928,34.64554],[-118.25898,34.64686],[-118.25625,34.64908],[-118.25455,34.6477],[-118.25528,34.6471],[-118.25476,34.64559],[-118.25362,34.64608],[-118.25371,34.6492],[-118.24929,34.64921],[-118.24938,34.65105],[-118.24847,34.65106],[-118.24781,34.65106],[-118.24817,34.64941],[-118.24492,34.64941],[-118.24483,34.64557],[-118.23606,34.64561],[-118.23612,34.64928],[-118.23171,34.64924],[-118.23163,34.64563],[-118.22727,34.64561],[-118.22733,34.64925],[-118.22853,34.64925],[-118.22855,34.65016],[-118.23174,34.65029],[-118.2318,34.6529],[-118.22742,34.65291],[-118.22762,34.66022],[-118.22316,34.66025],[-118.22324,34.67487],[-118.21888,34.67491],[-118.21884,34.6676],[-118.21453,34.66757],[-118.21454,34.66944],[-118.21017,34.66937],[-118.21019,34.67125],[-118.21132,34.67127],[-118.21134,34.67215],[-118.21131,34.67485],[-118.2102,34.67484],[-118.21027,34.6789],[-118.20805,34.67888],[-118.20805,34.67805],[-118.20584,34.67756],[-118.20589,34.67479],[-118.20361,34.67477],[-118.2036,34.67296],[-118.20253,34.67295],[-118.20252,34.67118],[-118.20135,34.67118],[-118.20138,34.66839],[-118.2025,34.66839],[-118.20246,34.66656],[-118.20139,34.66655],[-118.20136,34.66472],[-118.20245,34.66473],[-118.20244,34.66379],[-118.20573,34.66387],[-118.20572,34.66122],[-118.20571,34.66013],[-118.20136,34.66014],[-118.20124,34.64559],[-118.20343,34.64652],[-118.20344,34.6456],[-118.20729,34.64561],[-118.20998,34.6443],[-118.21001,34.63095],[-118.18337,34.63112],[-118.18305,34.64569],[-118.11233,34.64594],[-118.11226,34.66047],[-118.05887,34.66062],[-118.05892,34.6679],[-118.05446,34.66791],[-118.05443,34.66423],[-118.0522,34.66426],[-118.05222,34.66794],[-118.0478,34.66801],[-118.04778,34.6661],[-118.04997,34.6661],[-118.04993,34.66062],[-118.04098,34.66063],[-118.04105,34.67151],[-118.02764,34.67163],[-118.02762,34.66797],[-118.03657,34.66798],[-118.03655,34.66428],[-118.00523,34.66436],[-118.00523,34.66803],[-118.01421,34.668],[-118.01421,34.67536],[-118.00975,34.67536],[-118.00975,34.67168],[-118.0053,34.67224],[-118.00523,34.67169],[-118.0008,34.6717],[-118.0008,34.67538],[-117.99633,34.67538],[-117.99639,34.6864],[-117.99187,34.68642],[-117.99181,34.66806],[-117.99632,34.66804],[-117.99632,34.66437],[-117.98737,34.66435],[-117.98736,34.66077],[-117.96979,34.66075],[-117.96964,34.67551],[-117.95205,34.67547],[-117.95205,34.66805],[-117.9476,34.66806],[-117.94764,34.66074],[-117.93873,34.66068],[-117.93867,34.67542],[-117.94759,34.67548],[-117.94755,34.68094],[-117.95195,34.68095],[-117.95196,34.68277],[-117.9608,34.68287],[-117.96087,34.69018],[-117.96301,34.6902],[-117.96304,34.68653],[-117.96526,34.68655],[-117.96525,34.68294],[-117.96967,34.6829],[-117.96967,34.67921],[-117.97859,34.67916],[-117.97863,34.6902],[-117.98628,34.69015],[-117.9866,34.6864],[-117.98738,34.68642],[-117.98731,34.69014],[-118.01727,34.68998],[-118.01721,34.68631],[-118.0189,34.6863],[-118.01896,34.68997],[-118.03231,34.68995],[-118.03235,34.69359],[-118.03458,34.69359],[-118.03457,34.68995],[-118.0412,34.68996],[-118.04123,34.69719],[-118.05922,34.69727],[-118.05916,34.71928],[-118.13062,34.71852],[-118.1308,34.7334],[-118.17508,34.73322],[-118.17561,34.76235],[-118.25466,34.76199],[-118.25471,34.7258],[-118.25802,34.72578],[-118.25795,34.72397],[-118.25905,34.72397],[-118.259,34.72215],[-118.25461,34.72218],[-118.25453,34.71855],[-118.26331,34.71849],[-118.26329,34.71742],[-118.26403,34.71742],[-118.26414,34.71849],[-118.2655,34.71848],[-118.26546,34.71484],[-118.27204,34.71481],[-118.2722,34.72389],[-118.26784,34.72392],[-118.26793,34.72754],[-118.27229,34.72752],[-118.27226,34.72579],[-118.27655,34.72573],[-118.2768,34.72931],[-118.28121,34.72929],[-118.28102,34.72567],[-118.28762,34.72564],[-118.28778,34.72926],[-118.28558,34.72927],[-118.28573,34.73288],[-118.29015,34.73285],[-118.28981,34.72563],[-118.29414,34.72561],[-118.29444,34.73283],[-118.29658,34.73282],[-118.29657,34.73457],[-118.29442,34.73459],[-118.29441,34.73646],[-118.29872,34.73645],[-118.29872,34.73826],[-118.29223,34.73828],[-118.29221,34.74012],[-118.29872,34.74004],[-118.29871,34.74735],[-118.31616,34.74713],[-118.31627,34.75207],[-118.31234,34.75214],[-118.31253,34.76087],[-118.31142,34.76089],[-118.31145,34.76182],[-118.30755,34.76189],[-118.30769,34.76915],[-118.31214,34.76905],[-118.31201,34.76182],[-118.32087,34.76162],[-118.32064,34.75198],[-118.32518,34.7519]],[[-118.31114,34.69642],[-118.30249,34.69652],[-118.3025,34.69833],[-118.30357,34.69833],[-118.30362,34.70377],[-118.30259,34.70378],[-118.30262,34.71832],[-118.29384,34.71835],[-118.29382,34.7147],[-118.29164,34.71472],[-118.29163,34.71291],[-118.2938,34.7129],[-118.2938,34.71104],[-118.28941,34.71111],[-118.28926,34.69655],[-118.2849,34.69657],[-118.28482,34.69293],[-118.28061,34.69294],[-118.28061,34.70328],[-118.28118,34.70387],[-118.28501,34.70385],[-118.28508,34.71477],[-118.27639,34.71477],[-118.27621,34.6966],[-118.26737,34.69662],[-118.26724,34.68933],[-118.26067,34.68934],[-118.26066,34.68568],[-118.27162,34.68566],[-118.27162,34.68471],[-118.276,34.68465],[-118.276,34.68565],[-118.28257,34.68559],[-118.28256,34.68383],[-118.28048,34.68384],[-118.28042,34.67834],[-118.28503,34.67836],[-118.28503,34.67717],[-118.28035,34.67716],[-118.28043,34.67471],[-118.2891,34.67475],[-118.28916,34.68747],[-118.29144,34.68746],[-118.29145,34.68927],[-118.31107,34.68923],[-118.31114,34.69642]],[[-118.26325,34.70935],[-118.26325,34.71119],[-118.25441,34.71124],[-118.2541,34.68934],[-118.25848,34.68933],[-118.2587,34.70028],[-118.26307,34.70025],[-118.26323,34.70757],[-118.2599,34.70757],[-118.25992,34.70937],[-118.26325,34.70935]],[[-118.24496,34.65178],[-118.24497,34.65284],[-118.24064,34.65288],[-118.2407,34.65653],[-118.23628,34.65653],[-118.23622,34.65289],[-118.23839,34.65289],[-118.23995,34.65056],[-118.24292,34.65054],[-118.24289,34.64964],[-118.24493,34.64961],[-118.24496,34.65178]]]},"properties":{"GEOID":"0640130","NAME":"Lancaster city","BASENAME":"Lancaster","STATE":"06","PLACE":"40130"}},{"type":"Feature","geometry":{"type":"Polygon","coordinates":[[[-118.66818,34.18987],[-118.66815,34.17675],[-118.65859,34.17675],[-118.65919,34.17574],[-118.65859,34.17567],[-118.65863,34.16944],[-118.65426,34.16943],[-118.65428,34.16572],[-118.64553,34.1657],[-118.64555,34.16198],[-118.64197,34.16197],[-118.63973,34.15909],[-118.64127,34.15833],[-118.64127,34.15672],[-118.63854,34.15766],[-118.63216,34.15052],[-118.63125,34.15109],[-118.63026,34.15038],[-118.62899,34.14727],[-118.61497,34.14728],[-118.61498,34.14927],[-118.56475,34.13017],[-118.5992,34.07434],[-118.5704,34.06935],[-118.57011,34.04712],[-118.56714,34.04138],[-118.57362,34.00733],[-118.56685,33.98827],[-118.56969,33.98881],[-118.56311,33.98782],[-118.51761,34.02494],[-118.50867,34.03298],[-118.50769,34.03627],[-118.50835,34.03915],[-118.50756,34.04007],[-118.50458,34.04129],[-118.50397,34.04072],[-118.49447,34.05056],[-118.48377,34.04143],[-118.47728,34.0467],[-118.45918,34.03133],[-118.4577,34.03164],[-118.45714,34.02974],[-118.45306,34.02804],[-118.44352,34.01658],[-118.53766,33.96688],[-118.53347,33.96179],[-118.52345,33.95305],[-118.50863,33.93252],[-118.49887,33.91615],[-118.43698,33.91631],[-118.4453,33.92155],[-118.45728,33.94143],[-118.45703,33.9583],[-118.45948,33.9583],[-118.46096,33.96017],[-118.45808,33.96128],[-118.45752,33.96058],[-118.45645,33.96106],[-118.4526,33.9571],[-118.443,33.94033],[-118.44155,33.93953],[-118.42966,33.91633],[-118.42222,33.91633],[-118.42222,33.91996],[-118.42439,33.91996],[-118.4244,33.92177],[-118.42657,33.92177],[-118.42657,33.92358],[-118.42766,33.92358],[-118.42767,33.9272],[-118.42875,33.9272],[-118.42877,33.93089],[-118.37887,33.93092],[-118.37872,33.92901],[-118.36837,33.92902],[-118.36839,33.93095],[-118.37003,33.93093],[-118.37006,33.95267],[-118.37884,33.95265],[-118.37883,33.95748],[-118.37793,33.95967],[-118.37589,33.96145],[-118.37124,33.96337],[-118.37162,33.96685],[-118.3729,33.96761],[-118.37015,33.96799],[-118.37034,33.98164],[-118.33519,33.98176],[-118.33521,33.97269],[-118.33302,33.9727],[-118.33303,33.96725],[-118.32648,33.96727],[-118.32647,33.97091],[-118.31775,33.97092],[-118.31772,33.94546],[-118.31337,33.94546],[-118.31339,33.93821],[-118.30902,33.93821],[-118.30902,33.94183],[-118.30519,33.94185],[-118.30518,33.94547],[-118.30245,33.94547],[-118.30245,33.94999],[-118.30026,33.95],[-118.30027,33.95948],[-118.2916,33.95949],[-118.29179,33.89412],[-118.29053,33.86641],[-118.29197,33.86554],[-118.29807,33.86555],[-118.29806,33.86642],[-118.2945,33.86647],[-118.29436,33.87052],[-118.29914,33.87053],[-118.29932,33.8657],[-118.30915,33.86561],[-118.30894,33.81238],[-118.30825,33.80901],[-118.3093,33.8088],[-118.30871,33.78222],[-118.30992,33.78195],[-118.30949,33.77905],[-118.30789,33.77946],[-118.30643,33.77496],[-118.30892,33.77496],[-118.30888,33.7724],[-118.31161,33.76305],[-118.30903,33.76268],[-118.30904,33.76051],[-118.30188,33.76051],[-118.301,33.75772],[-118.30909,33.75773],[-118.30961,33.74679],[-118.31845,33.74684],[-118.31848,33.74262],[-118.31961,33.74263],[-118.32003,33.74149],[-118.31888,33.74032],[-118.3185,33.73634],[-118.32037,33.73577],[-118.31851,33.73525],[-118.31853,33.73199],[-118.32091,33.73106],[-118.32101,33.7294],[-118.32847,33.72942],[-118.33306,33.72186],[-118.33043,33.72023],[-118.32323,33.7186],[-118.32218,33.71728],[-118.32074,33.71739],[-118.31925,33.71527],[-118.31791,33.71501],[-118.31746,33.71362],[-118.31334,33.71462],[-118.30775,33.71197],[-118.29821,33.70972],[-118.29572,33.70814],[-118.29416,33.70455],[-118.28866,33.70535],[-118.28612,33.70666],[-118.28519,33.70825],[-118.28249,33.70883],[-118.27914,33.70835],[-118.27799,33.7074],[-118.27848,33.70629],[-118.27698,33.70774],[-118.27011,33.70415],[-118.26618,33.70376],[-118.23174,33.71485],[-118.24897,33.7559],[-118.24077,33.7583],[-118.24545,33.76389],[-118.22067,33.78254],[-118.22768,33.78997],[-118.22244,33.80415],[-118.22244,33.81245],[-118.22458,33.82438],[-118.22661,33.82949],[-118.2285,33.82437],[-118.22391,33.80647],[-118.23004,33.79255],[-118.23751,33.80051],[-118.25844,33.79944],[-118.25651,33.80477],[-118.26459,33.80454],[-118.26459,33.79913],[-118.283,33.79824],[-118.28293,33.79763],[-118.29915,33.7978],[-118.29962,33.80342],[-118.29902,33.8034],[-118.29834,33.81305],[-118.29926,33.81365],[-118.29921,33.84632],[-118.28602,33.84625],[-118.28604,33.85225],[-118.28527,33.85225],[-118.28525,33.85416],[-118.29052,33.85422],[-118.29052,33.8587],[-118.28562,33.86104],[-118.28521,33.86048],[-118.28536,33.86116],[-118.28155,33.8628],[-118.2832,33.89695],[-118.28227,33.89731],[-118.28209,33.9232],[-118.27823,33.92322],[-118.27753,33.92243],[-118.27733,33.92328],[-118.25359,33.92309],[-118.25347,33.92863],[-118.25427,33.92946],[-118.23032,33.929],[-118.2309,33.93169],[-118.22865,33.93901],[-118.2295,33.9431],[-118.22748,33.94309],[-118.2286,33.9483],[-118.23403,33.94824],[-118.234,33.95326],[-118.24422,33.95326],[-118.24421,33.95427],[-118.24745,33.95426],[-118.24749,33.95336],[-118.24884,33.95336],[-118.24914,33.94327],[-118.25364,33.94328],[-118.25353,33.95126],[-118.2541,33.95103],[-118.25593,33.95306],[-118.25639,33.96017],[-118.25644,33.9895],[-118.23792,33.98939],[-118.23971,34.01471],[-118.21715,34.01497],[-118.21728,34.01564],[-118.2127,34.01429],[-118.2127,34.01498],[-118.20817,34.01501],[-118.20704,34.01278],[-118.20503,34.01263],[-118.20506,34.01452],[-118.19142,34.01286],[-118.19144,34.01508],[-118.19222,34.01508],[-118.19238,34.03323],[-118.19127,34.03361],[-118.19129,34.03442],[-118.19238,34.034],[-118.19262,34.06176],[-118.16529,34.0623],[-118.16452,34.06564],[-118.16169,34.07126],[-118.16176,34.07463],[-118.1605,34.07513],[-118.16066,34.09344],[-118.15615,34.09654],[-118.15529,34.09867],[-118.17799,34.09859],[-118.17799,34.11032],[-118.17724,34.11046],[-118.17699,34.1122],[-118.17248,34.1138],[-118.16887,34.11784],[-118.16889,34.11992],[-118.16747,34.12111],[-118.16845,34.12391],[-118.16579,34.12555],[-118.17043,34.12693],[-118.17237,34.12603],[-118.1728,34.12477],[-118.17696,34.12314],[-118.17654,34.12662],[-118.18019,34.12643],[-118.1809,34.12833],[-118.18144,34.1282],[-118.18134,34.1295],[-118.18258,34.12919],[-118.18282,34.13121],[-118.1861,34.13373],[-118.18521,34.13607],[-118.18589,34.13618],[-118.18568,34.13888],[-118.18043,34.14101],[-118.1823,34.14373],[-118.18456,34.1454],[-118.18379,34.14908],[-118.1982,34.14905],[-118.19819,34.15163],[-118.2027,34.15063],[-118.20543,34.14743],[-118.21097,34.14622],[-118.21161,34.14718],[-118.21918,34.14751],[-118.21944,34.14828],[-118.22245,34.14925],[-118.22623,34.14979],[-118.227,34.14763],[-118.2286,34.14689],[-118.22877,34.14603],[-118.22915,34.13808],[-118.22788,34.13808],[-118.22792,34.1356],[-118.2336,34.1356],[-118.23361,34.13451],[-118.23627,34.1345],[-118.23661,34.13271],[-118.23524,34.12672],[-118.25326,34.12445],[-118.25364,34.1233],[-118.25113,34.12095],[-118.25426,34.11876],[-118.25883,34.12302],[-118.26234,34.12768],[-118.27556,34.15317],[-118.27898,34.1532],[-118.27932,34.15513],[-118.2805,34.15633],[-118.28278,34.15681],[-118.29154,34.15578],[-118.2956,34.1588],[-118.29742,34.15887],[-118.29895,34.1577],[-118.30433,34.15884],[-118.30725,34.16096],[-118.30965,34.16126],[-118.31291,34.15399],[-118.31582,34.15445],[-118.31768,34.15631],[-118.32211,34.15573],[-118.33103,34.14832],[-118.3388,34.14523],[-118.34112,34.14538],[-118.34512,34.14264],[-118.3531,34.16129],[-118.35715,34.16129],[-118.35716,34.16491],[-118.35471,34.16495],[-118.35776,34.17216],[-118.36115,34.19465],[-118.37031,34.19638],[-118.37031,34.2012],[-118.3622,34.2013],[-118.36299,34.20682],[-118.33993,34.2065],[-118.33981,34.21119],[-118.33774,34.21127],[-118.33642,34.21457],[-118.33455,34.21562],[-118.33746,34.22131],[-118.26687,34.22185],[-118.26673,34.2408],[-118.26602,34.24036],[-118.26601,34.24258],[-118.26667,34.25078],[-118.2653,34.25027],[-118.26526,34.25238],[-118.2565,34.25227],[-118.25669,34.26719],[-118.23849,34.26709],[-118.23845,34.28158],[-118.2737,34.28197],[-118.27381,34.27839],[-118.28669,34.27849],[-118.28628,34.29279],[-118.29949,34.29335],[-118.29952,34.28614],[-118.32691,34.28606],[-118.32683,34.28243],[-118.35173,34.28247],[-118.35173,34.27883],[-118.35471,34.27885],[-118.36428,34.28076],[-118.36741,34.28037],[-118.3689,34.28326],[-118.36951,34.28346],[-118.37018,34.2819],[-118.37135,34.28234],[-118.36984,34.28613],[-118.37352,34.28615],[-118.37352,34.28317],[-118.37264,34.28283],[-118.38576,34.28482],[-118.38462,34.28973],[-118.38692,34.28973],[-118.38691,34.29149],[-118.38237,34.29153],[-118.38237,34.29333],[-118.38295,34.29333],[-118.38288,34.29696],[-118.38738,34.29694],[-118.3874,34.29878],[-118.3939,34.2988],[-118.39393,34.29698],[-118.39674,34.29698],[-118.39698,34.29335],[-118.39981,34.29342],[-118.40023,34.29257],[-118.40159,34.28642],[-118.40617,34.28593],[-118.4094,34.28901],[-118.41035,34.29197],[-118.40896,34.29181],[-118.40907,34.29366],[-118.40351,34.29351],[-118.40346,34.29711],[-118.4012,34.29706],[-118.40105,34.30067],[-118.4056,34.30073],[-118.40547,34.30791],[-118.40375,34.30792],[-118.40388,34.31005],[-118.40302,34.30939],[-118.4009,34.31003],[-118.40079,34.31644],[-118.39728,34.31712],[-118.39628,34.31807],[-118.39626,34.31986],[-118.40066,34.31954],[-118.40491,34.32208],[-118.4052,34.32981],[-118.41358,34.32988],[-118.41358,34.32741],[-118.41221,34.3259],[-118.41359,34.32469],[-118.41589,34.32449],[-118.42075,34.32557],[-118.42074,34.32772],[-118.41946,34.32793],[-118.41821,34.32949],[-118.41901,34.32988],[-118.49297,34.33077],[-118.50381,34.33731],[-118.53401,34.31453],[-118.5463,34.31733],[-118.54551,34.31566],[-118.54709,34.31335],[-118.54367,34.30572],[-118.5443,34.30394],[-118.54082,34.29881],[-118.55403,34.29641],[-118.55739,34.29924],[-118.55977,34.29919],[-118.5621,34.29879],[-118.56637,34.29543],[-118.56871,34.29464],[-118.57015,34.29535],[-118.57176,34.29862],[-118.58509,34.30348],[-118.58718,34.30309],[-118.59162,34.2875],[-118.59083,34.2825],[-118.59217,34.28236],[-118.5917,34.28023],[-118.59257,34.27804],[-118.59621,34.27452],[-118.60415,34.27747],[-118.60734,34.27774],[-118.62521,34.27503],[-118.62875,34.2733],[-118.63346,34.26952],[-118.63255,34.26343],[-118.63244,34.23857],[-118.62995,34.23858],[-118.63146,34.23702],[-118.64698,34.23808],[-118.64971,34.22711],[-118.6533,34.22756],[-118.65405,34.22711],[-118.65405,34.22349],[-118.65839,34.22349],[-118.6584,34.21657],[-118.65234,34.21657],[-118.65324,34.21295],[-118.66274,34.2129],[-118.66276,34.20934],[-118.6678,34.20933],[-118.66808,34.19497],[-118.65847,34.19496],[-118.65848,34.19676],[-118.65661,34.19676],[-118.65745,34.18982],[-118.66145,34.1895],[-118.66733,34.19134],[-118.66814,34.19133],[-118.66818,34.18987]],[[-118.46876,34.06519],[-118.46889,34.06587],[-118.46673,34.06771],[-118.46534,34.06699],[-118.4632,34.06507],[-118.4611,34.06005],[-118.45878,34.05807],[-118.45516,34.06024],[-118.45962,34.06544],[-118.45468,34.0668],[-118.45403,34.06505],[-118.44562,34.0553],[-118.44909,34.05335],[-118.44818,34.04958],[-118.45222,34.04706],[-118.45407,34.04921],[-118.45658,34.04772],[-118.46795,34.06091],[-118.46876,34.06519]],[[-118.46348,33.98105],[-118.45505,33.98642],[-118.4416,33.98338],[-118.43226,33.97502],[-118.4513,33.96423],[-118.45453,33.96984],[-118.46348,33.98105]],[[-118.45568,34.2846],[-118.44944,34.2897],[-118.45,34.2904],[-118.4455,34.29441],[-118.44478,34.2938],[-118.43257,34.30469],[-118.4214,34.29437],[-118.41856,34.29645],[-118.41579,34.29384],[-118.41863,34.29176],[-118.41712,34.29036],[-118.43305,34.27823],[-118.43371,34.27774],[-118.43559,34.27937],[-118.44373,34.27331],[-118.45568,34.2846]],[[-118.4481,33.99262],[-118.44847,33.99336],[-118.44335,33.99532],[-118.44246,33.9936],[-118.43033,33.99945],[-118.43084,34.0001],[-118.42849,34.00134],[-118.42598,33.99807],[-118.4204,33.99869],[-118.41824,34.00062],[-118.42125,34.00442],[-118.41734,34.00675],[-118.41923,34.0091],[-118.42009,34.00865],[-118.42141,34.01032],[-118.40686,34.01857],[-118.40546,34.01685],[-118.40048,34.0199],[-118.40129,34.02109],[-118.3988,34.02086],[-118.39745,34.02166],[-118.39835,34.02292],[-118.38717,34.0294],[-118.3864,34.02891],[-118.36958,34.03508],[-118.3719,34.02993],[-118.37364,34.03042],[-118.37622,34.02865],[-118.3771,34.02623],[-118.37637,34.02585],[-118.3767,34.02399],[-118.37793,34.02124],[-118.38131,34.02057],[-118.37797,34.01802],[-118.37267,34.01836],[-118.37407,34.01513],[-118.37309,34.01191],[-118.37265,34.01584],[-118.36672,34.01562],[-118.36717,34.00709],[-118.36503,34.00555],[-118.36266,34.00632],[-118.36144,34.00833],[-118.35754,34.00914],[-118.35912,34.00163],[-118.3578,33.99714],[-118.35594,34.00062],[-118.35135,34.00455],[-118.34168,34.00462],[-118.33569,34.00826],[-118.33512,34.00633],[-118.33148,34.00149],[-118.33163,33.99633],[-118.33728,33.99631],[-118.33727,33.98849],[-118.34247,33.98845],[-118.34249,33.98942],[-118.35268,33.98934],[-118.35268,33.98306],[-118.3717,33.983],[-118.37181,33.97732],[-118.38034,33.97635],[-118.38659,33.97663],[-118.39765,33.98207],[-118.39846,33.98316],[-118.39489,33.98385],[-118.39867,33.98802],[-118.40124,33.98639],[-118.4062,33.9894],[-118.40515,33.9905],[-118.40786,33.99212],[-118.40282,33.99583],[-118.40098,33.99912],[-118.40159,33.99996],[-118.4008,34.00142],[-118.39982,34.00161],[-118.40277,34.00347],[-118.40589,33.99924],[-118.40908,34.00121],[-118.40964,34.0005],[-118.41436,34.00366],[-118.41606,34.0005],[-118.41967,33.99761],[-118.4311,33.99638],[-118.42972,33.98976],[-118.43087,33.98919],[-118.43246,33.99145],[-118.43717,33.99528],[-118.44702,33.99052],[-118.4481,33.99262]],[[-118.42704,34.09008],[-118.42704,34.09063],[-118.42266,34.09064],[-118.42274,34.09432],[-118.41393,34.09427],[-118.41175,34.09225],[-118.41147,34.0935],[-118.40944,34.09486],[-118.40864,34.09715],[-118.40869,34.10151],[-118.40541,34.10146],[-118.40532,34.0963],[-118.40242,34.09367],[-118.40089,34.09399],[-118.40104,34.10874],[-118.39867,34.10875],[-118.40007,34.11093],[-118.39658,34.11164],[-118.39658,34.11241],[-118.39114,34.11242],[-118.39057,34.1092],[-118.39238,34.10631],[-118.39208,34.09905],[-118.39541,34.09617],[-118.39651,34.09618],[-118.39584,34.09106],[-118.38604,34.09104],[-118.38594,34.09277],[-118.38446,34.09372],[-118.38118,34.09332],[-118.38118,34.0921],[-118.36874,34.09797],[-118.36734,34.09688],[-118.36165,34.09718],[-118.36154,34.09446],[-118.34338,34.09433],[-118.34339,34.0889],[-118.3528,34.08896],[-118.3528,34.08713],[-118.3627,34.08719],[-118.36271,34.08879],[-118.36644,34.08892],[-118.36643,34.08714],[-118.37023,34.08708],[-118.37023,34.08561],[-118.37248,34.08544],[-118.3725,34.09026],[-118.37695,34.08863],[-118.37703,34.08304],[-118.3703,34.08316],[-118.37029,34.08017],[-118.37421,34.08016],[-118.3742,34.08202],[-118.37525,34.08201],[-118.37526,34.08016],[-118.37725,34.08021],[-118.37717,34.07659],[-118.39072,34.0765],[-118.3907,34.07208],[-118.38376,34.07212],[-118.38373,34.06968],[-118.37618,34.06934],[-118.37576,34.0701],[-118.37203,34.06387],[-118.37224,34.0622],[-118.37601,34.05961],[-118.37727,34.05952],[-118.37733,34.06295],[-118.38353,34.06294],[-118.38367,34.0571],[-118.40592,34.0571],[-118.40593,34.05483],[-118.40528,34.0544],[-118.40612,34.05414],[-118.40557,34.05296],[-118.40611,34.05278],[-118.41155,34.06043],[-118.4122,34.0601],[-118.41417,34.06284],[-118.41351,34.06316],[-118.41725,34.06838],[-118.41639,34.06887],[-118.41846,34.07236],[-118.41964,34.07265],[-118.42093,34.07543],[-118.42329,34.07569],[-118.42277,34.07705],[-118.42383,34.07974],[-118.42279,34.07996],[-118.42278,34.08309],[-118.42696,34.08304],[-118.42704,34.09008]],[[-118.4176,34.10717],[-118.41749,34.1125],[-118.41604,34.11251],[-118.41408,34.11199],[-118.41412,34.11074],[-118.41179,34.1107],[-118.41181,34.10888],[-118.40974,34.10885],[-118.40975,34.10515],[-118.41746,34.1052],[-118.4176,34.10717]],[[-118.41473,33.98402],[-118.41342,33.98497],[-118.40909,33.98125],[-118.41246,33.9803],[-118.41473,33.98402]],[[-118.3618,34.13885],[-118.36094,34.14122],[-118.36127,34.14269],[-118.35523,34.14305],[-118.3476,34.14198],[-118.34502,34.1424],[-118.34323,34.13821],[-118.34403,34.13785],[-118.34421,34.13606],[-118.34845,34.13289],[-118.34877,34.13139],[-118.35161,34.13412],[-118.35699,34.13504],[-118.35783,34.13799],[-118.35887,34.13805],[-118.35882,34.13862],[-118.35734,34.13831],[-118.35719,34.13921],[-118.3618,34.13885]],[[-118.35835,34.07568],[-118.35767,34.07612],[-118.35756,34.07608],[-118.35835,34.07568]],[[-118.30915,33.73792],[-118.30912,33.74162],[-118.30426,33.74153],[-118.30426,33.73996],[-118.30206,33.73931],[-118.30206,33.7407],[-118.30299,33.7407],[-118.30299,33.74152],[-118.30165,33.74152],[-118.30167,33.74333],[-118.29951,33.74335],[-118.29891,33.74414],[-118.29671,33.74332],[-118.29674,33.73788],[-118.30915,33.73792]],[[-118.29922,33.85423],[-118.29922,33.85832],[-118.29703,33.85832],[-118.29704,33.84728],[-118.29921,33.84729],[-118.29922,33.85423]]]},"properties":{"GEOID":"0644000","NAME":"Los Angeles city","BASENAME":"Los Angeles","STATE":"06","PLACE":"44000"}},{"type":"Feature","geometry":{"type":"Polygon","coordinates":[[[-118.28773,34.5814],[-118.28761,34.55818],[-118.25468,34.5583],[-118.2555,34.53929],[-118.22025,34.53909],[-118.22018,34.54275],[-118.19823,34.54259],[-118.19823,34.54626],[-118.19389,34.54616],[-118.19395,34.55735],[-118.20002,34.55736],[-118.20002,34.5583],[-118.16485,34.55813],[-118.16489,34.56661],[-118.16111,34.56385],[-118.15604,34.56392],[-118.15161,34.56181],[-118.15165,34.56527],[-118.14278,34.5652],[-118.1427,34.558],[-118.13889,34.55796],[-118.13892,34.55563],[-118.1383,34.55564],[-118.13824,34.55796],[-118.13105,34.55792],[-118.13203,34.55975],[-118.12934,34.55973],[-118.12936,34.55792],[-118.13029,34.55792],[-118.13177,34.55533],[-118.13159,34.5531],[-118.1292,34.5531],[-118.12998,34.55457],[-118.1296,34.55547],[-118.12712,34.55736],[-118.1238,34.5566],[-118.1238,34.55794],[-118.11427,34.55799],[-118.11333,34.55095],[-118.10312,34.53643],[-118.10278,34.53757],[-118.09675,34.53559],[-118.0936,34.53749],[-118.08464,34.53586],[-118.08249,34.53703],[-118.08113,34.53629],[-118.07968,34.5348],[-118.07961,34.51356],[-118.05939,34.51368],[-118.05987,34.51004],[-118.05392,34.51006],[-118.05391,34.51369],[-118.04513,34.51371],[-118.0452,34.52183],[-118.05701,34.52799],[-118.07156,34.52815],[-118.07164,34.53423],[-118.07459,34.53542],[-118.06285,34.53551],[-118.06283,34.53263],[-118.05938,34.53303],[-118.05515,34.53239],[-118.05485,34.53335],[-118.0548,34.5323],[-118.05181,34.53109],[-118.04961,34.53163],[-118.05015,34.53708],[-118.04876,34.53764],[-118.04968,34.53911],[-118.04967,34.54271],[-118.03427,34.54272],[-118.03429,34.54083],[-118.02771,34.54086],[-118.02768,34.53549],[-118.01885,34.53548],[-118.01885,34.53453],[-118.01395,34.53086],[-118.00825,34.52273],[-118.00578,34.52148],[-118.00249,34.52112],[-118.00287,34.52194],[-118.00192,34.5246],[-118.00126,34.52459],[-118.00128,34.52826],[-117.9969,34.52828],[-117.99695,34.53553],[-117.99474,34.53555],[-117.99475,34.53737],[-117.99256,34.53738],[-117.99126,34.53829],[-117.98817,34.54104],[-117.98815,34.54466],[-117.98593,34.54468],[-117.98592,34.54649],[-117.98371,34.5465],[-117.9837,34.54832],[-117.98149,34.54832],[-117.98145,34.55396],[-117.97925,34.55398],[-117.97925,34.55791],[-117.97828,34.55794],[-117.97831,34.56143],[-117.98718,34.56141],[-117.98693,34.58704],[-117.91619,34.58716],[-117.91631,34.66061],[-118.11226,34.66047],[-118.11233,34.64594],[-118.15325,34.64572],[-118.15316,34.63026],[-118.15207,34.63026],[-118.15211,34.62386],[-118.14881,34.62395],[-118.14884,34.61844],[-118.1499,34.61844],[-118.14992,34.61658],[-118.14994,34.61288],[-118.14887,34.61286],[-118.14889,34.60915],[-118.15658,34.60914],[-118.15656,34.60548],[-118.18324,34.60548],[-118.18351,34.62378],[-118.20116,34.62369],[-118.20117,34.62311],[-118.20184,34.62369],[-118.20995,34.62369],[-118.21001,34.63095],[-118.22319,34.63086],[-118.22302,34.63823],[-118.23616,34.63824],[-118.23606,34.64561],[-118.27124,34.64551],[-118.2712,34.61673],[-118.22832,34.61645],[-118.22261,34.61728],[-118.22201,34.61616],[-118.21864,34.6149],[-118.21862,34.6136],[-118.22311,34.61488],[-118.22383,34.61593],[-118.22749,34.6154],[-118.22738,34.60917],[-118.21857,34.60911],[-118.21849,34.60186],[-118.22725,34.60189],[-118.22683,34.59464],[-118.23557,34.59466],[-118.23575,34.59763],[-118.23453,34.59767],[-118.23549,34.59897],[-118.24134,34.60111],[-118.24483,34.60102],[-118.25595,34.60688],[-118.26235,34.60947],[-118.26528,34.60947],[-118.26525,34.60676],[-118.26234,34.60675],[-118.26232,34.60404],[-118.27104,34.60408],[-118.27092,34.5913],[-118.26653,34.59132],[-118.26648,34.58766],[-118.26143,34.5877],[-118.26146,34.58374],[-118.27466,34.58376],[-118.27459,34.58739],[-118.28332,34.58747],[-118.28335,34.58376],[-118.2877,34.58375],[-118.28773,34.5814]],[[-118.1616,34.58772],[-118.1553,34.594],[-118.15595,34.5946],[-118.15854,34.5927],[-118.1592,34.59333],[-118.16087,34.59261],[-118.15623,34.59594],[-118.14983,34.59827],[-118.14941,34.59703],[-118.15361,34.59555],[-118.15131,34.59345],[-118.1483,34.59538],[-118.14882,34.59145],[-118.14753,34.59146],[-118.14748,34.58715],[-118.15012,34.58714],[-118.14992,34.58456],[-118.15284,34.58348],[-118.15407,34.58445],[-118.15597,34.58455],[-118.15635,34.58712],[-118.1616,34.5871],[-118.1616,34.58772]],[[-118.12454,34.58718],[-118.1238,34.58901],[-118.12378,34.58718],[-118.12454,34.58718]],[[-118.11909,34.59232],[-118.11944,34.59453],[-118.11201,34.5946],[-118.11201,34.58731],[-118.11829,34.58724],[-118.11909,34.59232]],[[-118.10317,34.59478],[-118.10315,34.60218],[-118.07983,34.60225],[-118.07984,34.60802],[-118.08087,34.60802],[-118.08098,34.61678],[-118.0775,34.61678],[-118.07709,34.6136],[-118.07851,34.61388],[-118.0792,34.61208],[-118.08087,34.61243],[-118.08087,34.61],[-118.07521,34.60826],[-118.07666,34.60298],[-118.07623,34.60221],[-118.07495,34.60812],[-118.07348,34.60784],[-118.07377,34.60685],[-118.07197,34.6065],[-118.072,34.61678],[-118.0702,34.61678],[-118.07025,34.62346],[-118.06926,34.6241],[-118.05864,34.6241],[-118.05867,34.62778],[-118.04977,34.62779],[-118.04982,34.64599],[-117.96988,34.64604],[-117.96969,34.63862],[-117.95183,34.6387],[-117.95164,34.59453],[-117.99602,34.59428],[-117.99595,34.57965],[-118.02287,34.57982],[-118.02292,34.58716],[-118.04075,34.58737],[-118.04076,34.59104],[-118.10316,34.59108],[-118.10317,34.59478]]]},"properties":{"GEOID":"0655156","NAME":"Palmdale city","BASENAME":"Palmdale","STATE":"06","PLACE":"55156"}},{"type":"Feature","geometry":{"type":"MultiPolygon","coordinates":[[[[-118.61331,34.44963],[-118.60983,34.44564],[-118.59732,34.43883],[-118.58657,34.42936],[-118.5796,34.41612],[-118.57262,34.39984],[-118.57017,34.38929],[-118.56681,34.3807],[-118.55641,34.36524],[-118.55274,34.35717],[-118.55168,34.35617],[-118.5334,34.35619],[-118.53328,34.35244],[-118.52402,34.35248],[-118.51972,34.35078],[-118.51974,34.34714],[-118.5151,34.34688],[-118.51521,34.34514],[-118.51055,34.34488],[-118.51086,34.34149],[-118.506,34.34137],[-118.50466,34.34457],[-118.48894,34.34446],[-118.48864,34.35162],[-118.48505,34.35159],[-118.48493,34.35958],[-118.47584,34.3591],[-118.47591,34.36628],[-118.48477,34.36674],[-118.4847,34.37037],[-118.48908,34.37042],[-118.4891,34.36955],[-118.49162,34.36958],[-118.49166,34.36684],[-118.49645,34.3669],[-118.49681,34.37064],[-118.50029,34.37063],[-118.49778,34.37386],[-118.48734,34.38294],[-118.4729,34.39258],[-118.4716,34.39118],[-118.46282,34.39121],[-118.4625,34.38461],[-118.44886,34.38468],[-118.44847,34.38073],[-118.44409,34.38079],[-118.44408,34.37817],[-118.44192,34.37814],[-118.44195,34.37453],[-118.43979,34.37452],[-118.43975,34.37721],[-118.43641,34.3772],[-118.43642,34.37629],[-118.4342,34.37628],[-118.4331,34.37448],[-118.43087,34.37446],[-118.43111,34.36704],[-118.42665,34.36699],[-118.42656,34.3707],[-118.41879,34.3706],[-118.41883,34.3669],[-118.41995,34.36691],[-118.41997,34.36318],[-118.41551,34.36315],[-118.41548,34.36686],[-118.41325,34.36684],[-118.41318,34.37053],[-118.40945,34.3706],[-118.40956,34.35951],[-118.4056,34.35955],[-118.40559,34.38148],[-118.39805,34.38179],[-118.39795,34.38646],[-118.39792,34.39441],[-118.40383,34.39457],[-118.40323,34.39852],[-118.40434,34.3987],[-118.40305,34.39937],[-118.40384,34.39967],[-118.40366,34.40046],[-118.40567,34.4007],[-118.40858,34.40353],[-118.40731,34.40574],[-118.40396,34.40646],[-118.4009,34.40363],[-118.40082,34.4017],[-118.39975,34.40015],[-118.39786,34.39909],[-118.39759,34.427],[-118.40421,34.42563],[-118.40354,34.42707],[-118.4042,34.42708],[-118.4042,34.42847],[-118.392,34.43364],[-118.38704,34.43369],[-118.38709,34.43452],[-118.38206,34.43511],[-118.38246,34.43767],[-118.38112,34.43829],[-118.37989,34.43816],[-118.37895,34.43687],[-118.37871,34.44927],[-118.38769,34.44947],[-118.38769,34.44692],[-118.38921,34.44751],[-118.3884,34.44849],[-118.38907,34.44947],[-118.38885,34.45315],[-118.3877,34.45312],[-118.388,34.46034],[-118.39246,34.46038],[-118.39276,34.45575],[-118.3943,34.4558],[-118.39405,34.4549],[-118.39226,34.45473],[-118.39386,34.45408],[-118.39352,34.45327],[-118.39732,34.45337],[-118.39735,34.44967],[-118.39561,34.44963],[-118.39459,34.44675],[-118.39629,34.44606],[-118.39766,34.44681],[-118.39809,34.44745],[-118.39737,34.44907],[-118.39961,34.44872],[-118.39988,34.44961],[-118.40282,34.44953],[-118.40289,34.4464],[-118.41507,34.44556],[-118.41518,34.44009],[-118.42388,34.44002],[-118.4239,34.4391],[-118.42824,34.43905],[-118.42825,34.43729],[-118.43259,34.4381],[-118.43248,34.44643],[-118.43347,34.44683],[-118.43344,34.44885],[-118.43421,34.44976],[-118.43514,34.44977],[-118.43515,34.44887],[-118.43664,34.44887],[-118.43684,34.45254],[-118.44125,34.4525],[-118.44127,34.45607],[-118.44347,34.45604],[-118.44348,34.45963],[-118.46144,34.45948],[-118.46786,34.45346],[-118.47208,34.45392],[-118.47207,34.45589],[-118.481,34.45601],[-118.48082,34.45961],[-118.48582,34.4597],[-118.48507,34.46021],[-118.48531,34.46823],[-118.48088,34.46821],[-118.48084,34.4739],[-118.48526,34.47393],[-118.48528,34.47209],[-118.4897,34.47215],[-118.49147,34.47485],[-118.4941,34.47361],[-118.49833,34.47411],[-118.49829,34.47782],[-118.50252,34.47791],[-118.5025,34.4853],[-118.49823,34.48521],[-118.49821,34.48888],[-118.49391,34.48879],[-118.49381,34.49613],[-118.51132,34.49627],[-118.51135,34.48895],[-118.52014,34.48893],[-118.5202,34.48166],[-118.53781,34.48171],[-118.53776,34.47684],[-118.53634,34.47627],[-118.53724,34.4762],[-118.53682,34.47525],[-118.53774,34.47454],[-118.53768,34.46309],[-118.54041,34.46644],[-118.54134,34.46656],[-118.54105,34.46554],[-118.54177,34.46486],[-118.54341,34.46495],[-118.54445,34.46677],[-118.54695,34.4668],[-118.54689,34.47013],[-118.54791,34.47034],[-118.54687,34.47031],[-118.54677,34.47102],[-118.54769,34.47122],[-118.54712,34.47393],[-118.54497,34.47435],[-118.54782,34.47441],[-118.54781,34.47249],[-118.55107,34.4725],[-118.55108,34.47441],[-118.55538,34.47442],[-118.55552,34.48536],[-118.54669,34.48535],[-118.54667,34.489],[-118.54236,34.48899],[-118.5419,34.49518],[-118.54422,34.4963],[-118.54662,34.4963],[-118.54665,34.49757],[-118.55185,34.49997],[-118.56002,34.50003],[-118.56006,34.48902],[-118.56901,34.48903],[-118.56886,34.48539],[-118.57327,34.4854],[-118.57311,34.48175],[-118.58187,34.4818],[-118.58182,34.47814],[-118.57743,34.47812],[-118.57735,34.47157],[-118.57081,34.47067],[-118.57497,34.46804],[-118.57357,34.46788],[-118.5735,34.46426],[-118.57496,34.46274],[-118.57452,34.46131],[-118.58129,34.461],[-118.58683,34.45574],[-118.58433,34.45401],[-118.58133,34.44746],[-118.58792,34.44731],[-118.58979,34.44803],[-118.59638,34.4466],[-118.59855,34.44815],[-118.60367,34.44706],[-118.60592,34.44945],[-118.60863,34.44909],[-118.61058,34.45053],[-118.61331,34.44963]]],[[[-118.5555,34.35847],[-118.55544,34.35852],[-118.5554,34.35854],[-118.5555,34.35847]]],[[[-118.55803,34.3565],[-118.55491,34.35693],[-118.55551,34.35846],[-118.55803,34.3565]]],[[[-118.56596,34.35767],[-118.56096,34.35803],[-118.56058,34.3567],[-118.55843,34.35616],[-118.55545,34.35875],[-118.55599,34.35986],[-118.55835,34.35987],[-118.55913,34.35803],[-118.55953,34.3595],[-118.56481,34.35969],[-118.56596,34.35767]]]]},"properties":{"GEOID":"0669088","NAME":"Santa Clarita city","BASENAME":"Santa Clarita","STATE":"06","PLACE":"69088"}},{"type":"Feature","geometry":{"type":"Polygon","coordinates":[[[-118.24897,33.7559],[-118.22158,33.69059],[-118.19211,33.69059],[-118.16583,33.69156],[-118.15598,33.69294],[-118.12206,33.73674],[-118.1202,33.73601],[-118.11324,33.74698],[-118.09197,33.75847],[-118.09233,33.76453],[-118.09706,33.77372],[-118.09656,33.77947],[-118.08623,33.79688],[-118.08474,33.80291],[-118.07283,33.81486],[-118.06317,33.81968],[-118.06327,33.82411],[-118.06593,33.82401],[-118.06663,33.8222],[-118.06887,33.82217],[-118.06872,33.82402],[-118.07468,33.82301],[-118.0817,33.82508],[-118.08272,33.82975],[-118.08193,33.83126],[-118.09343,33.83129],[-118.09353,33.83201],[-118.09747,33.83234],[-118.12498,33.83244],[-118.12492,33.84705],[-118.14265,33.84673],[-118.14271,33.83249],[-118.1499,33.83251],[-118.15104,33.82949],[-118.1541,33.82898],[-118.1541,33.82751],[-118.15595,33.82751],[-118.15596,33.82514],[-118.15792,33.82514],[-118.16085,33.82758],[-118.16404,33.8276],[-118.16464,33.82005],[-118.16736,33.82005],[-118.16736,33.82778],[-118.16431,33.8278],[-118.16432,33.84706],[-118.16756,33.84694],[-118.1677,33.85426],[-118.1555,33.8544],[-118.15552,33.85747],[-118.15697,33.85746],[-118.15699,33.86011],[-118.14659,33.86031],[-118.14665,33.86894],[-118.15124,33.86892],[-118.15132,33.88199],[-118.17743,33.88195],[-118.17744,33.88536],[-118.18667,33.88553],[-118.18789,33.88146],[-118.20887,33.88129],[-118.20852,33.8748],[-118.2055,33.87429],[-118.20549,33.8704],[-118.20632,33.87034],[-118.20355,33.8611],[-118.20113,33.86069],[-118.2042,33.85566],[-118.20574,33.84911],[-118.20666,33.84861],[-118.20659,33.84657],[-118.20591,33.84648],[-118.20773,33.83918],[-118.21128,33.83918],[-118.21342,33.83429],[-118.21601,33.83428],[-118.21688,33.83015],[-118.21571,33.8259],[-118.22228,33.8256],[-118.2223,33.82438],[-118.2246,33.82429],[-118.22244,33.81245],[-118.22244,33.80415],[-118.22768,33.78997],[-118.22067,33.78254],[-118.24545,33.76389],[-118.24077,33.7583],[-118.24897,33.7559]],[[-118.18459,33.80627],[-118.18458,33.81862],[-118.17197,33.81863],[-118.17197,33.81529],[-118.17415,33.81529],[-118.17414,33.81347],[-118.17849,33.81347],[-118.17849,33.81163],[-118.18066,33.81164],[-118.18065,33.80439],[-118.1763,33.80438],[-118.1763,33.81165],[-118.16327,33.81168],[-118.16325,33.80913],[-118.15891,33.80986],[-118.15885,33.80205],[-118.15578,33.80442],[-118.15135,33.80443],[-118.15139,33.79712],[-118.15889,33.79712],[-118.1589,33.79637],[-118.15456,33.79637],[-118.15457,33.79347],[-118.15217,33.79347],[-118.14965,33.78984],[-118.1655,33.78986],[-118.18175,33.80064],[-118.18173,33.80423],[-118.18458,33.80433],[-118.18459,33.80627]],[[-118.11657,33.82502],[-118.11656,33.82844],[-118.1143,33.82843],[-118.11429,33.83024],[-118.10776,33.83031],[-118.10779,33.82499],[-118.10855,33.82499],[-118.10854,33.82753],[-118.11043,33.82753],[-118.11044,33.825],[-118.11657,33.82502]]]},"properties":{"GEOID":"0643000","NAME":"Long Beach city","BASENAME":"Long Beach","STATE":"06","PLACE":"43000"}}]}