{"type":"FeatureCollection","features":[{"type":"Feature","geometry":{"type":"Polygon","coordinates":[[[-121.1784,37.7055],[-121.1662,37.6994],[-121.1637,37.7004],[-121.1667,37.7018],[-121.1657,37.7043],[-121.1586,37.7054],[-121.1621,37.7081],[-121.1593,37.7085],[-121.1591,37.7166],[-121.1551,37.7203],[-121.1461,37.7175],[-121.1365,37.7247],[-121.1318,37.7221],[-121.1168,37.7241],[-121.1076,37.7323],[-121.11,37.7421],[-121.0998,37.7402],[-121.101,37.7377],[-121.0958,37.7362],[-121.0954,37.7332],[-121.0877,37.7414],[-121.0831,37.7418],[-121.0775,37.7375],[-121.067,37.7396],[-121.0669,37.7447],[-121.0634,37.7437],[-121.0647,37.7467],[-121.0567,37.7505],[-121.0517,37.7481],[-121.0536,37.7459],[-121.0507,37.7457],[-121.051,37.7418],[-121.0379,37.7392],[-121.0365,37.743],[-121.0257,37.7424],[-121.0177,37.7553],[-121.0112,37.7558],[-121.014,37.7545],[-121.0108,37.7516],[-121.0127,37.7497],[-121.008,37.7491],[-120.9934,37.7609],[-120.9818,37.7567],[-120.9732,37.748],[-120.954,37.7384],[-120.942,37.7423],[-120.9206,37.7383],[-120.9234,37.758],[-120.9263,37.8867],[-120.9264,38.0774],[-120.9388,38.0883],[-121.0271,38.3003],[-121.0406,38.2977],[-121.0481,38.2911],[-121.0617,38.2989],[-121.0675,38.2989],[-121.0942,38.2819],[-121.1022,38.2832],[-121.1163,38.2774],[-121.1278,38.2774],[-121.147,38.2639],[-121.1731,38.2552],[-121.192,38.2567],[-121.2034,38.2488],[-121.215,38.2488],[-121.223,38.2444],[-121.2293,38.2475],[-121.2476,38.2454],[-121.2684,38.2523],[-121.283,38.2497],[-121.2955,38.2376],[-121.3444,38.2282],[-121.3891,38.2332],[-121.3984,38.2274],[-121.4205,38.2372],[-121.4277,38.2457],[-121.4251,38.2504],[-121.4295,38.2549],[-121.4449,38.2568],[-121.4504,38.2546],[-121.4665,38.26],[-121.4757,38.2581],[-121.4801,38.2536],[-121.4786,38.2462],[-121.4871,38.2399],[-121.4917,38.2277],[-121.5064,38.2246],[-121.5043,38.2121],[-121.5099,38.2046],[-121.5207,38.2029],[-121.5289,38.1953],[-121.5245,38.1855],[-121.5278,38.1817],[-121.5243,38.1727],[-121.5362,38.1582],[-121.5363,38.1516],[-121.5592,38.1439],[-121.5577,38.1368],[-121.5763,38.1291],[-121.5844,38.1183],[-121.582,38.112],[-121.5672,38.1062],[-121.564,38.1014],[-121.5672,38.0973],[-121.58,38.0944],[-121.5767,38.0782],[-121.5729,38.0737],[-121.5822,38.0684],[-121.5844,38.036],[-121.5788,38.0326],[-121.5802,38.0413],[-121.573,38.0422],[-121.5714,38.0304],[-121.5642,38.0297],[-121.5575,38.0166],[-121.5721,38.0184],[-121.5671,38.012],[-121.577,38.0111],[-121.5799,38.0078],[-121.5782,38.0039],[-121.5688,38.0022],[-121.5706,37.999],[-121.5792,37.9981],[-121.5761,37.9949],[-121.5824,37.9835],[-121.5724,37.979],[-121.5802,37.9764],[-121.565,37.959],[-121.5752,37.955],[-121.5635,37.9547],[-121.5688,37.9485],[-121.5674,37.944],[-121.5578,37.947],[-121.5636,37.9434],[-121.5573,37.9322],[-121.5589,37.9279],[-121.5564,37.9236],[-121.5651,37.9192],[-121.5633,37.9106],[-121.5728,37.9043],[-121.5659,37.8977],[-121.5684,37.8917],[-121.5759,37.8883],[-121.5739,37.8834],[-121.5793,37.8706],[-121.5734,37.8658],[-121.5794,37.8602],[-121.578,37.8578],[-121.569,37.8606],[-121.5705,37.8576],[-121.5659,37.8579],[-121.562,37.8531],[-121.5603,37.8586],[-121.5553,37.858],[-121.5525,37.8611],[-121.5475,37.8552],[-121.5406,37.8576],[-121.54,37.8488],[-121.5341,37.8495],[-121.5382,37.8374],[-121.552,37.83],[-121.5533,37.8188],[-121.5571,37.8158],[-121.5567,37.5427],[-121.5406,37.5298],[-121.5223,37.5247],[-121.5015,37.525],[-121.4983,37.5224],[-121.5024,37.5185],[-121.4972,37.5125],[-121.496,37.5049],[-121.4821,37.5014],[-121.4693,37.4897],[-121.4719,37.4818],[-121.2409,37.6648],[-121.2302,37.663],[-121.2292,37.6689],[-121.2185,37.6736],[-121.2228,37.6772],[-121.2183,37.6794],[-121.2235,37.6836],[-121.2164,37.6879],[-121.2087,37.6863],[-121.2052,37.6915],[-121.2069,37.6943],[-121.2025,37.696],[-121.1992,37.696],[-121.2014,37.6928],[-121.1993,37.6902],[-121.1941,37.6949],[-121.1874,37.6875],[-121.1812,37.6879],[-121.1831,37.69],[-121.1791,37.6927],[-121.1841,37.6926],[-121.1806,37.6937],[-121.1826,37.6985],[-121.1759,37.6994],[-121.1801,37.7031],[-121.1784,37.7055]]]},"properties":{"GEOID":"06077","NAME":"San Joaquin County","BASENAME":"San Joaquin","STATE":"06","COUNTY":"077"}},{"type":"Feature","geometry":{"type":"Polygon","coordinates":[[[-114.7265,32.7183],[-114.7195,32.7187],[-114.7145,32.7304],[-114.7016,32.7456],[-114.6882,32.7375],[-114.6174,32.7283],[-114.6151,32.7345],[-114.5818,32.7349],[-114.5817,32.7423],[-114.5645,32.7423],[-114.5644,32.7496],[-114.5392,32.7498],[-114.5391,32.7569],[-114.5269,32.7571],[-114.5324,32.7769],[-114.5296,32.7955],[-114.5103,32.8165],[-114.4941,32.8233],[-114.469,32.8452],[-114.4629,32.9079],[-114.4644,32.9131],[-114.4766,32.9236],[-114.4809,32.9363],[-114.4685,32.9539],[-114.4684,32.9707],[-114.4754,32.9752],[-114.4886,32.9699],[-114.4929,32.9718],[-114.4998,33.0039],[-114.5113,33.0235],[-114.5236,33.031],[-114.5717,33.0366],[-114.5783,33.0354],[-114.5898,33.0262],[-114.6188,33.0272],[-114.6283,33.0311],[-114.6396,33.0453],[-114.646,33.0489],[-114.6578,33.0338],[-114.6623,33.0327],[-114.6737,33.0419],[-114.6743,33.0572],[-114.687,33.071],[-114.689,33.084],[-114.7047,33.0871],[-114.7078,33.0911],[-114.7062,33.1053],[-114.6969,33.1311],[-114.6874,33.142],[-114.6799,33.1591],[-114.6809,33.1691],[-114.6754,33.1855],[-114.6787,33.2034],[-114.6736,33.2231],[-114.6895,33.2464],[-114.6721,33.2585],[-114.6805,33.2736],[-114.7217,33.287],[-114.7312,33.3024],[-114.7236,33.3121],[-114.7079,33.3233],[-114.7009,33.337],[-114.698,33.3524],[-114.7073,33.3825],[-114.7255,33.4041],[-114.7201,33.4079],[-114.7018,33.4084],[-114.6957,33.4151],[-114.6879,33.4179],[-114.6737,33.4192],[-114.6583,33.413],[-114.6495,33.4136],[-114.6352,33.4227],[-114.6271,33.4336],[-114.8309,33.4337],[-114.8308,33.4301],[-115.0632,33.4281],[-116.0849,33.4259],[-116.0812,33.0749],[-116.1033,33.0748],[-116.103,32.7264],[-116.1056,32.7263],[-116.1062,32.6184],[-115.4736,32.6666],[-114.7265,32.7183]]]},"properties":{"GEOID":"06025","NAME":"Imperial County","BASENAME":"Imperial","STATE":"06","COUNTY":"025"}},{"type":"Feature","geometry":{"type":"Polygon","coordinates":[[[-121.3229,40.5849],[-121.32,40.9059],[-121.3323,40.9054],[-121.3318,41.1839],[-122.2946,41.185],[-122.4984,41.1827],[-122.4988,41.1796],[-122.4926,41.176],[-122.4759,41.1765],[-122.4683,41.1692],[-122.4574,41.1683],[-122.4499,41.1592],[-122.446,41.1592],[-122.4506,41.1469],[-122.446,41.1333],[-122.4486,41.1182],[-122.4535,41.1135],[-122.4519,41.1082],[-122.4571,41.0966],[-122.4681,41.0968],[-122.4933,41.086],[-122.5134,41.0882],[-122.5288,41.0768],[-122.5398,41.0726],[-122.5379,41.065],[-122.5276,41.0642],[-122.5232,41.0592],[-122.5224,41.0523],[-122.5273,41.0457],[-122.5289,41.0365],[-122.5278,41.0144],[-122.5379,41.0024],[-122.5453,41.0051],[-122.5545,41.0036],[-122.5692,40.985],[-122.5808,40.9829],[-122.5892,40.9854],[-122.5914,40.9767],[-122.5985,40.9758],[-122.6031,40.9594],[-122.6074,40.9577],[-122.6032,40.9406],[-122.6071,40.9382],[-122.6074,40.9297],[-122.6128,40.9212],[-122.6,40.9003],[-122.6049,40.8972],[-122.6099,40.8846],[-122.6254,40.8792],[-122.6264,40.8671],[-122.6344,40.8613],[-122.6397,40.845],[-122.6554,40.8415],[-122.6661,40.8259],[-122.6552,40.8082],[-122.6575,40.8019],[-122.6614,40.8005],[-122.6581,40.7875],[-122.6656,40.7821],[-122.6705,40.7728],[-122.7005,40.7589],[-122.7063,40.7496],[-122.7174,40.7472],[-122.7199,40.7394],[-122.7066,40.7253],[-122.7114,40.7107],[-122.7188,40.7078],[-122.7224,40.6955],[-122.73,40.6922],[-122.7439,40.695],[-122.7523,40.6896],[-122.7514,40.6851],[-122.7426,40.6788],[-122.7412,40.6654],[-122.7336,40.6624],[-122.7338,40.657],[-122.727,40.6505],[-122.7362,40.6363],[-122.7097,40.6312],[-122.7109,40.6132],[-122.7061,40.6102],[-122.701,40.5877],[-122.6929,40.5805],[-122.6931,40.5753],[-122.6988,40.5693],[-122.7154,40.5711],[-122.7231,40.5752],[-122.7413,40.5641],[-122.7439,40.5538],[-122.7675,40.5552],[-122.7852,40.5409],[-122.7822,40.5319],[-122.7936,40.5234],[-122.7933,40.5145],[-122.8041,40.5105],[-122.8195,40.511],[-122.846,40.5052],[-122.8521,40.501],[-122.8464,40.4935],[-122.851,40.4859],[-122.8573,40.4823],[-122.8765,40.4804],[-122.8836,40.4748],[-122.8901,40.4688],[-122.8893,40.4657],[-122.8955,40.4595],[-122.8944,40.4547],[-122.9011,40.4456],[-122.9177,40.4498],[-122.9279,40.4471],[-122.9378,40.4369],[-122.9386,40.4289],[-122.9542,40.4215],[-122.9578,40.4214],[-122.961,40.426],[-122.9749,40.4196],[-122.9987,40.4181],[-122.9998,40.4036],[-122.9966,40.3964],[-123.0164,40.3856],[-123.0183,40.3724],[-123.0311,40.3636],[-123.0393,40.3627],[-123.0442,40.3537],[-123.044,40.347],[-123.0569,40.3492],[-123.0655,40.3451],[-123.064,40.3375],[-123.0688,40.3322],[-123.0627,40.322],[-123.0646,40.3199],[-123.0617,40.3134],[-123.0673,40.3108],[-123.0686,40.3047],[-123.065,40.2988],[-123.0654,40.287],[-123.0567,40.2854],[-123.0473,40.2917],[-123.0413,40.291],[-123.0252,40.3037],[-123.0138,40.3031],[-123.0117,40.3066],[-122.9986,40.3075],[-122.9769,40.3151],[-122.9704,40.3104],[-122.9515,40.3102],[-122.9498,40.308],[-122.9344,40.3132],[-122.93,40.3076],[-122.9192,40.3066],[-122.9095,40.3127],[-122.9071,40.3178],[-122.9036,40.3162],[-122.9026,40.3217],[-122.883,40.3397],[-122.884,40.3422],[-122.8802,40.342],[-122.8781,40.3467],[-122.8727,40.3489],[-122.8538,40.3428],[-122.8353,40.3487],[-122.8128,40.3513],[-122.8059,40.3559],[-122.7881,40.3553],[-122.7587,40.3633],[-122.7525,40.3605],[-122.7486,40.3657],[-122.7394,40.3647],[-122.7302,40.3583],[-122.7317,40.347],[-122.7096,40.3482],[-122.6872,40.3369],[-122.6773,40.3363],[-122.6737,40.3304],[-122.6634,40.3322],[-122.6513,40.3283],[-122.6459,40.3332],[-122.6344,40.3338],[-122.6321,40.3387],[-122.6219,40.3404],[-122.6252,40.3475],[-122.6102,40.3464],[-122.5969,40.3572],[-122.5858,40.3593],[-122.5813,40.3673],[-122.564,40.3656],[-122.5507,40.3749],[-122.5506,40.3784],[-122.5417,40.3765],[-122.5409,40.3824],[-122.5322,40.3798],[-122.5309,40.3842],[-122.522,40.3878],[-122.5246,40.3945],[-122.5138,40.3884],[-122.505,40.3894],[-122.5001,40.3825],[-122.4898,40.3836],[-122.4827,40.3805],[-122.4783,40.3845],[-122.4705,40.3839],[-122.4629,40.3756],[-122.4529,40.3785],[-122.444,40.3733],[-122.4179,40.3797],[-122.4126,40.3745],[-122.3958,40.3721],[-122.3638,40.3742],[-122.3422,40.3709],[-122.3369,40.3742],[-122.321,40.3749],[-122.3104,40.3711],[-122.2941,40.3805],[-122.2809,40.3758],[-122.257,40.3794],[-122.2518,40.3872],[-122.2355,40.3854],[-122.2272,40.3893],[-122.1994,40.3778],[-122.1936,40.3923],[-122.1873,40.3814],[-122.1731,40.3791],[-122.1885,40.3875],[-122.1829,40.3925],[-122.1294,40.3988],[-122.129,40.4038],[-122.1113,40.4054],[-122.099,40.4148],[-122.0968,40.4099],[-122.0916,40.4143],[-122.0912,40.4105],[-122.0574,40.4165],[-122.0521,40.4204],[-122.031,40.4173],[-122.0304,40.4208],[-122.0219,40.4241],[-122.0148,40.421],[-122.0099,40.4268],[-121.9976,40.4228],[-121.9939,40.4257],[-121.9775,40.421],[-121.967,40.4221],[-121.941,40.4153],[-121.927,40.4184],[-121.9148,40.426],[-121.9009,40.4209],[-121.8796,40.4362],[-121.8514,40.4426],[-121.8341,40.4373],[-121.8067,40.445],[-121.7877,40.4437],[-121.7763,40.4376],[-121.7346,40.4356],[-121.7198,40.4486],[-121.7089,40.4508],[-121.6983,40.4483],[-121.6858,40.4531],[-121.672,40.4504],[-121.6463,40.4347],[-121.614,40.4391],[-121.6004,40.4318],[-121.5931,40.4311],[-121.5826,40.4352],[-121.5771,40.4425],[-121.5651,40.4458],[-121.3661,40.4459],[-121.3465,40.4497],[-121.3376,40.4455],[-121.3278,40.4454],[-121.3267,40.4976],[-121.323,40.4976],[-121.3229,40.5849]]]},"properties":{"GEOID":"06089","NAME":"Shasta County","BASENAME":"Shasta","STATE":"06","COUNTY":"089"}},{"type":"Feature","geometry":{"type":"Polygon","coordinates":[[[-124.482,40.4403],[-124.4786,40.4221],[-124.4724,40.4128],[-124.4447,40.3764],[-124.4281,40.3618],[-124.4279,40.3388],[-124.4183,40.3143],[-124.4279,40.2888],[-124.4291,40.2669],[-124.4267,40.2499],[-124.4213,40.2371],[-124.4032,40.218],[-124.3337,40.1672],[-124.2878,40.1377],[-124.2721,40.1337],[-124.2312,40.0934],[-124.1538,40.0635],[-124.1441,40.0524],[-124.1453,40.0242],[-124.1349,40.0025],[-123.5445,40.0019],[-123.543,40.7336],[-123.5481,40.7464],[-123.5518,40.7481],[-123.5509,40.7561],[-123.5542,40.7595],[-123.5502,40.7628],[-123.5502,40.7655],[-123.5545,40.7667],[-123.5499,40.7758],[-123.5583,40.7811],[-123.56,40.7903],[-123.5663,40.7888],[-123.5658,40.7962],[-123.5578,40.7937],[-123.5541,40.7963],[-123.5562,40.8088],[-123.5625,40.8097],[-123.5687,40.8197],[-123.5596,40.8303],[-123.5662,40.835],[-123.5631,40.8404],[-123.5732,40.8435],[-123.5758,40.858],[-123.5875,40.8585],[-123.5806,40.868],[-123.585,40.8697],[-123.5911,40.8673],[-123.598,40.8776],[-123.6102,40.879],[-123.6017,40.88],[-123.5972,40.8841],[-123.6085,40.8949],[-123.6047,40.9004],[-123.6158,40.9141],[-123.6134,40.9216],[-123.6239,40.9287],[-123.6224,40.9317],[-123.6114,40.9293],[-123.5993,40.9312],[-123.5879,40.9278],[-123.5816,40.9332],[-123.5677,40.9366],[-123.57,40.9466],[-123.5602,40.9503],[-123.5412,40.9397],[-123.541,40.9323],[-123.5339,40.9308],[-123.5297,40.9349],[-123.5118,40.9204],[-123.4815,40.915],[-123.478,40.9281],[-123.4677,40.9382],[-123.4495,40.9431],[-123.4457,40.9471],[-123.4449,40.9562],[-123.453,40.9601],[-123.4533,40.9642],[-123.4366,40.9737],[-123.4349,40.9826],[-123.4273,40.9883],[-123.4258,41.0035],[-123.4201,41.0097],[-123.406,41.0129],[-123.4103,41.0207],[-123.4072,41.0306],[-123.4193,41.0345],[-123.4238,41.0432],[-123.4233,41.0582],[-123.4307,41.0633],[-123.4352,41.0606],[-123.4456,41.0617],[-123.4525,41.0685],[-123.4579,41.0682],[-123.464,41.0763],[-123.4583,41.0838],[-123.4642,41.0944],[-123.4495,41.0891],[-123.4398,41.0925],[-123.4343,41.1117],[-123.4293,41.118],[-123.4315,41.1477],[-123.4288,41.1521],[-123.4326,41.1623],[-123.4169,41.1655],[-123.4104,41.1707],[-123.4083,41.1799],[-123.4171,41.197],[-123.4277,41.2033],[-123.4353,41.2133],[-123.4344,41.2229],[-123.4509,41.2312],[-123.4553,41.2365],[-123.4421,41.2514],[-123.4438,41.2732],[-123.4619,41.2826],[-123.4632,41.2863],[-123.4555,41.2928],[-123.4603,41.3033],[-123.4596,41.3102],[-123.4634,41.3177],[-123.4725,41.3215],[-123.4786,41.3296],[-123.4825,41.3536],[-123.4741,41.3662],[-123.4881,41.3771],[-123.4983,41.3789],[-123.5012,41.3826],[-123.7702,41.3808],[-123.7706,41.4642],[-124.1366,41.4645],[-124.1369,41.4468],[-124.1332,41.4323],[-124.14,41.3818],[-124.1542,41.3876],[-124.1766,41.3904],[-124.2065,41.3847],[-124.2311,41.3689],[-124.2382,41.3587],[-124.2424,41.3433],[-124.2382,41.3214],[-124.22,41.303],[-124.1923,41.292],[-124.1634,41.2932],[-124.1607,41.2893],[-124.1733,41.261],[-124.1764,41.2371],[-124.1955,41.1846],[-124.2194,41.1777],[-124.2376,41.166],[-124.2472,41.1528],[-124.2525,41.1341],[-124.2492,41.1202],[-124.2496,41.099],[-124.2312,41.0655],[-124.2271,41.0466],[-124.205,41.0136],[-124.1827,41.0013],[-124.1976,40.9505],[-124.2326,40.8693],[-124.2802,40.7999],[-124.2927,40.7881],[-124.2993,40.7685],[-124.3429,40.7088],[-124.4034,40.6132],[-124.4272,40.5621],[-124.4477,40.5297],[-124.456,40.484],[-124.4759,40.4598],[-124.482,40.4403]]]},"properties":{"GEOID":"06023","NAME":"Humboldt County","BASENAME":"Humboldt","STATE":"06","COUNTY":"023"}},{"type":"Feature","geometry":{"type":"Polygon","coordinates":[[[-118.0971,33.7744],[-118.092,33.7585],[-118.1141,33.7461],[-118.1478,33.6941],[-118.1259,33.6972],[-118.0965,33.6537],[-118.0498,33.62],[-118.0009,33.5932],[-117.934,33.5493],[-117.8164,33.4909],[-117.8113,33.482],[-117.7933,33.4698],[-117.7905,33.4612],[-117.7651,33.4315],[-117.7414,33.4101],[-117.7353,33.4074],[-117.7136,33.4088],[-117.6538,33.3648],[-117.6479,33.3636],[-117.6362,33.3491],[-117.6111,33.334],[-117.5785,33.4538],[-117.5598,33.4514],[-117.5382,33.4549],[-117.5095,33.4703],[-117.5097,33.5091],[-117.5038,33.5089],[-117.5032,33.5204],[-117.5099,33.5205],[-117.5102,33.534],[-117.413,33.659],[-117.4746,33.7038],[-117.534,33.7104],[-117.5364,33.7577],[-117.5801,33.768],[-117.6621,33.8575],[-117.6743,33.858],[-117.6751,33.8687],[-117.6716,33.8694],[-117.6793,33.8776],[-117.7381,33.9137],[-117.7831,33.9463],[-117.9765,33.9461],[-117.9766,33.9028],[-117.9854,33.9028],[-117.9853,33.8955],[-117.9941,33.8955],[-117.9941,33.8882],[-118.0029,33.8882],[-118.0028,33.8809],[-118.0115,33.8808],[-118.0114,33.8734],[-118.0288,33.8733],[-118.0287,33.866],[-118.0376,33.866],[-118.0375,33.8624],[-118.0462,33.8587],[-118.0461,33.8536],[-118.0504,33.8535],[-118.0547,33.8462],[-118.059,33.8462],[-118.0632,33.8197],[-118.0728,33.8149],[-118.0847,33.8029],[-118.0971,33.7744]]]},"properties":{"GEOID":"06059","NAME":"Orange County","BASENAME":"Orange","STATE":"06","COUNTY":"059"}},{"type":"Feature","geometry":{"type":"Polygon","coordinates":[[[-120.5417,37.0445],[-120.4767,37.0964],[-120.4698,37.0943],[-120.4214,37.1097],[-120.4068,37.1109],[-120.4028,37.1167],[-120.3849,37.1246],[-120.3635,37.1197],[-120.3412,37.1246],[-120.3283,37.1311],[-120.3245,37.1364],[-120.3038,37.1411],[-120.2899,37.1526],[-120.2763,37.1517],[-120.2439,37.157],[-120.223,37.164],[-120.1948,37.1632],[-120.1876,37.1603],[-120.1765,37.1623],[-120.1741,37.1659],[-120.1646,37.1627],[-120.1328,37.1674],[-120.1151,37.1657],[-120.0521,37.1831],[-120.0622,37.198],[-120.0901,37.2215],[-120.1438,37.2392],[-120.1785,37.2624],[-120.1866,37.2803],[-120.1827,37.2914],[-120.1877,37.3011],[-120.2035,37.3133],[-120.2165,37.3373],[-120.247,37.3802],[-120.2547,37.3854],[-120.2758,37.4188],[-120.2834,37.4244],[-120.2841,37.4325],[-120.2751,37.4407],[-120.2796,37.4579],[-120.3002,37.4843],[-120.2991,37.4888],[-120.3115,37.4972],[-120.3165,37.5055],[-120.3188,37.5208],[-120.3877,37.6334],[-120.8864,37.4402],[-120.9898,37.3959],[-120.9938,37.3844],[-120.9836,37.3868],[-120.9844,37.3751],[-120.9731,37.3761],[-120.9789,37.372],[-120.9742,37.3686],[-120.9818,37.3662],[-120.9781,37.3617],[-120.9765,37.3498],[-120.9638,37.3461],[-121.2268,37.1348],[-121.2173,37.123],[-121.2238,37.1151],[-121.2255,37.1068],[-121.2305,37.1048],[-121.2304,37.0969],[-121.2426,37.0931],[-121.2455,37.0891],[-121.242,37.0851],[-121.2355,37.0862],[-121.2246,37.0789],[-121.2224,37.0734],[-121.2096,37.0682],[-121.2082,37.0613],[-121.2126,37.0551],[-121.2245,37.0562],[-121.2245,37.0397],[-121.2361,37.0369],[-121.2406,37.0318],[-121.2486,37.0337],[-121.246,37.0256],[-121.2333,37.0117],[-121.2382,37.0093],[-121.2331,36.9993],[-121.2415,36.9974],[-121.2466,36.9852],[-121.2321,36.9689],[-121.2248,36.9674],[-121.2117,36.9574],[-121.2185,36.9479],[-121.2292,36.941],[-121.2343,36.9261],[-121.2242,36.9199],[-121.2217,36.9104],[-121.2171,36.9135],[-121.2072,36.9115],[-121.1983,36.9143],[-121.1888,36.9132],[-121.1843,36.909],[-121.1843,36.8964],[-121.1741,36.8857],[-121.1691,36.885],[-121.1636,36.8692],[-121.1526,36.8654],[-121.1519,36.8589],[-121.143,36.8463],[-121.1415,36.8367],[-120.9337,36.7519],[-120.9187,36.7404],[-120.656,36.9528],[-120.5906,36.9526],[-120.5905,36.9816],[-120.586,36.9853],[-120.5852,36.9906],[-120.5986,36.9986],[-120.5417,37.0445]]]},"properties":{"GEOID":"06047","NAME":"Merced County","BASENAME":"Merced","STATE":"06","COUNTY":"047"}},{"type":"Feature","geometry":{"type":"Polygon","coordinates":[[[-122.9982,40.4182],[-122.9749,40.4196],[-122.961,40.426],[-122.9578,40.4214],[-122.9542,40.4215],[-122.9386,40.4289],[-122.9378,40.4369],[-122.9279,40.4471],[-122.9177,40.4498],[-122.9011,40.4456],[-122.8944,40.4547],[-122.8955,40.4595],[-122.8893,40.4657],[-122.8901,40.4688],[-122.8836,40.4748],[-122.8765,40.4804],[-122.8573,40.4823],[-122.851,40.4859],[-122.8464,40.4935],[-122.8521,40.501],[-122.846,40.5052],[-122.8195,40.511],[-122.8041,40.5105],[-122.7933,40.5145],[-122.7936,40.5234],[-122.7822,40.5319],[-122.7852,40.5409],[-122.7675,40.5552],[-122.7439,40.5538],[-122.7413,40.5641],[-122.7231,40.5752],[-122.7154,40.5711],[-122.6988,40.5693],[-122.6931,40.5753],[-122.6929,40.5805],[-122.701,40.5877],[-122.7061,40.6102],[-122.7109,40.6132],[-122.7097,40.6312],[-122.7362,40.6363],[-122.727,40.6505],[-122.7338,40.657],[-122.7336,40.6624],[-122.7412,40.6654],[-122.7426,40.6788],[-122.7514,40.6851],[-122.7523,40.6896],[-122.7439,40.695],[-122.73,40.6922],[-122.7224,40.6955],[-122.7188,40.7078],[-122.7114,40.7107],[-122.7066,40.7253],[-122.7199,40.7394],[-122.7174,40.7472],[-122.7063,40.7496],[-122.7005,40.7589],[-122.6705,40.7728],[-122.6656,40.7821],[-122.6581,40.7875],[-122.6614,40.8005],[-122.6575,40.8019],[-122.6552,40.8082],[-122.6661,40.8259],[-122.6554,40.8415],[-122.6397,40.845],[-122.6344,40.8613],[-122.6264,40.8671],[-122.6254,40.8792],[-122.6099,40.8846],[-122.6049,40.8972],[-122.6,40.9003],[-122.6128,40.9212],[-122.6074,40.9297],[-122.6071,40.9382],[-122.6032,40.9406],[-122.6074,40.9577],[-122.6031,40.9594],[-122.5985,40.9758],[-122.5914,40.9767],[-122.5892,40.9854],[-122.5808,40.9829],[-122.5692,40.985],[-122.5545,41.0036],[-122.5453,41.0051],[-122.5379,41.0024],[-122.5278,41.0144],[-122.5289,41.0365],[-122.5273,41.0457],[-122.5224,41.0523],[-122.5232,41.0592],[-122.5276,41.0642],[-122.5379,41.065],[-122.5398,41.0726],[-122.5288,41.0768],[-122.5134,41.0882],[-122.4933,41.086],[-122.4681,41.0968],[-122.4571,41.0966],[-122.4519,41.1082],[-122.4535,41.1135],[-122.4486,41.1182],[-122.446,41.1333],[-122.4506,41.1469],[-122.446,41.1592],[-122.4499,41.1592],[-122.4574,41.1683],[-122.4683,41.1692],[-122.4759,41.1765],[-122.491,41.1756],[-122.4977,41.1786],[-122.4989,41.1847],[-122.495,41.1924],[-122.5155,41.205],[-122.5226,41.2135],[-122.5123,41.2265],[-122.5181,41.2359],[-122.5175,41.2398],[-122.5082,41.2453],[-122.5139,41.2552],[-122.5115,41.2698],[-122.5133,41.2837],[-122.5102,41.2887],[-122.4992,41.292],[-122.5019,41.3091],[-122.4788,41.3201],[-122.5025,41.3329],[-122.5039,41.343],[-122.5358,41.3415],[-122.5427,41.3501],[-122.5404,41.3532],[-122.5517,41.3617],[-122.5727,41.368],[-122.5858,41.3576],[-122.587,41.3497],[-122.581,41.3377],[-122.5871,41.3333],[-122.5891,41.3268],[-122.5989,41.3245],[-122.6052,41.3292],[-122.6179,41.3275],[-122.6275,41.332],[-122.6421,41.3266],[-122.6477,41.3223],[-122.6456,41.3047],[-122.6515,41.2996],[-122.6529,41.2897],[-122.6635,41.2916],[-122.6773,41.285],[-122.6791,41.279],[-122.6874,41.2813],[-122.712,41.2748],[-122.7246,41.2611],[-122.7253,41.2475],[-122.7465,41.2409],[-122.7583,41.2408],[-122.777,41.2308],[-122.7812,41.2182],[-122.7956,41.2114],[-122.8021,41.203],[-122.8113,41.2025],[-122.8252,41.21],[-122.8367,41.2067],[-122.8439,41.2002],[-122.8859,41.2051],[-122.9069,41.1959],[-122.9154,41.1872],[-122.9248,41.1867],[-122.9292,41.1787],[-122.9384,41.1781],[-122.9513,41.1856],[-122.9613,41.1815],[-122.9626,41.1779],[-122.9547,41.1674],[-122.9573,41.1612],[-122.9517,41.1503],[-122.9653,41.1383],[-122.9599,41.124],[-122.9742,41.1096],[-122.9741,41.1058],[-122.9691,41.1034],[-122.971,41.0902],[-122.9661,41.0809],[-122.9532,41.0743],[-122.9421,41.0701],[-122.9233,41.072],[-122.9092,41.0412],[-122.8974,41.0292],[-122.9024,41.0238],[-122.903,41.0116],[-122.9145,41.0069],[-122.9139,40.999],[-122.9175,40.994],[-122.9247,40.9957],[-122.9417,40.9926],[-122.952,41.0064],[-122.9801,41.0143],[-123.0037,41.0125],[-123.0121,41.0068],[-123.0371,41.0042],[-123.0476,41.0247],[-123.046,41.0335],[-123.0552,41.0467],[-123.0801,41.0576],[-123.0963,41.0594],[-123.1059,41.0658],[-123.1091,41.0754],[-123.1413,41.0792],[-123.1556,41.0747],[-123.1652,41.0781],[-123.1789,41.0756],[-123.1883,41.0776],[-123.2032,41.0718],[-123.2089,41.0747],[-123.2395,41.0758],[-123.2452,41.078],[-123.2494,41.0872],[-123.2584,41.0936],[-123.2614,41.1058],[-123.2718,41.1156],[-123.2734,41.1229],[-123.2839,41.1235],[-123.2951,41.1407],[-123.3035,41.1438],[-123.3154,41.1403],[-123.325,41.1415],[-123.3296,41.1517],[-123.3532,41.1631],[-123.3622,41.1616],[-123.373,41.1519],[-123.3812,41.1513],[-123.3841,41.1577],[-123.3927,41.1612],[-123.3935,41.1707],[-123.404,41.1745],[-123.4077,41.1801],[-123.4104,41.1707],[-123.4169,41.1655],[-123.4326,41.1623],[-123.4288,41.1521],[-123.4315,41.1477],[-123.4293,41.118],[-123.4343,41.1117],[-123.4398,41.0925],[-123.4495,41.0891],[-123.4642,41.0944],[-123.4583,41.0838],[-123.464,41.0763],[-123.4579,41.0682],[-123.4525,41.0685],[-123.4456,41.0617],[-123.4352,41.0606],[-123.4307,41.0633],[-123.4233,41.0582],[-123.4238,41.0432],[-123.42,41.0351],[-123.4071,41.0297],[-123.4103,41.0207],[-123.406,41.0129],[-123.4201,41.0097],[-123.4278,41.0007],[-123.4273,40.9883],[-123.4349,40.9826],[-123.4366,40.9737],[-123.4533,40.9642],[-123.453,40.9601],[-123.4449,40.9562],[-123.448,40.9438],[-123.4677,40.9382],[-123.478,40.9281],[-123.4818,40.9149],[-123.5118,40.9204],[-123.5297,40.9349],[-123.5339,40.9308],[-123.541,40.9323],[-123.5412,40.9397],[-123.5602,40.9503],[-123.57,40.9466],[-123.5677,40.9366],[-123.5816,40.9332],[-123.5879,40.9278],[-123.5993,40.9312],[-123.6237,40.9298],[-123.6134,40.9216],[-123.6158,40.9141],[-123.6047,40.9004],[-123.6085,40.8949],[-123.5972,40.8841],[-123.6017,40.88],[-123.6102,40.879],[-123.598,40.8776],[-123.5911,40.8673],[-123.585,40.8697],[-123.5806,40.868],[-123.5875,40.8585],[-123.5758,40.858],[-123.5732,40.8435],[-123.5631,40.8404],[-123.5662,40.835],[-123.5596,40.8303],[-123.5687,40.8197],[-123.5625,40.8097],[-123.5562,40.8088],[-123.5541,40.7963],[-123.5578,40.7937],[-123.5658,40.7962],[-123.5663,40.7888],[-123.56,40.7903],[-123.5583,40.7811],[-123.5499,40.7758],[-123.5545,40.7667],[-123.5502,40.7655],[-123.5502,40.7628],[-123.5542,40.7595],[-123.5509,40.7561],[-123.5518,40.7481],[-123.5481,40.7464],[-123.543,40.7336],[-123.5446,39.977],[-122.934,39.9781],[-122.9388,39.9913],[-122.9519,39.9988],[-122.9494,40.0121],[-122.9564,40.0199],[-122.9498,40.031],[-122.9542,40.0448],[-122.9489,40.0497],[-122.9509,40.0559],[-122.9616,40.0669],[-122.9684,40.0688],[-122.9682,40.0738],[-122.9732,40.0772],[-122.9673,40.0887],[-122.9614,40.0898],[-122.9637,40.0957],[-122.9611,40.1],[-122.9655,40.1113],[-122.9707,40.1157],[-122.9737,40.13],[-122.9686,40.139],[-122.9896,40.1451],[-122.9845,40.1534],[-122.9864,40.1594],[-122.9839,40.172],[-122.9701,40.1863],[-122.9747,40.1915],[-122.9711,40.1972],[-122.9782,40.2065],[-122.98,40.2147],[-122.9749,40.2306],[-122.9787,40.2346],[-122.9775,40.2413],[-122.9857,40.2488],[-123.0032,40.2531],[-123.0186,40.2628],[-123.0315,40.2648],[-123.0366,40.2613],[-123.0442,40.2642],[-123.0578,40.2742],[-123.066,40.2857],[-123.065,40.2988],[-123.0688,40.3083],[-123.0617,40.3134],[-123.0646,40.3199],[-123.0627,40.322],[-123.0688,40.3322],[-123.064,40.3375],[-123.0655,40.3451],[-123.0569,40.3492],[-123.044,40.347],[-123.0442,40.3537],[-123.0393,40.3627],[-123.0311,40.3636],[-123.0183,40.3724],[-123.0164,40.3856],[-122.9966,40.3964],[-122.9998,40.4036],[-122.9982,40.4182]]]},"properties":{"GEOID":"06105","NAME":"Trinity County","BASENAME":"Trinity","STATE":"06","COUNTY":"105"}},{"type":"Feature","geometry":{"type":"Polygon","coordinates":[[[-122.0519,36.8196],[-122.0011,36.6477],[-122.0142,36.6367],[-122.0201,36.6228],[-122.0407,36.6001],[-122.0441,36.5914],[-122.044,36.5782],[-122.0375,36.5604],[-122.0175,36.5374],[-122.0227,36.5222],[-122.022,36.5089],[-122.009,36.4753],[-121.9995,36.4665],[-122.0008,36.4557],[-121.9979,36.4433],[-121.9814,36.4209],[-121.9756,36.3926],[-121.9704,36.3834],[-121.9719,36.3578],[-121.9629,36.3227],[-121.9646,36.307],[-121.9591,36.2871],[-121.9442,36.2696],[-121.9012,36.2397],[-121.8935,36.2243],[-121.8802,36.2103],[-121.8464,36.1903],[-121.8024,36.1783],[-121.788,36.1685],[-121.7707,36.162],[-121.7278,36.129],[-121.7087,36.1026],[-121.6744,36.0647],[-121.6482,35.9986],[-121.6318,35.9789],[-121.6204,35.9691],[-121.5893,35.9593],[-121.5615,35.9438],[-121.5418,35.9017],[-121.5192,35.8634],[-121.501,35.8427],[-121.4816,35.8294],[-121.4561,35.8177],[-121.4382,35.7967],[-120.214,35.7893],[-120.2166,35.8036],[-120.2194,35.806],[-120.2199,35.8189],[-120.2389,35.8258],[-120.2445,35.824],[-120.2551,35.8426],[-120.2593,35.8451],[-120.2563,35.8554],[-120.2402,35.8659],[-120.2452,35.8731],[-120.2433,35.8777],[-120.2758,35.9059],[-120.3229,35.9078],[-120.326,35.9131],[-120.3323,35.9155],[-120.3367,35.9236],[-120.336,35.9372],[-120.3458,35.9449],[-120.3565,35.9481],[-120.3575,35.9555],[-120.3625,35.9594],[-120.3604,35.9644],[-120.394,35.9679],[-120.4085,35.976],[-120.4344,35.9694],[-120.4382,35.9778],[-120.4491,35.9851],[-120.4497,35.9884],[-120.4686,35.9943],[-120.4774,36.0008],[-120.4804,36.0059],[-120.4793,36.0107],[-120.4862,36.0112],[-120.5004,36.0222],[-120.5049,36.0204],[-120.5084,36.0242],[-120.5109,36.0221],[-120.5176,36.0275],[-120.52,36.0209],[-120.5298,36.0243],[-120.527,36.0357],[-120.5404,36.0367],[-120.5454,36.0461],[-120.5666,36.0529],[-120.5879,36.0666],[-120.5961,36.0782],[-120.5932,36.0885],[-120.5898,36.0896],[-120.5994,36.1009],[-120.608,36.1027],[-120.6142,36.0951],[-120.6267,36.0971],[-120.6336,36.1033],[-120.6419,36.1013],[-120.6461,36.1047],[-120.6488,36.108],[-120.6454,36.1162],[-120.6532,36.1188],[-120.6525,36.1252],[-120.6565,36.1326],[-120.6676,36.1381],[-120.6643,36.1414],[-120.6647,36.1473],[-120.668,36.1606],[-120.672,36.1643],[-120.6642,36.1657],[-120.6631,36.1712],[-120.6499,36.168],[-120.652,36.1741],[-120.6489,36.1794],[-120.6447,36.1792],[-120.6392,36.1965],[-120.6269,36.2032],[-120.641,36.2198],[-120.6493,36.224],[-120.6517,36.2307],[-120.6669,36.236],[-120.6797,36.2467],[-120.6818,36.2514],[-120.6746,36.2555],[-120.6737,36.2598],[-120.6799,36.2653],[-120.6817,36.2715],[-120.6885,36.2722],[-120.702,36.2862],[-120.7077,36.2858],[-120.7169,36.2924],[-120.7226,36.2927],[-120.7467,36.3102],[-120.7583,36.3086],[-120.7431,36.2981],[-120.7338,36.2842],[-120.7321,36.2755],[-120.7177,36.26],[-120.7074,36.2318],[-120.7061,36.2037],[-120.7182,36.1968],[-120.7318,36.204],[-120.7444,36.1988],[-120.7613,36.2034],[-120.767,36.2101],[-120.7653,36.2135],[-120.7723,36.2202],[-120.7813,36.2224],[-120.7832,36.2292],[-120.789,36.2305],[-120.7893,36.235],[-120.7991,36.2355],[-120.8021,36.2378],[-120.8007,36.2403],[-120.8122,36.2452],[-120.8108,36.2517],[-120.8136,36.2502],[-120.8235,36.2572],[-120.826,36.2545],[-120.8256,36.2578],[-120.8368,36.2624],[-120.8394,36.2708],[-120.8369,36.2721],[-120.845,36.2809],[-120.8509,36.2826],[-120.8514,36.2859],[-120.8565,36.2847],[-120.8599,36.2905],[-120.8741,36.2952],[-120.8895,36.2903],[-120.899,36.3008],[-120.9191,36.3109],[-120.9256,36.3081],[-120.926,36.3015],[-120.9331,36.2998],[-120.9365,36.294],[-120.9346,36.2893],[-120.9412,36.2866],[-120.9401,36.2823],[-120.9534,36.2747],[-120.9593,36.2808],[-120.9644,36.2805],[-120.9738,36.2903],[-120.9858,36.2929],[-120.9871,36.2757],[-120.9924,36.2699],[-121.0002,36.2708],[-121.0047,36.267],[-121.0105,36.2688],[-121.0118,36.2645],[-121.0144,36.2687],[-121.0188,36.2597],[-121.0273,36.2599],[-121.0274,36.2753],[-121.0363,36.2755],[-121.0403,36.2711],[-121.0408,36.324],[-121.1935,36.4458],[-121.1977,36.4551],[-121.2098,36.4648],[-121.2151,36.4732],[-121.2255,36.472],[-121.2295,36.4753],[-121.2281,36.4846],[-121.2393,36.5048],[-121.2472,36.5069],[-121.269,36.502],[-121.3007,36.5058],[-121.3094,36.4999],[-121.312,36.5046],[-121.3068,36.5122],[-121.3072,36.5168],[-121.2954,36.5271],[-121.3079,36.5456],[-121.3287,36.5547],[-121.3287,36.5611],[-121.332,36.5622],[-121.3311,36.57],[-121.3339,36.5744],[-121.3235,36.5776],[-121.3274,36.5859],[-121.3242,36.5884],[-121.3238,36.6024],[-121.3187,36.6049],[-121.3184,36.61],[-121.3421,36.6314],[-121.3423,36.6395],[-121.3495,36.6433],[-121.3501,36.6484],[-121.3662,36.6566],[-121.3783,36.6529],[-121.407,36.656],[-121.4155,36.6731],[-121.4316,36.6787],[-121.4443,36.6731],[-121.459,36.6857],[-121.469,36.6854],[-121.4692,36.6905],[-121.4775,36.703],[-121.4817,36.7046],[-121.4845,36.7131],[-121.4834,36.7155],[-121.4531,36.7212],[-121.4526,36.7292],[-121.4592,36.7343],[-121.4574,36.7368],[-121.4602,36.7373],[-121.4601,36.7411],[-121.4757,36.7492],[-121.4744,36.7567],[-121.4815,36.7654],[-121.5024,36.7602],[-121.504,36.7572],[-121.5977,36.8373],[-121.6221,36.8462],[-121.6426,36.8737],[-121.6413,36.8803],[-121.646,36.9023],[-121.6531,36.902],[-121.6522,36.9092],[-121.6552,36.9129],[-121.6645,36.9133],[-121.6806,36.9033],[-121.6974,36.9116],[-121.7023,36.9082],[-121.7055,36.9095],[-121.7068,36.9112],[-121.6985,36.9167],[-121.7,36.9197],[-121.71,36.9153],[-121.7147,36.9088],[-121.7256,36.9143],[-121.7348,36.9087],[-121.7453,36.9093],[-121.7573,36.9003],[-121.7694,36.8851],[-121.7775,36.8832],[-121.785,36.8857],[-121.7937,36.8797],[-121.8033,36.8685],[-121.8009,36.8574],[-121.8147,36.8495],[-121.8761,36.839],[-122.0519,36.8196]]]},"properties":{"GEOID":"06053","NAME":"Monterey County","BASENAME":"Monterey","STATE":"06","COUNTY":"053"}},{"type":"Feature","geometry":{"type":"Polygon","coordinates":[[[-121.0277,38.5001],[-121.0271,38.3003],[-120.9955,38.2254],[-120.9721,38.218],[-120.9534,38.2263],[-120.9355,38.2209],[-120.9255,38.2276],[-120.9149,38.23],[-120.9025,38.2223],[-120.8938,38.2213],[-120.881,38.2332],[-120.8801,38.2406],[-120.8754,38.2398],[-120.87,38.2444],[-120.8557,38.2483],[-120.8468,38.2643],[-120.822,38.2755],[-120.8177,38.2835],[-120.8105,38.2816],[-120.8077,38.2887],[-120.7985,38.2856],[-120.7673,38.2903],[-120.7549,38.2883],[-120.7503,38.2978],[-120.7383,38.3078],[-120.6882,38.3189],[-120.6749,38.3307],[-120.6565,38.3309],[-120.6385,38.3408],[-120.6318,38.3399],[-120.6283,38.3554],[-120.6197,38.3577],[-120.6185,38.3665],[-120.6101,38.3707],[-120.6171,38.3782],[-120.6141,38.3825],[-120.6151,38.3891],[-120.6105,38.3916],[-120.6087,38.3975],[-120.5743,38.4018],[-120.5706,38.4074],[-120.5716,38.4139],[-120.56,38.4151],[-120.5408,38.4231],[-120.5376,38.4185],[-120.5301,38.4189],[-120.5049,38.4391],[-120.5051,38.4442],[-120.4981,38.4444],[-120.4998,38.4476],[-120.4954,38.4496],[-120.486,38.4456],[-120.4677,38.4488],[-120.4614,38.4462],[-120.4485,38.4525],[-120.4428,38.4625],[-120.4232,38.4733],[-120.4147,38.4731],[-120.4124,38.4687],[-120.3881,38.4667],[-120.3807,38.461],[-120.3649,38.4666],[-120.331,38.4652],[-120.2948,38.4772],[-120.2833,38.4754],[-120.2691,38.4778],[-120.2599,38.4867],[-120.2409,38.4854],[-120.2094,38.5008],[-120.1643,38.4942],[-120.1394,38.4983],[-120.1234,38.496],[-120.1115,38.4985],[-120.1034,38.5054],[-120.0725,38.5099],[-120.0724,38.7028],[-120.0825,38.7006],[-120.0777,38.7021],[-120.0776,38.7089],[-120.0983,38.709],[-120.0984,38.704],[-120.112,38.705],[-120.1225,38.6954],[-120.1234,38.6869],[-120.1167,38.6798],[-120.1231,38.6667],[-120.1322,38.6603],[-120.1351,38.6545],[-120.1314,38.6498],[-120.1401,38.6384],[-120.1524,38.6379],[-120.1581,38.6332],[-120.1913,38.6312],[-120.2018,38.6247],[-120.2143,38.6291],[-120.2146,38.6236],[-120.2207,38.6214],[-120.2271,38.6106],[-120.2237,38.6043],[-120.2326,38.6],[-120.2338,38.5883],[-120.2619,38.5792],[-120.2666,38.5677],[-120.2745,38.5595],[-120.2976,38.5568],[-120.3017,38.5491],[-120.3171,38.5451],[-120.3555,38.548],[-120.3639,38.5444],[-120.3775,38.5446],[-120.3837,38.5387],[-120.3962,38.5391],[-120.4131,38.5311],[-120.4332,38.5268],[-120.45,38.5285],[-120.4592,38.5239],[-120.4858,38.5213],[-120.5055,38.5123],[-120.5372,38.5096],[-120.5538,38.5119],[-120.5797,38.5034],[-120.6062,38.5023],[-120.6284,38.5032],[-120.6592,38.5156],[-120.6772,38.5178],[-120.6831,38.5264],[-120.7069,38.5352],[-120.7225,38.5472],[-120.7365,38.5456],[-120.7473,38.5484],[-120.747,38.553],[-120.7548,38.5512],[-120.76,38.5549],[-120.7689,38.5526],[-120.7791,38.5544],[-120.7842,38.5509],[-120.7941,38.5575],[-120.8006,38.556],[-120.8046,38.5598],[-120.8105,38.5577],[-120.8126,38.5596],[-120.81,38.5615],[-120.8136,38.5622],[-120.8166,38.5582],[-120.8233,38.5597],[-120.8254,38.5559],[-120.8327,38.556],[-120.8359,38.5515],[-120.8409,38.556],[-120.8472,38.5538],[-120.8561,38.5486],[-120.8566,38.5427],[-120.8624,38.5433],[-120.8635,38.5353],[-120.871,38.5363],[-120.8763,38.5433],[-120.8837,38.5365],[-120.8807,38.5295],[-120.8861,38.5247],[-120.9024,38.5312],[-120.9108,38.5206],[-120.9227,38.5192],[-120.9264,38.515],[-120.9364,38.5194],[-120.9409,38.5286],[-120.9525,38.521],[-120.9699,38.521],[-120.9747,38.5159],[-120.9871,38.5165],[-120.9948,38.5136],[-121.0057,38.5195],[-121.0116,38.5124],[-121.0275,38.5083],[-121.0277,38.5001]]]},"properties":{"GEOID":"06005","NAME":"Amador County","BASENAME":"Amador","STATE":"06","COUNTY":"005"}},{"type":"Feature","geometry":{"type":"Polygon","coordinates":[[[-114.8295,34.0796],[-114.4354,34.0797],[-114.4334,34.0884],[-114.4117,34.11],[-114.3906,34.1101],[-114.3665,34.1186],[-114.353,34.1331],[-114.3208,34.1386],[-114.2873,34.1705],[-114.257,34.1728],[-114.2297,34.1869],[-114.2249,34.1939],[-114.2252,34.2036],[-114.1781,34.24],[-114.1746,34.2473],[-114.1661,34.25],[-114.1646,34.2597],[-114.1333,34.2585],[-114.1312,34.2627],[-114.1367,34.2744],[-114.1383,34.3032],[-114.1572,34.3179],[-114.1769,34.3493],[-114.1995,34.3614],[-114.2261,34.3659],[-114.2343,34.3767],[-114.2643,34.4013],[-114.2887,34.4066],[-114.2948,34.4214],[-114.3123,34.4327],[-114.3261,34.4373],[-114.3354,34.45],[-114.3737,34.4469],[-114.3867,34.4579],[-114.3817,34.476],[-114.3824,34.4958],[-114.3781,34.5073],[-114.3808,34.5297],[-114.4052,34.5696],[-114.4224,34.5807],[-114.4368,34.5961],[-114.4253,34.6008],[-114.4242,34.6105],[-114.4387,34.6215],[-114.4415,34.6425],[-114.458,34.6571],[-114.4505,34.6668],[-114.4652,34.6912],[-114.4705,34.7114],[-114.4875,34.7166],[-114.492,34.7257],[-114.5166,34.7367],[-114.5296,34.7508],[-114.5527,34.7669],[-114.571,34.7943],[-114.5765,34.8153],[-114.5868,34.8357],[-114.6007,34.8474],[-114.6239,34.8597],[-114.6344,34.8729],[-114.6367,34.8891],[-114.6309,34.9073],[-114.6333,34.9246],[-114.6298,34.943],[-114.6352,34.9651],[-114.6291,34.9861],[-114.6335,35.0019],[-115.2597,35.5035],[-115.6484,35.8092],[-115.7357,35.8091],[-115.7359,35.7936],[-117.6343,35.7973],[-117.6343,35.7098],[-117.6521,35.7099],[-117.6522,35.6808],[-117.6165,35.6807],[-117.6165,35.6516],[-117.6343,35.6516],[-117.6346,35.5643],[-117.6301,35.5643],[-117.6297,35.4662],[-117.6302,35.4514],[-117.6337,35.4514],[-117.6337,35.4345],[-117.6311,35.3617],[-117.6322,34.8223],[-117.6675,34.8225],[-117.6671,34.5579],[-117.6604,34.5579],[-117.6598,34.4528],[-117.6464,34.2892],[-117.6785,34.162],[-117.7165,34.0676],[-117.7301,34.0214],[-117.7358,34.0186],[-117.7677,34.0235],[-117.7675,34.0047],[-117.785,34.0049],[-117.8025,33.9756],[-117.8024,33.9683],[-117.7937,33.9681],[-117.7936,33.9538],[-117.673,33.8711],[-117.669,33.8808],[-117.6763,33.8886],[-117.6548,33.8887],[-117.6552,33.9249],[-117.611,33.9242],[-117.6109,33.9718],[-117.5584,33.9884],[-117.5583,34.0335],[-117.3753,34.0339],[-117.3754,34.0194],[-117.2255,34.018],[-117.2254,34.0042],[-116.9294,34.0049],[-116.9296,34.0341],[-115.3162,34.0341],[-115.3161,34.0778],[-114.8295,34.0796]]]},"properties":{"GEOID":"06071","NAME":"San Bernardino County","BASENAME":"San Bernardino","STATE":"06","COUNTY":"071"}},{"type":"Feature","geometry":{"type":"MultiPolygon","coordinates":[[[[-119.4546,34.4216],[-119.4454,34.4089],[-119.4456,34.4043],[-119.4518,34.397],[-119.4687,34.3884],[-119.473,34.3795],[-119.4777,34.3796],[-119.4767,34.3732],[-119.501,34.3269],[-119.4842,34.3068],[-119.467,34.2937],[-119.4286,34.2778],[-119.402,34.2723],[-119.3759,34.2499],[-119.3345,34.2365],[-119.2857,34.1408],[-119.2509,34.1062],[-119.218,34.0625],[-119.159,34.0403],[-119.1168,34.0298],[-119.0274,34.0149],[-118.9832,33.9995],[-118.9517,33.9929],[-118.941,34.0748],[-118.7889,34.1682],[-118.6682,34.1682],[-118.6677,34.2403],[-118.6325,34.2404],[-118.6368,34.2918],[-118.8804,34.7887],[-118.978,34.7898],[-118.9779,34.8117],[-119.2425,34.8143],[-119.2426,34.8576],[-119.2772,34.8573],[-119.2764,34.8725],[-119.3819,34.874],[-119.3837,34.9008],[-119.4437,34.9012],[-119.4433,34.4495],[-119.4404,34.4418],[-119.4447,34.4295],[-119.4531,34.4289],[-119.4546,34.4216]]],[[[-119.4865,34],[-119.4923,33.9832],[-119.4726,33.9706],[-119.433,33.9559],[-119.3805,33.9536],[-119.3519,33.9645],[-119.3328,33.9677],[-119.3116,33.98],[-119.2962,33.9972],[-119.2931,34.0202],[-119.2976,34.0366],[-119.3121,34.0544],[-119.3425,34.069],[-119.3679,34.0704],[-119.397,34.0638],[-119.4237,34.0677],[-119.4513,34.0664],[-119.4681,34.0631],[-119.4865,34]]],[[[-119.6361,33.2807],[-119.6313,33.245],[-119.6148,33.2173],[-119.6053,33.2069],[-119.5742,33.1865],[-119.512,33.1678],[-119.4765,33.1635],[-119.445,33.1653],[-119.3945,33.1808],[-119.3759,33.1922],[-119.3607,33.2215],[-119.3621,33.2452],[-119.3797,33.2676],[-119.43,33.301],[-119.4951,33.3272],[-119.5191,33.3337],[-119.5435,33.3342],[-119.5649,33.3276],[-119.5827,33.3278],[-119.5992,33.3233],[-119.6259,33.305],[-119.6361,33.2807]]]]},"properties":{"GEOID":"06111","NAME":"Ventura County","BASENAME":"Ventura","STATE":"06","COUNTY":"111"}},{"type":"Feature","geometry":{"type":"Polygon","coordinates":[[[-121.6619,38.7629],[-121.6585,38.7549],[-121.668,38.7545],[-121.6694,38.7457],[-121.6738,38.7431],[-121.6772,38.7509],[-121.67,38.7593],[-121.6926,38.7677],[-121.6864,38.7754],[-121.6934,38.7898],[-121.6907,38.7956],[-121.6958,38.7967],[-121.7013,38.803],[-121.7227,38.8027],[-121.7234,38.8256],[-121.731,38.8353],[-121.726,38.8413],[-121.7287,38.8466],[-121.7231,38.8513],[-121.7282,38.8534],[-121.7296,38.8584],[-121.7448,38.8642],[-121.7486,38.8713],[-121.7593,38.8684],[-121.7584,38.8624],[-121.7653,38.8642],[-121.7839,38.8564],[-121.7873,38.864],[-121.793,38.863],[-121.796,38.8667],[-121.8024,38.8646],[-121.8039,38.87],[-121.8116,38.8734],[-121.8172,38.8829],[-121.8068,38.8903],[-121.804,38.9017],[-121.7936,38.9007],[-121.7915,38.9054],[-121.8102,38.9079],[-121.8153,38.9112],[-121.8058,38.9108],[-121.8055,38.9151],[-121.8289,38.9185],[-121.8355,38.9245],[-122.404,38.9253],[-122.4158,38.9074],[-122.422,38.9036],[-122.4055,38.8837],[-122.4057,38.8799],[-122.3912,38.8687],[-122.3953,38.864],[-122.3921,38.8586],[-122.3716,38.8447],[-122.3507,38.8359],[-122.3422,38.8422],[-122.3303,38.8423],[-122.324,38.8463],[-122.3154,38.8396],[-122.3029,38.8426],[-122.3017,38.8395],[-122.2871,38.8394],[-122.2734,38.8097],[-122.2545,38.7816],[-122.2487,38.7551],[-122.2251,38.7274],[-122.2237,38.7223],[-122.2268,38.7196],[-122.2222,38.6986],[-122.2127,38.6933],[-122.2065,38.6958],[-122.2014,38.6907],[-122.198,38.6836],[-122.2021,38.6777],[-122.1901,38.6635],[-122.1809,38.6572],[-122.1743,38.6589],[-122.1661,38.6552],[-122.1603,38.644],[-122.1642,38.6406],[-122.1592,38.6351],[-122.1687,38.6299],[-122.1665,38.6197],[-122.1595,38.6193],[-122.1494,38.6255],[-122.1344,38.6046],[-122.1216,38.5689],[-122.1233,38.565],[-122.1142,38.5394],[-122.115,38.5339],[-122.1116,38.5309],[-122.113,38.5272],[-122.1041,38.5134],[-122.095,38.5131],[-122.0908,38.516],[-122.0714,38.5138],[-122.0574,38.5174],[-122.0416,38.5057],[-122.0356,38.4961],[-122.0135,38.4887],[-121.9781,38.5083],[-121.9636,38.5228],[-121.9475,38.5271],[-121.9411,38.5333],[-121.909,38.5296],[-121.8844,38.539],[-121.8601,38.5385],[-121.8326,38.5298],[-121.8133,38.526],[-121.7948,38.5269],[-121.7858,38.5231],[-121.7797,38.5299],[-121.7717,38.5323],[-121.7651,38.5259],[-121.7466,38.5318],[-121.7387,38.5376],[-121.7222,38.5349],[-121.712,38.538],[-121.7007,38.5274],[-121.6947,38.5271],[-121.6937,38.3137],[-121.5933,38.3131],[-121.584,38.3317],[-121.5752,38.3272],[-121.5594,38.3426],[-121.5372,38.3476],[-121.521,38.3612],[-121.5243,38.379],[-121.5148,38.3872],[-121.5133,38.3988],[-121.5326,38.4315],[-121.527,38.4348],[-121.5118,38.4352],[-121.5038,38.4396],[-121.501,38.4492],[-121.5041,38.4666],[-121.511,38.4735],[-121.5427,38.4764],[-121.559,38.4996],[-121.5518,38.5139],[-121.5244,38.5201],[-121.5305,38.5303],[-121.5135,38.5402],[-121.5113,38.5463],[-121.521,38.5662],[-121.5116,38.575],[-121.5063,38.5863],[-121.5087,38.5968],[-121.5158,38.6027],[-121.5277,38.6046],[-121.5446,38.5977],[-121.5499,38.5994],[-121.5583,38.6082],[-121.5669,38.6451],[-121.5761,38.6486],[-121.5872,38.6427],[-121.5941,38.6441],[-121.6311,38.679],[-121.6341,38.689],[-121.6324,38.695],[-121.6065,38.7171],[-121.6026,38.7369],[-121.5934,38.754],[-121.5926,38.7629],[-121.5998,38.7749],[-121.6067,38.7803],[-121.6264,38.7852],[-121.631,38.7829],[-121.628,38.7789],[-121.6339,38.7681],[-121.6474,38.774],[-121.6389,38.7672],[-121.6541,38.7645],[-121.6612,38.7701],[-121.6641,38.7672],[-121.6619,38.7629]]]},"properties":{"GEOID":"06113","NAME":"Yolo County","BASENAME":"Yolo","STATE":"06","COUNTY":"113"}},{"type":"Feature","geometry":{"type":"Polygon","coordinates":[[[-122.4728,37.8319],[-122.4187,37.8525],[-122.4323,37.9298],[-122.441,37.9574],[-122.4416,37.9739],[-122.376,38.0485],[-122.3475,38.0733],[-122.5019,38.1124],[-122.5201,38.1407],[-122.5445,38.1587],[-122.5579,38.1602],[-122.552,38.169],[-122.5632,38.1693],[-122.5645,38.1751],[-122.5685,38.177],[-122.5653,38.1827],[-122.5706,38.1871],[-122.5732,38.1863],[-122.5707,38.1835],[-122.5782,38.1836],[-122.5821,38.188],[-122.5909,38.1859],[-122.5928,38.1888],[-122.6041,38.1806],[-122.6226,38.1826],[-122.6358,38.1786],[-122.6492,38.1811],[-122.6672,38.1897],[-122.6806,38.1896],[-122.6879,38.1947],[-122.7014,38.1961],[-122.723,38.2071],[-122.7399,38.207],[-122.8999,38.3168],[-122.9095,38.3144],[-122.9081,38.3208],[-122.921,38.3168],[-122.9165,38.3128],[-122.9216,38.3086],[-122.9256,38.3127],[-122.9354,38.3096],[-122.9343,38.314],[-122.9468,38.3112],[-122.9661,38.317],[-122.97,38.3101],[-122.9816,38.3111],[-122.9948,38.3062],[-122.9936,38.3001],[-123.0027,38.2957],[-123.1345,38.2963],[-123.111,38.2673],[-123.101,38.2614],[-123.0496,38.2143],[-123.0313,38.1815],[-123.0272,38.1642],[-123.0148,38.1491],[-123.0638,38.0365],[-123.0812,38.019],[-123.0851,38.0084],[-123.0839,37.9834],[-123.0794,37.9719],[-123.068,37.9587],[-123.0501,37.948],[-123.0225,37.9421],[-122.9532,37.9411],[-122.9319,37.9467],[-122.9192,37.9548],[-122.9092,37.9646],[-122.9023,37.9774],[-122.8893,37.9741],[-122.8761,37.9663],[-122.8505,37.9456],[-122.8421,37.9233],[-122.8254,37.9071],[-122.789,37.8938],[-122.7791,37.8761],[-122.7668,37.8658],[-122.7243,37.8477],[-122.7047,37.8443],[-122.6757,37.8485],[-122.6674,37.8417],[-122.6325,37.8278],[-122.6123,37.8152],[-122.528,37.8151],[-122.5289,37.8201],[-122.5229,37.8249],[-122.5113,37.8247],[-122.4991,37.8199],[-122.4912,37.8266],[-122.4781,37.8253],[-122.478,37.833],[-122.4728,37.8319]]]},"properties":{"GEOID":"06041","NAME":"Marin County","BASENAME":"Marin","STATE":"06","COUNTY":"041"}},{"type":"Feature","geometry":{"type":"Polygon","coordinates":[[[-122.3731,37.8839],[-122.3467,37.811],[-122.2818,37.7082],[-122.1096,37.4976],[-122.0519,37.4593],[-122.0362,37.465],[-121.9967,37.4672],[-121.98,37.4609],[-121.9593,37.4635],[-121.9496,37.4614],[-121.9449,37.4692],[-121.9392,37.4625],[-121.9312,37.4606],[-121.9326,37.4551],[-121.9284,37.4574],[-121.925,37.4542],[-121.9113,37.4622],[-121.8812,37.4711],[-121.8653,37.4846],[-121.4712,37.4828],[-121.4693,37.4897],[-121.4821,37.5014],[-121.496,37.5049],[-121.4972,37.5125],[-121.5024,37.5185],[-121.4983,37.5224],[-121.5015,37.525],[-121.5223,37.5247],[-121.5406,37.5298],[-121.5567,37.5427],[-121.557,37.8165],[-121.96,37.7185],[-121.9719,37.7303],[-121.9881,37.7331],[-122.0118,37.7474],[-122.0108,37.7551],[-121.9974,37.7634],[-122.0138,37.7801],[-122.0455,37.7981],[-122.1407,37.8047],[-122.1488,37.8138],[-122.1574,37.818],[-122.1669,37.8134],[-122.1856,37.8207],[-122.1851,37.8374],[-122.1953,37.8416],[-122.2031,37.8512],[-122.2089,37.8519],[-122.2214,37.8655],[-122.2164,37.8691],[-122.2176,37.8722],[-122.2288,37.881],[-122.2441,37.8832],[-122.2493,37.887],[-122.2502,37.8934],[-122.264,37.9038],[-122.2711,37.9058],[-122.2884,37.8976],[-122.3128,37.8973],[-122.3731,37.8839]]]},"properties":{"GEOID":"06001","NAME":"Alameda County","BASENAME":"Alameda","STATE":"06","COUNTY":"001"}},{"type":"Feature","geometry":{"type":"Polygon","coordinates":[[[-122.4788,41.3201],[-122.5019,41.3091],[-122.4992,41.292],[-122.5102,41.2887],[-122.514,41.2802],[-122.5115,41.2698],[-122.5139,41.2552],[-122.5082,41.2453],[-122.5175,41.2398],[-122.5181,41.2359],[-122.5123,41.2265],[-122.5226,41.2135],[-122.5155,41.205],[-122.4974,41.1956],[-122.495,41.1917],[-122.4984,41.1827],[-122.2946,41.185],[-121.4465,41.1835],[-121.449,41.7764],[-121.4569,41.7763],[-121.4572,41.9056],[-121.4572,41.9499],[-121.4474,41.9505],[-121.4475,41.9975],[-122.378,42.0095],[-122.7028,42.0042],[-123.044,42.0031],[-123.1457,42.0088],[-123.347,41.9993],[-123.5179,42.0008],[-123.5199,41.9952],[-123.5343,41.9909],[-123.5409,41.9853],[-123.5363,41.9773],[-123.5333,41.9552],[-123.5477,41.9384],[-123.5488,41.9333],[-123.5544,41.9301],[-123.5536,41.9147],[-123.5595,41.906],[-123.578,41.903],[-123.5936,41.9063],[-123.5994,41.899],[-123.5974,41.8942],[-123.6048,41.8881],[-123.6063,41.8808],[-123.6171,41.8818],[-123.6245,41.8884],[-123.6422,41.8897],[-123.6452,41.8835],[-123.6523,41.8789],[-123.6465,41.8766],[-123.6514,41.8729],[-123.6495,41.8603],[-123.6615,41.8565],[-123.6713,41.845],[-123.6708,41.8354],[-123.6829,41.8371],[-123.7037,41.8295],[-123.703,41.8197],[-123.6944,41.8156],[-123.69,41.8032],[-123.6721,41.796],[-123.6763,41.7895],[-123.6746,41.7856],[-123.6883,41.7812],[-123.6834,41.7696],[-123.6783,41.7385],[-123.6661,41.7322],[-123.6611,41.7241],[-123.6602,41.7141],[-123.6692,41.7065],[-123.6701,41.7017],[-123.6628,41.6935],[-123.6854,41.676],[-123.6896,41.6694],[-123.6886,41.6602],[-123.6853,41.66],[-123.6884,41.6527],[-123.6804,41.634],[-123.6966,41.6339],[-123.6975,41.6267],[-123.7057,41.6215],[-123.711,41.615],[-123.7114,41.6089],[-123.7161,41.6065],[-123.7191,41.5953],[-123.7157,41.5913],[-123.6989,41.5957],[-123.6976,41.5909],[-123.6823,41.5949],[-123.6813,41.5867],[-123.6891,41.5821],[-123.6815,41.5718],[-123.6939,41.557],[-123.6939,41.5519],[-123.6902,41.5523],[-123.6825,41.5431],[-123.67,41.5441],[-123.6528,41.5394],[-123.648,41.535],[-123.6426,41.5227],[-123.6461,41.5124],[-123.6407,41.5074],[-123.6345,41.4861],[-123.6378,41.4824],[-123.6306,41.4771],[-123.6324,41.4735],[-123.6266,41.4668],[-123.6116,41.4616],[-123.6159,41.453],[-123.6124,41.449],[-123.622,41.4326],[-123.6378,41.4281],[-123.6486,41.4208],[-123.642,41.4157],[-123.6389,41.4074],[-123.6416,41.4002],[-123.656,41.3953],[-123.6555,41.3884],[-123.6614,41.3821],[-123.5012,41.3826],[-123.481,41.372],[-123.4741,41.3662],[-123.4825,41.3536],[-123.4786,41.3296],[-123.4725,41.3215],[-123.4634,41.3177],[-123.4596,41.3102],[-123.4603,41.3033],[-123.4569,41.3003],[-123.4555,41.2928],[-123.4628,41.2842],[-123.4438,41.2732],[-123.4421,41.2514],[-123.4549,41.2357],[-123.4344,41.2229],[-123.4366,41.2179],[-123.4347,41.2125],[-123.4277,41.2033],[-123.4171,41.197],[-123.4107,41.1818],[-123.404,41.1745],[-123.3935,41.1707],[-123.3927,41.1612],[-123.3841,41.1577],[-123.3812,41.1513],[-123.373,41.1519],[-123.3622,41.1616],[-123.3532,41.1631],[-123.3296,41.1517],[-123.325,41.1415],[-123.3154,41.1403],[-123.3035,41.1438],[-123.2951,41.1407],[-123.2839,41.1235],[-123.2734,41.1229],[-123.2718,41.1156],[-123.2614,41.1058],[-123.2584,41.0936],[-123.2494,41.0872],[-123.2452,41.078],[-123.2173,41.073],[-123.2089,41.0747],[-123.2032,41.0718],[-123.1883,41.0776],[-123.1789,41.0756],[-123.1652,41.0781],[-123.1556,41.0747],[-123.1413,41.0792],[-123.1091,41.0754],[-123.1059,41.0658],[-123.0963,41.0594],[-123.0801,41.0576],[-123.0552,41.0467],[-123.046,41.0335],[-123.0476,41.0247],[-123.0371,41.0042],[-123.0121,41.0068],[-123.0037,41.0125],[-122.9801,41.0143],[-122.952,41.0064],[-122.9417,40.9926],[-122.9247,40.9957],[-122.9175,40.994],[-122.9139,40.999],[-122.9145,41.0069],[-122.903,41.0116],[-122.9024,41.0238],[-122.8974,41.0292],[-122.9092,41.0412],[-122.9233,41.072],[-122.9421,41.0701],[-122.9532,41.0743],[-122.9661,41.0809],[-122.971,41.0902],[-122.9691,41.1034],[-122.9741,41.1058],[-122.9742,41.1096],[-122.9599,41.124],[-122.9653,41.1383],[-122.9517,41.1503],[-122.9573,41.1612],[-122.9547,41.1674],[-122.9626,41.1779],[-122.9613,41.1815],[-122.9513,41.1856],[-122.9384,41.1781],[-122.9292,41.1787],[-122.9248,41.1867],[-122.9154,41.1872],[-122.9069,41.1959],[-122.8859,41.2051],[-122.8439,41.2002],[-122.8367,41.2067],[-122.8252,41.21],[-122.8113,41.2025],[-122.8021,41.203],[-122.7956,41.2114],[-122.7812,41.2182],[-122.777,41.2308],[-122.7583,41.2408],[-122.7465,41.2409],[-122.7253,41.2475],[-122.7246,41.2611],[-122.712,41.2748],[-122.6874,41.2813],[-122.6791,41.279],[-122.6773,41.285],[-122.6635,41.2916],[-122.6529,41.2897],[-122.6515,41.2996],[-122.6456,41.3047],[-122.6477,41.3223],[-122.6421,41.3266],[-122.6275,41.332],[-122.6179,41.3275],[-122.6052,41.3292],[-122.5989,41.3245],[-122.5891,41.3268],[-122.5871,41.3333],[-122.581,41.3377],[-122.587,41.3497],[-122.5858,41.3576],[-122.5727,41.368],[-122.5517,41.3617],[-122.5404,41.3532],[-122.5427,41.3501],[-122.5358,41.3415],[-122.5039,41.343],[-122.5025,41.3329],[-122.4788,41.3201]]]},"properties":{"GEOID":"06093","NAME":"Siskiyou County","BASENAME":"Siskiyou","STATE":"06","COUNTY":"093"}},{"type":"Feature","geometry":{"type":"Polygon","coordinates":[[[-118.79,37.394],[-118.7795,37.3816],[-118.7786,37.376],[-118.7733,37.3749],[-118.7677,37.3677],[-118.7701,37.3662],[-118.7686,37.3598],[-118.7782,37.3583],[-118.7845,37.3517],[-118.7867,37.3434],[-118.7801,37.3349],[-118.7579,37.3288],[-118.7411,37.3153],[-118.716,37.3282],[-118.6986,37.3056],[-118.695,37.306],[-118.6821,37.2805],[-118.6653,37.2619],[-118.6748,37.249],[-118.6837,37.2444],[-118.6822,37.234],[-118.6864,37.2276],[-118.6791,37.22],[-118.6791,37.2145],[-118.6756,37.2141],[-118.6813,37.2044],[-118.6665,37.1895],[-118.6671,37.1824],[-118.6642,37.1781],[-118.6726,37.1673],[-118.6665,37.1614],[-118.6672,37.1546],[-118.6567,37.1472],[-118.6546,37.1418],[-118.6413,37.1372],[-118.6295,37.1374],[-118.6134,37.143],[-118.5996,37.1365],[-118.5927,37.1381],[-118.5831,37.1224],[-118.569,37.1226],[-118.5684,37.1153],[-118.5641,37.1132],[-118.5451,37.1154],[-118.5309,37.1112],[-118.5298,37.1051],[-118.5221,37.0984],[-118.5119,37.0928],[-118.5031,37.0952],[-118.4927,37.0875],[-118.4866,37.0774],[-118.4711,37.0727],[-118.4673,37.0667],[-118.449,37.0691],[-118.4371,37.0598],[-118.435,37.0497],[-118.4417,37.045],[-118.4392,37.039],[-118.4295,37.0339],[-118.4228,37.0258],[-118.4231,37.0169],[-118.428,37.0112],[-118.4122,36.9983],[-118.4189,36.9948],[-118.4195,36.9874],[-118.4111,36.9829],[-118.4095,36.9752],[-118.4044,36.972],[-118.4047,36.9575],[-118.3966,36.9573],[-118.3884,36.9455],[-118.3815,36.9259],[-118.3674,36.907],[-118.3692,36.8984],[-118.3608,36.8877],[-118.3671,36.8814],[-118.3702,36.8717],[-118.3662,36.8689],[-118.3656,36.8623],[-118.3622,36.8614],[-118.3622,36.844],[-118.3715,36.8361],[-118.3898,36.8345],[-118.3937,36.8297],[-118.3911,36.821],[-118.374,36.8002],[-118.3728,36.7945],[-118.3802,36.7822],[-118.372,36.767],[-118.3747,36.7641],[-118.3692,36.75],[-118.3509,36.7407],[-118.3396,36.729],[-118.336,36.7163],[-118.3355,36.7044],[-118.3482,36.6959],[-118.3639,36.6942],[-118.3661,36.6904],[-118.352,36.6829],[-118.3475,36.6723],[-118.3312,36.6694],[-118.3295,36.6654],[-118.3356,36.6616],[-118.3382,36.6554],[-118.3252,36.6471],[-118.3188,36.6389],[-118.3213,36.6274],[-118.3028,36.619],[-118.3024,36.6146],[-118.2939,36.6051],[-118.2816,36.6045],[-118.2746,36.5973],[-118.278,36.5923],[-118.289,36.5907],[-118.288,36.5837],[-118.2941,36.5774],[-118.2898,36.5732],[-118.2926,36.5674],[-118.2912,36.5593],[-118.2794,36.5551],[-118.2759,36.5508],[-118.2653,36.5515],[-118.2602,36.5441],[-118.252,36.5421],[-118.2486,36.5332],[-118.2494,36.524],[-118.2467,36.5214],[-118.2388,36.5236],[-118.2374,36.5115],[-118.2414,36.5],[-118.235,36.4937],[-118.2484,36.487],[-118.2499,36.4824],[-118.237,36.477],[-118.2326,36.4663],[-118.2232,36.4633],[-118.2156,36.4563],[-118.2096,36.4421],[-118.2144,36.4343],[-118.2098,36.4303],[-118.2037,36.4312],[-118.1936,36.4265],[-118.1749,36.4265],[-118.1568,36.4326],[-118.1516,36.4251],[-118.1412,36.4209],[-118.1374,36.4153],[-118.1403,36.4035],[-118.16,36.3938],[-118.1629,36.3894],[-118.1571,36.3883],[-118.1531,36.3795],[-118.1473,36.3791],[-118.141,36.3716],[-118.1305,36.3703],[-118.1225,36.3547],[-118.1242,36.3519],[-118.1003,36.3461],[-118.1018,36.3393],[-118.0976,36.3311],[-118.103,36.3254],[-118.1125,36.322],[-118.1118,36.3083],[-118.1216,36.3068],[-118.1201,36.3022],[-118.127,36.3002],[-118.125,36.2867],[-118.1276,36.2803],[-118.1174,36.2712],[-118.1194,36.2556],[-118.1122,36.24],[-118.1052,36.2336],[-118.1052,36.2286],[-118.1092,36.2255],[-118.1056,36.2134],[-118.0946,36.2049],[-118.0907,36.1973],[-118.0859,36.1975],[-118.0737,36.1894],[-118.07,36.1786],[-118.0593,36.1701],[-118.0626,36.1622],[-118.059,36.1578],[-118.0597,36.1508],[-118.0735,36.1403],[-118.0646,36.1104],[-118.0683,36.1085],[-118.0673,36.0934],[-118.0631,36.0892],[-118.058,36.0919],[-118.0516,36.0835],[-118.0517,36.0595],[-118.0427,36.0485],[-118.0463,36.0422],[-118.0395,36.0342],[-118.0414,36.0298],[-118.0371,36.0291],[-118.0336,36.0089],[-118.0121,35.9983],[-118.0107,35.9917],[-118.0062,35.9898],[-118.0036,35.9837],[-118.0045,35.9772],[-118.0096,35.9782],[-118.0146,35.9729],[-118.0125,35.9689],[-118.018,35.9624],[-118.0168,35.9546],[-118.0111,35.9546],[-118.0069,35.9465],[-117.9919,35.9438],[-117.9833,35.9266],[-117.9903,35.914],[-117.9854,35.9053],[-117.9871,35.8992],[-117.982,35.8947],[-117.9891,35.8813],[-117.9832,35.8756],[-117.9808,35.8675],[-117.9895,35.8657],[-117.9967,35.8695],[-118.0074,35.8582],[-118.0029,35.8413],[-118.0062,35.829],[-117.9986,35.823],[-118.0077,35.8171],[-118.0105,35.8044],[-118.0075,35.7999],[-118.0081,35.7889],[-117.923,35.7867],[-117.9244,35.7984],[-117.9193,35.7984],[-117.3759,35.7951],[-115.7359,35.7936],[-115.7357,35.8091],[-115.6484,35.8092],[-116.2151,36.2495],[-116.8743,36.7521],[-117.5001,37.2204],[-117.8327,37.4649],[-118.775,37.4631],[-118.7721,37.4585],[-118.7633,37.4565],[-118.7589,37.4445],[-118.7596,37.4356],[-118.7693,37.4222],[-118.7746,37.4246],[-118.7798,37.4217],[-118.7836,37.4133],[-118.782,37.4077],[-118.79,37.394]]]},"properties":{"GEOID":"06027","NAME":"Inyo County","BASENAME":"Inyo","STATE":"06","COUNTY":"027"}},{"type":"Feature","geometry":{"type":"Polygon","coordinates":[[[-122.0694,39.8405],[-122.0567,39.8273],[-122.0599,39.8178],[-122.0653,39.8137],[-122.0639,39.8106],[-122.05,39.8033],[-122.0401,39.7927],[-122.0336,39.7994],[-122.0242,39.7985],[-122.0256,39.7881],[-122.0326,39.7794],[-122.0246,39.7679],[-121.9981,39.7524],[-121.9822,39.7339],[-121.9707,39.7321],[-121.9694,39.7394],[-121.9638,39.7414],[-121.9602,39.7342],[-121.9679,39.7233],[-121.9625,39.7177],[-121.9556,39.7208],[-121.9513,39.7328],[-121.9469,39.7307],[-121.951,39.715],[-121.9418,39.6997],[-121.9449,39.6909],[-121.9569,39.6875],[-121.9614,39.6773],[-121.9721,39.6765],[-121.9851,39.6702],[-121.9943,39.6715],[-121.9973,39.6685],[-121.9965,39.6639],[-121.9908,39.6604],[-121.9758,39.6635],[-121.9666,39.6524],[-121.9688,39.6481],[-121.9851,39.6459],[-121.9908,39.6365],[-121.9906,39.6263],[-121.9835,39.6233],[-121.9794,39.6172],[-121.9822,39.6114],[-121.9923,39.6082],[-121.9958,39.6032],[-121.9952,39.5817],[-122.0032,39.5748],[-122.0014,39.569],[-121.9906,39.5643],[-122.0031,39.5593],[-121.994,39.5339],[-121.9857,39.531],[-121.9768,39.5329],[-121.974,39.5289],[-121.9452,39.5361],[-121.8565,39.5369],[-121.8594,39.5272],[-121.8773,39.5095],[-121.8709,39.4851],[-121.8735,39.4786],[-121.8694,39.4662],[-121.8748,39.4605],[-121.8708,39.4487],[-121.874,39.4473],[-121.8769,39.4383],[-121.8752,39.4279],[-121.878,39.4277],[-121.8904,39.3902],[-121.8902,39.3842],[-121.8839,39.3739],[-121.8917,39.3661],[-121.8935,39.3585],[-121.8991,39.3573],[-121.8975,39.3443],[-121.8944,39.3411],[-121.903,39.3301],[-121.9083,39.3039],[-121.6301,39.3057],[-121.6323,39.3022],[-121.6238,39.2956],[-121.6182,39.301],[-121.6207,39.3033],[-121.6112,39.3193],[-121.6042,39.318],[-121.6023,39.3114],[-121.5942,39.3078],[-121.5853,39.3116],[-121.5757,39.3108],[-121.5637,39.3049],[-121.5487,39.3088],[-121.5471,39.3122],[-121.5305,39.3183],[-121.5044,39.318],[-121.4978,39.3142],[-121.4953,39.319],[-121.4841,39.318],[-121.4841,39.3261],[-121.4746,39.3335],[-121.4636,39.3309],[-121.4576,39.3355],[-121.447,39.3306],[-121.4348,39.3375],[-121.4263,39.335],[-121.4157,39.3401],[-121.4075,39.3398],[-121.4032,39.3496],[-121.3879,39.356],[-121.3823,39.363],[-121.3724,39.3649],[-121.3726,39.3736],[-121.3672,39.3782],[-121.36,39.399],[-121.3631,39.4042],[-121.3512,39.4159],[-121.3341,39.4258],[-121.3353,39.4304],[-121.3406,39.4316],[-121.3453,39.4389],[-121.3451,39.4526],[-121.3384,39.4544],[-121.3383,39.465],[-121.3334,39.4651],[-121.3334,39.4687],[-121.3241,39.4686],[-121.3241,39.4757],[-121.3148,39.4759],[-121.315,39.487],[-121.3102,39.4868],[-121.3102,39.4978],[-121.3054,39.4978],[-121.3051,39.5196],[-121.2768,39.5203],[-121.2771,39.5128],[-121.2402,39.5131],[-121.2405,39.5266],[-121.21,39.5272],[-121.1852,39.5267],[-121.1854,39.5197],[-121.1593,39.5196],[-121.159,39.5261],[-121.1499,39.5264],[-121.1499,39.5553],[-121.1409,39.5555],[-121.1412,39.5623],[-121.1165,39.5635],[-121.1163,39.5671],[-121.107,39.5672],[-121.1075,39.5853],[-121.0795,39.5853],[-121.0767,39.5973],[-121.0793,39.6034],[-121.0889,39.6033],[-121.0889,39.6135],[-121.0977,39.6137],[-121.0975,39.6209],[-121.1163,39.621],[-121.1166,39.628],[-121.1367,39.6282],[-121.1364,39.6568],[-121.1551,39.6568],[-121.1551,39.6639],[-121.1629,39.6638],[-121.163,39.671],[-121.1711,39.6711],[-121.1712,39.6856],[-121.1903,39.6854],[-121.1905,39.6999],[-121.2087,39.7004],[-121.2109,39.7257],[-121.2294,39.7257],[-121.2297,39.7402],[-121.2483,39.74],[-121.2506,39.754],[-121.268,39.7542],[-121.2683,39.7688],[-121.2859,39.7676],[-121.2849,39.7816],[-121.2942,39.7855],[-121.2941,39.7893],[-121.3078,39.7894],[-121.3077,39.7966],[-121.3169,39.7967],[-121.3185,39.8109],[-121.3323,39.8111],[-121.3323,39.8257],[-121.3508,39.8257],[-121.3511,39.8403],[-121.3605,39.8407],[-121.3612,39.8555],[-121.3802,39.8554],[-121.3801,39.8628],[-121.3985,39.8629],[-121.399,39.8713],[-121.4119,39.8714],[-121.411,39.9004],[-121.43,39.9003],[-121.43,39.9148],[-121.411,39.9151],[-121.4111,39.9294],[-121.4206,39.9294],[-121.4198,39.9586],[-121.4103,39.9585],[-121.4103,39.9873],[-121.4198,39.9875],[-121.4195,40.0158],[-121.4096,40.0157],[-121.4096,40.0306],[-121.4003,40.0305],[-121.4004,40.0521],[-121.3823,40.0518],[-121.382,40.057],[-121.3771,40.0571],[-121.3768,40.0717],[-121.3671,40.0719],[-121.3668,40.0861],[-121.3768,40.086],[-121.3765,40.1086],[-121.3861,40.1086],[-121.3859,40.1159],[-121.4049,40.1155],[-121.4045,40.1516],[-121.4369,40.1519],[-121.4428,40.1487],[-121.4429,40.1296],[-121.4527,40.1297],[-121.4529,40.1221],[-121.481,40.1224],[-121.481,40.1151],[-121.4909,40.1153],[-121.4909,40.108],[-121.5106,40.108],[-121.5106,40.1005],[-121.5864,40.1005],[-121.5861,40.0933],[-121.5958,40.0935],[-121.5956,40.0577],[-121.6086,40.0551],[-121.6087,40.0467],[-121.6173,40.0471],[-121.6178,40.0394],[-121.6261,40.0395],[-121.6261,40.0256],[-121.6362,40.0258],[-121.6354,39.9968],[-121.6458,39.9971],[-121.646,39.9825],[-121.7032,39.9842],[-121.7075,39.9768],[-121.725,39.9676],[-121.7296,39.9561],[-121.7358,39.9535],[-121.7446,39.9418],[-121.7494,39.9257],[-121.7506,39.9068],[-121.7762,39.8889],[-121.8061,39.8882],[-121.804,39.8843],[-122.0449,39.8838],[-122.041,39.8795],[-122.0557,39.864],[-122.0583,39.8507],[-122.0694,39.8405]]]},"properties":{"GEOID":"06007","NAME":"Butte County","BASENAME":"Butte","STATE":"06","COUNTY":"007"}},{"type":"Feature","geometry":{"type":"Polygon","coordinates":[[[-119.5732,36.4888],[-119.4663,36.5752],[-119.3051,36.5737],[-119.3046,36.6606],[-118.9848,36.6571],[-118.9824,36.7416],[-118.555,36.7391],[-118.5555,36.7447],[-118.3606,36.7448],[-118.3692,36.75],[-118.3747,36.7641],[-118.372,36.767],[-118.3802,36.7822],[-118.3728,36.7945],[-118.374,36.8002],[-118.3911,36.821],[-118.3937,36.8297],[-118.3898,36.8345],[-118.3715,36.8361],[-118.3622,36.844],[-118.3622,36.8614],[-118.3656,36.8623],[-118.3662,36.8689],[-118.3702,36.8717],[-118.3671,36.8814],[-118.3608,36.8877],[-118.3692,36.8984],[-118.3674,36.907],[-118.3815,36.9259],[-118.3884,36.9455],[-118.3966,36.9573],[-118.4047,36.9575],[-118.4044,36.972],[-118.4095,36.9752],[-118.4111,36.9829],[-118.4195,36.9874],[-118.4189,36.9948],[-118.4122,36.9983],[-118.428,37.0112],[-118.4231,37.0169],[-118.4228,37.0258],[-118.4295,37.0339],[-118.4392,37.039],[-118.4417,37.0457],[-118.4349,37.0509],[-118.4413,37.0639],[-118.449,37.0691],[-118.4673,37.0667],[-118.4711,37.0727],[-118.4866,37.0774],[-118.4927,37.0875],[-118.5031,37.0952],[-118.5119,37.0928],[-118.5221,37.0984],[-118.5298,37.1051],[-118.5309,37.1112],[-118.5451,37.1154],[-118.5641,37.1132],[-118.5684,37.1153],[-118.569,37.1226],[-118.5831,37.1224],[-118.5927,37.1381],[-118.5996,37.1365],[-118.6134,37.143],[-118.6295,37.1374],[-118.6413,37.1372],[-118.6546,37.1418],[-118.6567,37.1472],[-118.6672,37.1546],[-118.6665,37.1614],[-118.6726,37.1673],[-118.6642,37.1781],[-118.6671,37.1824],[-118.6665,37.1895],[-118.6813,37.2044],[-118.6756,37.2141],[-118.6791,37.2145],[-118.6791,37.22],[-118.6864,37.2276],[-118.6822,37.234],[-118.6837,37.2444],[-118.6748,37.249],[-118.6653,37.2619],[-118.6821,37.2805],[-118.695,37.306],[-118.6986,37.3056],[-118.716,37.3282],[-118.7411,37.3153],[-118.7579,37.3288],[-118.7801,37.3349],[-118.7867,37.3434],[-118.7815,37.3564],[-118.7681,37.3612],[-118.7701,37.3662],[-118.768,37.3681],[-118.7733,37.3749],[-118.7786,37.376],[-118.7795,37.3816],[-118.79,37.394],[-118.782,37.4077],[-118.7836,37.4133],[-118.7798,37.4217],[-118.7746,37.4246],[-118.7693,37.4222],[-118.7602,37.4336],[-118.7589,37.4445],[-118.7633,37.4565],[-118.7733,37.4595],[-118.7779,37.4694],[-118.7971,37.4887],[-118.8103,37.486],[-118.8155,37.4878],[-118.8328,37.4802],[-118.836,37.4825],[-118.8419,37.4809],[-118.8498,37.4759],[-118.856,37.4784],[-118.8608,37.5015],[-118.8675,37.5071],[-118.8817,37.5103],[-118.8837,37.5201],[-118.8911,37.5253],[-118.9019,37.526],[-118.9012,37.5312],[-118.9171,37.5503],[-118.9297,37.5489],[-118.939,37.5544],[-118.9427,37.5621],[-118.9527,37.5658],[-118.9641,37.5581],[-118.9725,37.5594],[-118.977,37.5568],[-118.9849,37.5673],[-119.0023,37.5711],[-119.0221,37.5858],[-119.3122,37.3527],[-119.3154,37.3461],[-119.3115,37.3429],[-119.3122,37.3397],[-119.3258,37.3354],[-119.3158,37.3248],[-119.3354,37.3112],[-119.3269,37.2919],[-119.3323,37.2744],[-119.3264,37.2699],[-119.3222,37.2534],[-119.3232,37.245],[-119.3316,37.2396],[-119.3337,37.224],[-119.3378,37.2192],[-119.3307,37.2152],[-119.3301,37.2074],[-119.3431,37.1891],[-119.3606,37.1805],[-119.3619,37.1678],[-119.3752,37.1641],[-119.375,37.1579],[-119.3888,37.1492],[-119.3998,37.1498],[-119.4068,37.16],[-119.4158,37.1634],[-119.4321,37.1626],[-119.4349,37.147],[-119.4427,37.1441],[-119.4626,37.1442],[-119.4691,37.1259],[-119.4663,37.1196],[-119.4702,37.1109],[-119.4748,37.11],[-119.4833,37.1103],[-119.4913,37.1197],[-119.4932,37.1246],[-119.4892,37.1373],[-119.506,37.1503],[-119.5175,37.1468],[-119.525,37.1282],[-119.54,37.1348],[-119.55,37.1446],[-119.5608,37.1429],[-119.5686,37.1167],[-119.5488,37.1168],[-119.5376,37.1051],[-119.5416,37.096],[-119.559,37.0881],[-119.5633,37.0744],[-119.5614,37.0655],[-119.5848,37.0656],[-119.597,37.0713],[-119.6049,37.071],[-119.6136,37.052],[-119.6104,37.0457],[-119.6211,37.0266],[-119.6354,37.0215],[-119.636,37.0253],[-119.629,37.0346],[-119.6393,37.0433],[-119.6495,37.0435],[-119.6594,37.0389],[-119.6586,37.0133],[-119.6709,37.0093],[-119.6908,37.012],[-119.6981,37.0087],[-119.7138,36.9909],[-119.7405,36.9702],[-119.7433,36.9546],[-119.7367,36.9536],[-119.7338,36.9464],[-119.7521,36.9359],[-119.7503,36.9283],[-119.7549,36.9225],[-119.7727,36.9186],[-119.7757,36.9091],[-119.7893,36.8967],[-119.7855,36.8798],[-119.7974,36.875],[-119.8027,36.8658],[-119.8144,36.8615],[-119.8139,36.8502],[-119.8234,36.8483],[-119.8348,36.8525],[-119.8409,36.8613],[-119.8466,36.8601],[-119.8539,36.8514],[-119.8609,36.8545],[-119.8659,36.8511],[-119.8706,36.8522],[-119.8862,36.8592],[-119.8892,36.8521],[-119.904,36.8516],[-119.9121,36.8454],[-119.9281,36.8485],[-119.9345,36.838],[-119.9435,36.834],[-119.9585,36.8355],[-119.9705,36.8329],[-119.977,36.835],[-119.9797,36.8397],[-119.9858,36.8405],[-119.9903,36.8378],[-119.9924,36.8289],[-120.0137,36.8281],[-120.0202,36.825],[-120.0226,36.8178],[-120.0278,36.8145],[-120.0423,36.8155],[-120.056,36.8229],[-120.0714,36.8187],[-120.0795,36.8253],[-120.0916,36.8212],[-120.0986,36.8149],[-120.1366,36.8093],[-120.1569,36.7982],[-120.1727,36.8029],[-120.1745,36.7961],[-120.182,36.7881],[-120.1815,36.7833],[-120.1897,36.7761],[-120.1997,36.7807],[-120.2022,36.79],[-120.2071,36.7909],[-120.2207,36.7873],[-120.2227,36.7828],[-120.2333,36.7811],[-120.2299,36.7691],[-120.2457,36.7713],[-120.2488,36.7751],[-120.256,36.7696],[-120.2733,36.7742],[-120.2814,36.7666],[-120.2812,36.7721],[-120.2855,36.7735],[-120.2891,36.7716],[-120.2881,36.7641],[-120.2906,36.763],[-120.294,36.7663],[-120.2932,36.7722],[-120.3061,36.7703],[-120.3057,36.7734],[-120.2998,36.7746],[-120.3004,36.7776],[-120.3126,36.782],[-120.3217,36.7777],[-120.3242,36.7863],[-120.3346,36.7829],[-120.3344,36.7915],[-120.3441,36.7914],[-120.3477,36.7982],[-120.351,36.7954],[-120.3451,36.785],[-120.3559,36.7873],[-120.3707,36.7852],[-120.3729,36.7897],[-120.3697,36.7956],[-120.3744,36.8011],[-120.3681,36.807],[-120.3692,36.8101],[-120.3771,36.8088],[-120.3791,36.8172],[-120.3876,36.8239],[-120.4007,36.8224],[-120.4099,36.8398],[-120.4171,36.8356],[-120.4263,36.8399],[-120.4335,36.8505],[-120.4405,36.8502],[-120.4395,36.8557],[-120.4474,36.8566],[-120.4486,36.8602],[-120.4555,36.8619],[-120.4503,36.8712],[-120.4594,36.8753],[-120.4537,36.8808],[-120.4653,36.8873],[-120.4668,36.8922],[-120.461,36.9023],[-120.4638,36.9054],[-120.4556,36.9054],[-120.4504,36.9128],[-120.4622,36.9172],[-120.4571,36.9236],[-120.468,36.9375],[-120.4756,36.94],[-120.478,36.9547],[-120.4889,36.9657],[-120.4841,36.9724],[-120.4948,36.9758],[-120.4995,36.982],[-120.503,37.0006],[-120.5082,37.0003],[-120.509,37.0076],[-120.5138,37.011],[-120.5233,37.0141],[-120.5304,37.0129],[-120.5307,37.0202],[-120.5369,37.0193],[-120.5378,37.0239],[-120.5453,37.0269],[-120.5378,37.0342],[-120.5372,37.0406],[-120.5417,37.0445],[-120.5986,36.9986],[-120.5852,36.9906],[-120.586,36.9853],[-120.5905,36.9816],[-120.5906,36.9526],[-120.656,36.9528],[-120.9187,36.7404],[-120.6037,36.4882],[-120.5972,36.4882],[-120.5966,36.3285],[-120.6049,36.3241],[-120.6125,36.3244],[-120.6127,36.3209],[-120.6179,36.3188],[-120.6588,36.3162],[-120.6828,36.2943],[-120.6804,36.2907],[-120.6829,36.2868],[-120.6726,36.2805],[-120.6762,36.2768],[-120.6754,36.2705],[-120.6804,36.2671],[-120.673,36.2577],[-120.6815,36.252],[-120.6797,36.2467],[-120.6669,36.236],[-120.6517,36.2307],[-120.6493,36.224],[-120.641,36.2198],[-120.6269,36.2032],[-120.6392,36.1965],[-120.6447,36.1792],[-120.6489,36.1794],[-120.652,36.1741],[-120.6499,36.168],[-120.6631,36.1712],[-120.6642,36.1657],[-120.672,36.1643],[-120.668,36.1606],[-120.6647,36.1473],[-120.6643,36.1414],[-120.6676,36.1381],[-120.6565,36.1326],[-120.6525,36.1252],[-120.6532,36.1188],[-120.6454,36.1162],[-120.6488,36.108],[-120.6419,36.1013],[-120.6336,36.1033],[-120.6267,36.0971],[-120.6152,36.0952],[-120.6116,36.0956],[-120.6124,36.0991],[-120.6087,36.0993],[-120.608,36.1027],[-120.5994,36.1009],[-120.5898,36.0896],[-120.5932,36.0885],[-120.5961,36.0782],[-120.5879,36.0666],[-120.5666,36.0529],[-120.5454,36.0461],[-120.5404,36.0367],[-120.527,36.0357],[-120.5298,36.0243],[-120.52,36.0209],[-120.5176,36.0275],[-120.5109,36.0221],[-120.5084,36.0242],[-120.5049,36.0204],[-120.5004,36.0222],[-120.4862,36.0112],[-120.4793,36.0107],[-120.4804,36.0059],[-120.4774,36.0008],[-120.4686,35.9943],[-120.4497,35.9884],[-120.4491,35.9851],[-120.4382,35.9778],[-120.4344,35.9694],[-120.4085,35.976],[-120.394,35.9679],[-120.3604,35.9644],[-120.3625,35.9594],[-120.3575,35.9555],[-120.3565,35.9481],[-120.3458,35.9449],[-120.336,35.9372],[-120.3367,35.9236],[-120.3323,35.9155],[-120.3187,35.9069],[-119.9589,36.1814],[-119.9592,36.401],[-119.7531,36.4019],[-119.7524,36.409],[-119.7463,36.4168],[-119.7349,36.4159],[-119.7301,36.4208],[-119.714,36.4189],[-119.7057,36.427],[-119.6936,36.4245],[-119.6716,36.4311],[-119.6728,36.4266],[-119.6668,36.4188],[-119.5732,36.4888]]]},"properties":{"GEOID":"06019","NAME":"Fresno County","BASENAME":"Fresno","STATE":"06","COUNTY":"019"}},{"type":"Feature","geometry":{"type":"Polygon","coordinates":[[[-122.6351,38.583],[-122.635,38.5864],[-122.6466,38.5991],[-122.6397,38.6117],[-122.6335,38.6162],[-122.6338,38.6199],[-122.6284,38.6227],[-122.6341,38.6376],[-122.6242,38.6498],[-122.6232,38.6625],[-122.6276,38.6686],[-122.6335,38.6692],[-122.6268,38.6708],[-122.6255,38.6744],[-122.6395,38.6891],[-122.637,38.6937],[-122.6443,38.6996],[-122.6475,38.7069],[-122.6742,38.7064],[-122.6955,38.7131],[-122.7007,38.7286],[-122.7104,38.7321],[-122.7123,38.7422],[-122.7093,38.749],[-122.7242,38.7566],[-122.7227,38.763],[-122.7346,38.7726],[-122.738,38.781],[-122.7482,38.7878],[-122.7482,38.8038],[-122.7676,38.8139],[-122.7666,38.8158],[-122.7802,38.8268],[-122.7914,38.8304],[-122.796,38.839],[-122.8062,38.8362],[-122.8121,38.8384],[-122.8121,38.8429],[-122.8183,38.8446],[-122.8177,38.8498],[-123.081,38.8524],[-123.0812,38.8384],[-123.1366,38.8394],[-123.1363,38.8091],[-123.3684,38.8066],[-123.3682,38.7771],[-123.497,38.7786],[-123.4999,38.7738],[-123.507,38.7735],[-123.5099,38.7674],[-123.5163,38.7678],[-123.5202,38.7586],[-123.5332,38.7684],[-123.6325,38.7581],[-123.592,38.7402],[-123.5869,38.7281],[-123.578,38.7176],[-123.5106,38.6809],[-123.4987,38.6689],[-123.4885,38.6515],[-123.4705,38.6386],[-123.4484,38.6063],[-123.3942,38.5539],[-123.3846,38.537],[-123.3609,38.5102],[-123.3238,38.4986],[-123.3067,38.4787],[-123.2692,38.4576],[-123.2364,38.4504],[-123.2202,38.442],[-123.2041,38.4239],[-123.1962,38.4101],[-123.1648,38.3883],[-123.1557,38.3684],[-123.1343,38.3458],[-123.141,38.3275],[-123.1413,38.3113],[-123.1345,38.2963],[-123.0027,38.2957],[-122.9936,38.3001],[-122.9948,38.3062],[-122.9816,38.3111],[-122.97,38.3101],[-122.9661,38.317],[-122.9468,38.3112],[-122.9343,38.314],[-122.9354,38.3096],[-122.9256,38.3127],[-122.9216,38.3086],[-122.9165,38.3128],[-122.921,38.3168],[-122.9081,38.3208],[-122.9095,38.3144],[-122.8999,38.3168],[-122.7399,38.207],[-122.723,38.2071],[-122.7014,38.1961],[-122.6879,38.1947],[-122.6806,38.1896],[-122.6672,38.1897],[-122.6492,38.1811],[-122.6358,38.1786],[-122.6226,38.1826],[-122.6041,38.1806],[-122.5928,38.1888],[-122.5909,38.1859],[-122.5821,38.188],[-122.5782,38.1836],[-122.5707,38.1835],[-122.5732,38.1863],[-122.5706,38.1871],[-122.5653,38.1827],[-122.5685,38.177],[-122.5645,38.1751],[-122.5632,38.1693],[-122.552,38.169],[-122.5579,38.1602],[-122.5445,38.1587],[-122.5201,38.1407],[-122.5019,38.1124],[-122.3475,38.0733],[-122.3878,38.1249],[-122.4075,38.1578],[-122.3968,38.1615],[-122.3676,38.1588],[-122.3656,38.166],[-122.3695,38.1745],[-122.3687,38.1827],[-122.3579,38.1826],[-122.3571,38.1906],[-122.3603,38.1971],[-122.3496,38.194],[-122.3507,38.2018],[-122.3642,38.2153],[-122.3653,38.246],[-122.3692,38.2474],[-122.3739,38.2439],[-122.373,38.2472],[-122.3898,38.2608],[-122.3876,38.2738],[-122.3964,38.2712],[-122.4047,38.2817],[-122.4002,38.2897],[-122.4038,38.2998],[-122.3947,38.3046],[-122.3963,38.3091],[-122.4054,38.322],[-122.4087,38.32],[-122.4139,38.3308],[-122.412,38.3343],[-122.4276,38.3457],[-122.4268,38.349],[-122.4395,38.3581],[-122.4525,38.3624],[-122.4573,38.3677],[-122.4481,38.3795],[-122.4658,38.3902],[-122.4703,38.3967],[-122.468,38.4001],[-122.4706,38.4049],[-122.4979,38.4246],[-122.4859,38.4382],[-122.4798,38.4513],[-122.4936,38.4568],[-122.5096,38.4574],[-122.5097,38.4622],[-122.5058,38.4647],[-122.5159,38.4709],[-122.5296,38.4696],[-122.5313,38.4785],[-122.5449,38.4963],[-122.5353,38.5017],[-122.55,38.5112],[-122.5417,38.5133],[-122.5453,38.5167],[-122.5439,38.52],[-122.5542,38.5262],[-122.5666,38.5256],[-122.574,38.5404],[-122.5873,38.5526],[-122.6032,38.5588],[-122.6208,38.5603],[-122.6227,38.5677],[-122.6318,38.5694],[-122.6302,38.5785],[-122.6351,38.583]]]},"properties":{"GEOID":"06097","NAME":"Sonoma County","BASENAME":"Sonoma","STATE":"06","COUNTY":"097"}},{"type":"Feature","geometry":{"type":"Polygon","coordinates":[[[-121.4399,38.2555],[-121.4293,38.2548],[-121.4251,38.2504],[-121.4277,38.2457],[-121.4205,38.2372],[-121.3984,38.2274],[-121.3891,38.2332],[-121.3444,38.2282],[-121.2955,38.2376],[-121.283,38.2497],[-121.2684,38.2523],[-121.2476,38.2454],[-121.2293,38.2475],[-121.223,38.2444],[-121.215,38.2488],[-121.2034,38.2488],[-121.192,38.2567],[-121.1731,38.2552],[-121.147,38.2639],[-121.1278,38.2774],[-121.1163,38.2774],[-121.1022,38.2832],[-121.0942,38.2819],[-121.0675,38.2989],[-121.0617,38.2989],[-121.0481,38.2911],[-121.0406,38.2977],[-121.0271,38.3003],[-121.0274,38.5081],[-121.0854,38.6478],[-121.119,38.7179],[-121.124,38.7105],[-121.1338,38.7054],[-121.1425,38.7121],[-121.411,38.7299],[-121.5218,38.7364],[-121.6029,38.7358],[-121.6076,38.7156],[-121.6324,38.695],[-121.634,38.6881],[-121.6302,38.6774],[-121.5941,38.6441],[-121.5872,38.6427],[-121.5761,38.6486],[-121.5669,38.6451],[-121.5583,38.6082],[-121.5499,38.5994],[-121.5446,38.5977],[-121.5277,38.6046],[-121.5158,38.6027],[-121.5116,38.6009],[-121.5074,38.592],[-121.5083,38.5805],[-121.521,38.5662],[-121.5113,38.5463],[-121.5126,38.5417],[-121.5309,38.5294],[-121.5241,38.5205],[-121.5518,38.5139],[-121.559,38.4996],[-121.5427,38.4764],[-121.511,38.4735],[-121.5041,38.4666],[-121.501,38.4492],[-121.5038,38.4396],[-121.5118,38.4352],[-121.527,38.4348],[-121.5326,38.4315],[-121.5133,38.3988],[-121.5148,38.3872],[-121.5243,38.379],[-121.521,38.3612],[-121.5372,38.3476],[-121.5594,38.3426],[-121.5752,38.3272],[-121.5848,38.3308],[-121.5852,38.3255],[-121.5898,38.3227],[-121.5922,38.314],[-121.5987,38.3099],[-121.5999,38.3015],[-121.6052,38.2961],[-121.6054,38.2857],[-121.6007,38.2784],[-121.604,38.2701],[-121.6002,38.2578],[-121.6021,38.2216],[-121.6121,38.2001],[-121.617,38.1951],[-121.6323,38.1943],[-121.6466,38.186],[-121.6629,38.1819],[-121.6856,38.1596],[-121.6921,38.1331],[-121.7072,38.1098],[-121.7109,38.0865],[-121.7293,38.0823],[-121.7432,38.0872],[-121.8001,38.0596],[-121.8279,38.0662],[-121.8424,38.0767],[-121.8596,38.0711],[-121.8625,38.066],[-121.8536,38.0648],[-121.8468,38.06],[-121.8321,38.0311],[-121.8182,38.0222],[-121.7775,38.0189],[-121.7378,38.0266],[-121.6998,38.0452],[-121.6809,38.0621],[-121.6819,38.082],[-121.6793,38.0893],[-121.6731,38.0935],[-121.6619,38.0956],[-121.6381,38.0861],[-121.6326,38.0886],[-121.6274,38.0984],[-121.6049,38.0999],[-121.5813,38.0939],[-121.5672,38.0973],[-121.564,38.1014],[-121.5658,38.1053],[-121.582,38.112],[-121.5841,38.1202],[-121.5763,38.1291],[-121.5577,38.1368],[-121.5592,38.1439],[-121.5363,38.1516],[-121.5362,38.1582],[-121.5243,38.1727],[-121.5278,38.1817],[-121.5245,38.1855],[-121.5289,38.1953],[-121.5207,38.2029],[-121.5099,38.2046],[-121.5043,38.2121],[-121.5064,38.2246],[-121.4917,38.2277],[-121.4871,38.2399],[-121.4786,38.2462],[-121.4801,38.2536],[-121.4757,38.2581],[-121.4665,38.26],[-121.4504,38.2546],[-121.4399,38.2555]]]},"properties":{"GEOID":"06067","NAME":"Sacramento County","BASENAME":"Sacramento","STATE":"06","COUNTY":"067"}},{"type":"Feature","geometry":{"type":"MultiPolygon","coordinates":[[[[-120.7343,34.9048],[-120.7307,34.8864],[-120.7203,34.8692],[-120.6733,34.8386],[-120.6844,34.8037],[-120.6998,34.7709],[-120.7021,34.7483],[-120.6932,34.73],[-120.6647,34.6963],[-120.6865,34.645],[-120.7013,34.63],[-120.7072,34.6162],[-120.7071,34.5975],[-120.7133,34.575],[-120.708,34.5549],[-120.6845,34.5271],[-120.6561,34.5086],[-120.6326,34.5027],[-120.5943,34.5041],[-120.5594,34.4885],[-120.5531,34.471],[-120.5357,34.4527],[-120.5356,34.4395],[-120.5302,34.4289],[-120.5236,34.4195],[-120.501,34.4031],[-120.451,34.3912],[-120.398,34.401],[-120.3869,34.4057],[-120.3245,34.4097],[-120.2871,34.4176],[-120.2406,34.4175],[-120.2028,34.4222],[-120.1918,34.42],[-120.1351,34.4221],[-120.0907,34.4093],[-120.0448,34.4125],[-120.0244,34.4093],[-120.0094,34.4015],[-119.9165,34.3726],[-119.8985,34.3604],[-119.8839,34.3561],[-119.8379,34.3543],[-119.8231,34.357],[-119.8058,34.3653],[-119.7971,34.3653],[-119.732,34.3397],[-119.7136,34.336],[-119.6661,34.3545],[-119.6514,34.3667],[-119.626,34.3662],[-119.6175,34.3687],[-119.5848,34.3617],[-119.5558,34.345],[-119.5195,34.3361],[-119.501,34.3269],[-119.4767,34.3732],[-119.4777,34.3796],[-119.473,34.3795],[-119.4687,34.3884],[-119.4518,34.397],[-119.4456,34.4043],[-119.4454,34.4089],[-119.4546,34.4216],[-119.4531,34.4289],[-119.4447,34.4295],[-119.4404,34.4418],[-119.4433,34.4495],[-119.4437,34.9012],[-119.5358,34.8976],[-119.5799,34.9228],[-119.6131,34.9495],[-119.6443,34.9536],[-119.6553,34.9638],[-119.6732,34.9735],[-119.6846,34.9721],[-119.7006,34.9767],[-119.7186,34.9715],[-119.727,34.9761],[-119.7456,34.9737],[-119.7804,34.9907],[-119.7893,34.9887],[-119.799,34.9932],[-119.801,34.9989],[-119.8308,35.0058],[-119.8442,35.0155],[-119.848,35.0254],[-119.8545,35.0321],[-119.8633,35.0314],[-119.8783,35.0397],[-119.8897,35.0406],[-119.902,35.0358],[-119.9019,35.039],[-119.9103,35.0396],[-119.9083,35.0436],[-119.9121,35.0447],[-119.9094,35.046],[-119.9173,35.049],[-119.9184,35.0531],[-119.9218,35.0525],[-119.9284,35.0598],[-119.939,35.055],[-119.9399,35.058],[-119.9427,35.0544],[-119.9488,35.0572],[-119.9607,35.0557],[-119.965,35.0588],[-119.9669,35.0563],[-119.9779,35.0595],[-119.9801,35.0576],[-119.9797,35.0619],[-119.9886,35.0649],[-119.9926,35.0629],[-120.002,35.0732],[-120.0056,35.0718],[-120.0136,35.0756],[-120.014,35.0814],[-120.0233,35.0803],[-120.0241,35.084],[-120.0293,35.0836],[-120.0328,35.0878],[-120.0396,35.0892],[-120.044,35.086],[-120.0673,35.0968],[-120.0724,35.1047],[-120.0849,35.1076],[-120.0793,35.1127],[-120.0821,35.1147],[-120.0933,35.1142],[-120.0979,35.1095],[-120.1022,35.1134],[-120.1023,35.1084],[-120.1083,35.1089],[-120.1096,35.1035],[-120.1169,35.1067],[-120.1193,35.0984],[-120.1244,35.0997],[-120.1276,35.0909],[-120.1305,35.0915],[-120.13,35.0961],[-120.1432,35.0957],[-120.1415,35.0911],[-120.1453,35.0882],[-120.1409,35.0868],[-120.1429,35.0822],[-120.149,35.0845],[-120.1494,35.0815],[-120.1553,35.082],[-120.1556,35.0781],[-120.1676,35.0753],[-120.1746,35.0702],[-120.1729,35.0643],[-120.1801,35.0616],[-120.1806,35.0547],[-120.1849,35.0491],[-120.1805,35.038],[-120.1864,35.0366],[-120.1884,35.0304],[-120.2033,35.0287],[-120.2103,35.0238],[-120.2099,35.0206],[-120.2407,35.0224],[-120.25,35.0301],[-120.2575,35.0176],[-120.2613,35.0214],[-120.2614,35.0266],[-120.2666,35.0213],[-120.2737,35.0208],[-120.2786,35.0116],[-120.2902,35.0154],[-120.3099,35.0092],[-120.3238,35.0173],[-120.3345,35.0063],[-120.3339,34.9956],[-120.3263,34.9857],[-120.316,34.984],[-120.3156,34.9749],[-120.3019,34.9634],[-120.3038,34.9561],[-120.2945,34.9466],[-120.2922,34.9303],[-120.2999,34.9163],[-120.2988,34.9088],[-120.3018,34.9056],[-120.3115,34.9038],[-120.3177,34.9066],[-120.3244,34.9222],[-120.3359,34.9311],[-120.4402,34.9883],[-120.4962,34.9932],[-120.5386,34.9838],[-120.5549,34.9739],[-120.5752,34.9783],[-120.5855,34.9672],[-120.5955,34.9665],[-120.6022,34.9727],[-120.6131,34.9713],[-120.6163,34.9659],[-120.6341,34.9596],[-120.6491,34.9746],[-120.7028,35],[-120.7144,34.9635],[-120.7268,34.9438],[-120.7272,34.9233],[-120.7343,34.9048]]],[[[-119.1172,33.5056],[-119.1189,33.5],[-119.1072,33.5],[-119.1097,33.4623],[-119.1062,33.445],[-119.0941,33.4269],[-119.0719,33.4138],[-119.0531,33.411],[-119.027,33.4129],[-118.9887,33.4234],[-118.9785,33.4311],[-118.9638,33.4668],[-118.9628,33.4852],[-118.971,33.5107],[-118.9821,33.5243],[-119.0009,33.5359],[-119.0307,33.5401],[-119.0765,33.5351],[-119.1042,33.5229],[-119.1172,33.5056]]],[[[-120.5823,34.1075],[-120.5815,34.0915],[-120.567,34.0686],[-120.5501,34.0573],[-120.5234,34.0511],[-120.5259,34.033],[-120.5188,34.0141],[-120.4882,33.9843],[-120.4668,33.9761],[-120.4118,33.977],[-120.3956,33.9674],[-120.3671,33.961],[-120.3323,33.9684],[-120.3174,33.9664],[-120.299,33.9685],[-120.28,33.9539],[-120.2731,33.9296],[-120.2645,33.9189],[-120.251,33.9084],[-120.2387,33.9041],[-120.2211,33.8842],[-120.1496,33.848],[-120.1173,33.8416],[-120.1041,33.8424],[-120.0706,33.8565],[-120.0278,33.8665],[-120.001,33.8852],[-119.9808,33.8923],[-119.9627,33.8924],[-119.9392,33.8986],[-119.9189,33.9144],[-119.911,33.9239],[-119.9048,33.9397],[-119.8552,33.9075],[-119.8232,33.8994],[-119.7728,33.9124],[-119.7075,33.9104],[-119.6876,33.9156],[-119.6367,33.9383],[-119.6021,33.9368],[-119.5389,33.9477],[-119.5122,33.9622],[-119.4923,33.9832],[-119.4681,34.0631],[-119.5121,34.0935],[-119.5483,34.1078],[-119.5741,34.1081],[-119.6143,34.0994],[-119.6549,34.0712],[-119.693,34.0949],[-119.7095,34.1007],[-119.726,34.1021],[-119.751,34.1126],[-119.769,34.1119],[-119.7926,34.1064],[-119.8292,34.1187],[-119.9134,34.1301],[-119.9288,34.1299],[-119.9478,34.125],[-119.9655,34.1126],[-119.9819,34.0894],[-119.9916,34.0649],[-120.001,34.0787],[-120.0102,34.084],[-120.0452,34.0906],[-120.0803,34.0864],[-120.1029,34.0745],[-120.1201,34.0789],[-120.135,34.0788],[-120.1711,34.0733],[-120.1976,34.0581],[-120.2249,34.0613],[-120.2528,34.058],[-120.2716,34.0741],[-120.2847,34.0948],[-120.2978,34.1041],[-120.3211,34.1105],[-120.3386,34.1217],[-120.3427,34.1315],[-120.3552,34.145],[-120.3687,34.151],[-120.4188,34.1606],[-120.4491,34.1506],[-120.4717,34.1341],[-120.4974,34.1499],[-120.516,34.1528],[-120.5381,34.1503],[-120.5678,34.1356],[-120.5751,34.1265],[-120.5823,34.1075]]]]},"properties":{"GEOID":"06083","NAME":"Santa Barbara County","BASENAME":"Santa Barbara","STATE":"06","COUNTY":"083"}},{"type":"Feature","geometry":{"type":"Polygon","coordinates":[[[-119.6514,38.2866],[-119.6428,38.2785],[-119.6378,38.2784],[-119.6302,38.2687],[-119.6132,38.2614],[-119.6217,38.2519],[-119.614,38.2428],[-119.6046,38.2388],[-119.6049,38.2342],[-119.6244,38.2287],[-119.6235,38.2204],[-119.6267,38.2194],[-119.6271,38.2132],[-119.625,38.2069],[-119.6309,38.2039],[-119.6327,38.1989],[-119.6195,38.1911],[-119.6056,38.1884],[-119.5983,38.1816],[-119.5923,38.1851],[-119.5856,38.1844],[-119.5786,38.1769],[-119.5813,38.1725],[-119.5765,38.1577],[-119.5667,38.1572],[-119.5638,38.154],[-119.5469,38.1544],[-119.5468,38.1433],[-119.5312,38.1445],[-119.5155,38.1374],[-119.5065,38.1371],[-119.5078,38.1526],[-119.5029,38.159],[-119.4965,38.1567],[-119.497,38.1493],[-119.4891,38.1434],[-119.4885,38.1322],[-119.4695,38.1283],[-119.4728,38.117],[-119.4621,38.1091],[-119.4574,38.1106],[-119.4645,38.1036],[-119.4637,38.0983],[-119.4598,38.0963],[-119.4493,38.0996],[-119.4459,38.0931],[-119.4405,38.0957],[-119.4416,38.1027],[-119.4305,38.1163],[-119.424,38.1074],[-119.397,38.1068],[-119.3899,38.0991],[-119.3828,38.0977],[-119.3802,38.0925],[-119.3746,38.0935],[-119.3711,38.0886],[-119.3651,38.0902],[-119.3571,38.083],[-119.3498,38.0856],[-119.3459,38.0831],[-119.3358,38.0663],[-119.3279,38.0657],[-119.3242,38.0609],[-119.3226,38.0499],[-119.3112,38.0448],[-119.314,38.0345],[-119.3089,38.0332],[-119.3046,38.0239],[-119.3082,38.0195],[-119.3099,38.0012],[-119.3184,37.9864],[-119.3147,37.9811],[-119.3226,37.971],[-119.3146,37.9641],[-119.3131,37.953],[-119.3084,37.9468],[-119.2959,37.9427],[-119.2879,37.933],[-119.2806,37.9338],[-119.264,37.9265],[-119.2639,37.9122],[-119.2345,37.9103],[-119.2199,37.8986],[-119.2108,37.8994],[-119.2077,37.8898],[-119.2008,37.8874],[-119.2008,37.8832],[-119.2064,37.8835],[-119.2141,37.8715],[-119.2126,37.8569],[-119.2169,37.8496],[-119.2105,37.8456],[-119.2018,37.8475],[-119.1962,37.844],[-119.2069,37.8399],[-119.204,37.8298],[-119.2133,37.825],[-119.2169,37.8187],[-119.205,37.8115],[-119.2013,37.8043],[-119.203,37.7956],[-119.2153,37.7899],[-119.2213,37.7791],[-119.2431,37.7691],[-119.2502,37.7574],[-119.255,37.7563],[-119.2559,37.745],[-119.269,37.7392],[-119.2612,37.7327],[-119.2601,37.7266],[-119.2552,37.7253],[-119.251,37.7302],[-119.2393,37.7275],[-119.23,37.7174],[-119.2163,37.7141],[-119.1997,37.7358],[-119.1857,37.7367],[-119.1837,37.7395],[-119.1771,37.7348],[-119.1691,37.7384],[-119.1496,37.7329],[-119.1408,37.7333],[-119.138,37.7361],[-119.1276,37.7347],[-119.1144,37.7282],[-119.0931,37.7036],[-119.0734,37.6929],[-119.0652,37.6846],[-119.0595,37.6654],[-119.0614,37.6578],[-119.0543,37.6512],[-119.0546,37.6451],[-119.0326,37.6305],[-119.0308,37.6222],[-119.0344,37.6035],[-119.0205,37.5834],[-119.0023,37.5711],[-118.9849,37.5673],[-118.977,37.5568],[-118.9725,37.5594],[-118.9641,37.5581],[-118.9527,37.5658],[-118.9427,37.5621],[-118.939,37.5544],[-118.9297,37.5489],[-118.9171,37.5503],[-118.9012,37.5312],[-118.9019,37.526],[-118.8911,37.5253],[-118.8837,37.5201],[-118.8817,37.5103],[-118.8675,37.5071],[-118.8608,37.5015],[-118.8554,37.4814],[-118.8572,37.4795],[-118.8505,37.4758],[-118.8419,37.4809],[-118.836,37.4825],[-118.8328,37.4802],[-118.8155,37.4878],[-118.8103,37.486],[-118.8043,37.4889],[-118.7947,37.4875],[-118.775,37.4631],[-117.8327,37.4649],[-118.7142,38.1021],[-119.5854,38.7132],[-119.5795,38.7056],[-119.5918,38.6901],[-119.5915,38.6822],[-119.5993,38.6702],[-119.6147,38.6659],[-119.6149,38.6382],[-119.6182,38.6321],[-119.6166,38.6259],[-119.6194,38.6243],[-119.6205,38.6107],[-119.6191,38.6035],[-119.6089,38.5947],[-119.5955,38.5903],[-119.596,38.5819],[-119.5893,38.5736],[-119.5905,38.5687],[-119.5869,38.5665],[-119.5843,38.552],[-119.5741,38.5408],[-119.571,38.5417],[-119.5669,38.5253],[-119.5609,38.5255],[-119.5562,38.5166],[-119.5575,38.5021],[-119.5429,38.4997],[-119.5454,38.49],[-119.5423,38.4812],[-119.5461,38.4741],[-119.5562,38.4697],[-119.559,38.4604],[-119.5564,38.4475],[-119.5626,38.4386],[-119.57,38.4349],[-119.5658,38.4226],[-119.5614,38.4198],[-119.563,38.409],[-119.5837,38.3969],[-119.5924,38.3989],[-119.6012,38.4054],[-119.6221,38.3939],[-119.6184,38.3818],[-119.6066,38.3672],[-119.617,38.3646],[-119.6356,38.3539],[-119.6279,38.3481],[-119.6321,38.3442],[-119.6319,38.3347],[-119.635,38.329],[-119.6448,38.3216],[-119.6425,38.2938],[-119.6514,38.2866]]]},"properties":{"GEOID":"06051","NAME":"Mono County","BASENAME":"Mono","STATE":"06","COUNTY":"051"}},{"type":"Feature","geometry":{"type":"Polygon","coordinates":[[[-120.5002,38.0041],[-120.4994,37.9962],[-120.5058,37.9909],[-120.5138,37.996],[-120.5094,37.9988],[-120.5111,38.0026],[-120.5177,38.0034],[-120.5217,37.9952],[-120.535,37.9909],[-120.5281,37.9822],[-120.5431,37.9769],[-120.5409,37.9743],[-120.5283,37.9759],[-120.527,37.97],[-120.5176,37.9653],[-120.5134,37.9579],[-120.5167,37.952],[-120.5355,37.944],[-120.54,37.9358],[-120.5373,37.9275],[-120.5424,37.9204],[-120.5511,37.9217],[-120.5622,37.9141],[-120.5641,37.9036],[-120.5713,37.8944],[-120.5875,37.8952],[-120.5967,37.8881],[-120.5964,37.8829],[-120.6053,37.876],[-120.6047,37.8732],[-120.6338,37.8606],[-120.6379,37.8478],[-120.6533,37.8319],[-120.3876,37.6337],[-120.3751,37.6522],[-120.3941,37.6681],[-120.3919,37.6836],[-120.3663,37.6808],[-120.3625,37.6728],[-120.3529,37.6748],[-120.3267,37.6492],[-120.3098,37.656],[-120.3123,37.6629],[-120.3064,37.6658],[-120.3298,37.6973],[-120.3333,37.7068],[-120.3381,37.7091],[-120.3445,37.7263],[-120.3356,37.7265],[-120.3323,37.7296],[-120.3212,37.726],[-120.3155,37.7338],[-120.3077,37.7356],[-120.2865,37.7294],[-120.2838,37.7336],[-120.2868,37.7399],[-120.2824,37.7454],[-120.2761,37.739],[-120.2601,37.7337],[-120.2579,37.7352],[-120.2617,37.7407],[-120.2572,37.7478],[-120.2397,37.7535],[-120.2382,37.7653],[-120.2268,37.7603],[-120.216,37.7653],[-120.2011,37.7632],[-120.1977,37.7696],[-120.1891,37.7679],[-120.1835,37.7749],[-120.1887,37.7802],[-120.1806,37.7884],[-120.1826,37.7952],[-120.1784,37.7947],[-120.1742,37.7994],[-120.173,37.795],[-120.1618,37.7874],[-120.1538,37.7884],[-120.1421,37.783],[-120.1272,37.7816],[-120.1243,37.7855],[-120.1194,37.7859],[-120.12,37.7896],[-120.1158,37.7932],[-120.1007,37.8007],[-120.0987,37.8077],[-120.0903,37.8107],[-120.0905,37.8221],[-120.0795,37.8288],[-120.0652,37.8229],[-120.0616,37.826],[-120.0583,37.8248],[-120.0546,37.8126],[-120.0446,37.813],[-120.0363,37.8079],[-120.025,37.8113],[-119.9984,37.7962],[-119.9649,37.7828],[-119.955,37.7732],[-119.9476,37.7704],[-119.9448,37.7649],[-119.9384,37.763],[-119.9291,37.7648],[-119.9012,37.7578],[-119.8943,37.7621],[-119.8849,37.7607],[-119.876,37.7638],[-119.8727,37.7675],[-119.8755,37.7725],[-119.8682,37.7732],[-119.852,37.7577],[-119.8411,37.7642],[-119.8422,37.7691],[-119.8379,37.7702],[-119.8279,37.7682],[-119.8248,37.7619],[-119.8078,37.755],[-119.8052,37.7601],[-119.7915,37.7646],[-119.7811,37.7634],[-119.772,37.7667],[-119.769,37.7711],[-119.751,37.7733],[-119.746,37.7829],[-119.7339,37.7879],[-119.7227,37.7876],[-119.7098,37.7935],[-119.6996,37.7891],[-119.6897,37.8002],[-119.6672,37.8012],[-119.6599,37.8094],[-119.6539,37.8104],[-119.6509,37.8208],[-119.6577,37.8341],[-119.6486,37.845],[-119.6381,37.8491],[-119.625,37.8477],[-119.6191,37.8532],[-119.6102,37.8532],[-119.5994,37.8599],[-119.5849,37.8749],[-119.5873,37.8787],[-119.5864,37.8901],[-119.563,37.9025],[-119.5357,37.9041],[-119.5298,37.8911],[-119.5153,37.8844],[-119.5038,37.8686],[-119.4923,37.8631],[-119.4841,37.8644],[-119.4743,37.8556],[-119.4628,37.8684],[-119.4515,37.871],[-119.442,37.8675],[-119.4427,37.8598],[-119.4268,37.8667],[-119.422,37.8577],[-119.4073,37.8549],[-119.4027,37.8352],[-119.3926,37.8379],[-119.3837,37.8365],[-119.3798,37.8409],[-119.3755,37.8409],[-119.3726,37.8329],[-119.3514,37.8255],[-119.355,37.8118],[-119.3319,37.7992],[-119.327,37.7994],[-119.3218,37.794],[-119.3112,37.7935],[-119.3105,37.7856],[-119.3073,37.7828],[-119.3112,37.7786],[-119.2934,37.7679],[-119.2941,37.7597],[-119.2891,37.755],[-119.2884,37.745],[-119.2718,37.7392],[-119.2559,37.745],[-119.255,37.7563],[-119.2502,37.7574],[-119.2431,37.7691],[-119.221,37.7793],[-119.2153,37.7899],[-119.2044,37.7932],[-119.2016,37.8005],[-119.205,37.8115],[-119.2169,37.8187],[-119.2133,37.825],[-119.204,37.8298],[-119.2069,37.8399],[-119.1962,37.844],[-119.2018,37.8475],[-119.2105,37.8456],[-119.2169,37.8496],[-119.2126,37.8569],[-119.2141,37.8715],[-119.2064,37.8835],[-119.2008,37.8832],[-119.2008,37.8874],[-119.2077,37.8898],[-119.2108,37.8994],[-119.2199,37.8986],[-119.2345,37.9103],[-119.2639,37.9122],[-119.264,37.9265],[-119.2806,37.9338],[-119.2879,37.933],[-119.2959,37.9427],[-119.3084,37.9468],[-119.3131,37.953],[-119.3146,37.9641],[-119.3226,37.971],[-119.3147,37.9811],[-119.3184,37.9864],[-119.3099,38.0012],[-119.3082,38.0195],[-119.3046,38.0239],[-119.3089,38.0332],[-119.314,38.0345],[-119.3112,38.0448],[-119.3226,38.0499],[-119.3242,38.0609],[-119.3279,38.0657],[-119.3358,38.0663],[-119.3459,38.0831],[-119.3498,38.0856],[-119.3571,38.083],[-119.3651,38.0902],[-119.3711,38.0886],[-119.3746,38.0935],[-119.3802,38.0925],[-119.3828,38.0977],[-119.3899,38.0991],[-119.397,38.1068],[-119.424,38.1074],[-119.4305,38.1163],[-119.4416,38.1027],[-119.4405,38.0957],[-119.4459,38.0931],[-119.4493,38.0996],[-119.4598,38.0963],[-119.4637,38.0983],[-119.4645,38.1036],[-119.4574,38.1106],[-119.4621,38.1091],[-119.4728,38.117],[-119.4695,38.1283],[-119.4885,38.1322],[-119.4891,38.1434],[-119.497,38.1493],[-119.4965,38.1567],[-119.5029,38.159],[-119.5078,38.1526],[-119.5065,38.1371],[-119.5155,38.1374],[-119.5312,38.1445],[-119.5468,38.1433],[-119.5469,38.1544],[-119.5638,38.154],[-119.5667,38.1572],[-119.5765,38.1577],[-119.5813,38.1725],[-119.5786,38.1769],[-119.5856,38.1844],[-119.5923,38.1851],[-119.5983,38.1816],[-119.6056,38.1884],[-119.6195,38.1911],[-119.6327,38.1989],[-119.6309,38.2039],[-119.625,38.2069],[-119.6271,38.2132],[-119.6267,38.2194],[-119.6235,38.2204],[-119.6244,38.2287],[-119.6049,38.2342],[-119.6046,38.2388],[-119.614,38.2428],[-119.6217,38.2519],[-119.6132,38.2614],[-119.6302,38.2687],[-119.6378,38.2784],[-119.6428,38.2785],[-119.6515,38.2865],[-119.6425,38.2938],[-119.6424,38.3156],[-119.6452,38.3206],[-119.6392,38.3269],[-119.7,38.3652],[-119.6936,38.3789],[-119.6985,38.4093],[-119.7041,38.4154],[-119.7129,38.4185],[-119.7506,38.4174],[-119.7706,38.4067],[-119.7799,38.4077],[-119.8014,38.4015],[-119.8147,38.3875],[-119.8376,38.3824],[-119.8697,38.3676],[-119.8847,38.3562],[-120.02,38.4335],[-120.0299,38.4247],[-120.0406,38.4259],[-120.049,38.4194],[-120.0736,38.4136],[-120.0879,38.4034],[-120.1339,38.3968],[-120.158,38.3858],[-120.1612,38.3809],[-120.1765,38.3738],[-120.2052,38.3296],[-120.2285,38.3147],[-120.2367,38.2987],[-120.2561,38.2861],[-120.262,38.2764],[-120.2708,38.2707],[-120.274,38.2644],[-120.2724,38.2598],[-120.2898,38.2459],[-120.2912,38.234],[-120.3073,38.2247],[-120.3219,38.2013],[-120.3303,38.1952],[-120.3355,38.185],[-120.3395,38.1839],[-120.3372,38.1781],[-120.3405,38.1776],[-120.3405,38.1719],[-120.3499,38.1702],[-120.3536,38.1638],[-120.3595,38.1613],[-120.3575,38.1539],[-120.3715,38.1499],[-120.3762,38.1426],[-120.3714,38.1379],[-120.3787,38.1348],[-120.3782,38.1308],[-120.3836,38.1265],[-120.3872,38.116],[-120.4096,38.103],[-120.4106,38.0879],[-120.4146,38.0819],[-120.4215,38.0787],[-120.4247,38.0729],[-120.4308,38.0734],[-120.4312,38.0605],[-120.4425,38.0587],[-120.4434,38.0517],[-120.4539,38.0413],[-120.4621,38.0224],[-120.4688,38.0196],[-120.4693,38.0155],[-120.4639,38.0134],[-120.4637,38.0104],[-120.4928,38.0111],[-120.4998,38.0079],[-120.5002,38.0041]]]},"properties":{"GEOID":"06109","NAME":"Tuolumne County","BASENAME":"Tuolumne","STATE":"06","COUNTY":"109"}},{"type":"Feature","geometry":{"type":"Polygon","coordinates":[[[-121.8616,38.0699],[-121.8424,38.0767],[-121.8279,38.0662],[-121.8001,38.0596],[-121.7432,38.0872],[-121.7293,38.0823],[-121.7121,38.0855],[-121.7084,38.0915],[-121.7072,38.1098],[-121.6921,38.1331],[-121.6856,38.1596],[-121.6629,38.1819],[-121.6466,38.186],[-121.6323,38.1943],[-121.6154,38.1957],[-121.6024,38.2204],[-121.6002,38.2578],[-121.604,38.2707],[-121.6007,38.2784],[-121.6054,38.2857],[-121.6053,38.2954],[-121.5999,38.3015],[-121.5987,38.3099],[-121.5933,38.3131],[-121.6939,38.3142],[-121.6947,38.5271],[-121.7007,38.5274],[-121.712,38.538],[-121.7222,38.5349],[-121.7387,38.5376],[-121.7466,38.5318],[-121.7651,38.5259],[-121.7717,38.5323],[-121.7797,38.5299],[-121.7858,38.5231],[-121.7948,38.5269],[-121.8133,38.526],[-121.8326,38.5298],[-121.8601,38.5385],[-121.8844,38.539],[-121.909,38.5296],[-121.9411,38.5333],[-121.9475,38.5271],[-121.9636,38.5228],[-121.9781,38.5083],[-122.0135,38.4887],[-122.0356,38.4961],[-122.0416,38.5057],[-122.0574,38.5174],[-122.0714,38.5138],[-122.0908,38.516],[-122.095,38.5131],[-122.1041,38.5134],[-122.1072,38.4945],[-122.1047,38.4909],[-122.1232,38.4496],[-122.1261,38.4275],[-122.1177,38.414],[-122.1147,38.414],[-122.1095,38.4045],[-122.0891,38.3846],[-122.0777,38.3638],[-122.0736,38.3615],[-122.0698,38.3428],[-122.0616,38.3261],[-122.068,38.3186],[-122.0648,38.3159],[-122.2061,38.3158],[-122.2008,38.3096],[-122.2026,38.3042],[-122.1988,38.3012],[-122.2034,38.2934],[-122.1882,38.2717],[-122.2121,38.2731],[-122.2166,38.2647],[-122.2131,38.2592],[-122.1933,38.2564],[-122.1946,38.2518],[-122.2015,38.2489],[-122.2113,38.2528],[-122.2119,38.2508],[-122.209,38.2446],[-122.2015,38.2401],[-122.193,38.2231],[-122.1963,38.2181],[-122.1939,38.2137],[-122.2045,38.2054],[-122.2057,38.1963],[-122.2116,38.192],[-122.2093,38.1901],[-122.2152,38.1888],[-122.213,38.1843],[-122.2151,38.1797],[-122.209,38.1729],[-122.2033,38.1726],[-122.2034,38.1688],[-122.1953,38.1673],[-122.194,38.1651],[-122.1988,38.1593],[-122.1954,38.155],[-122.407,38.1556],[-122.3878,38.1249],[-122.3475,38.0733],[-122.2653,38.0599],[-122.2453,38.064],[-122.2008,38.0579],[-122.1839,38.054],[-122.1676,38.0367],[-122.1589,38.0332],[-122.1415,38.0319],[-122.124,38.0357],[-122.0611,38.0621],[-122.0284,38.0592],[-121.9832,38.0673],[-121.9723,38.0655],[-121.9509,38.0539],[-121.931,38.0476],[-121.8933,38.0462],[-121.8711,38.053],[-121.8616,38.0699]]]},"properties":{"GEOID":"06095","NAME":"Solano County","BASENAME":"Solano","STATE":"06","COUNTY":"095"}},{"type":"Feature","geometry":{"type":"Polygon","coordinates":[[[-120.5991,37.5511],[-120.3873,37.6335],[-120.6552,37.8333],[-120.7287,37.8977],[-120.7613,37.9311],[-120.876,38.0289],[-120.9264,38.0774],[-120.9263,37.8867],[-120.9207,37.7382],[-120.942,37.7423],[-120.954,37.7384],[-120.9732,37.748],[-120.9818,37.7567],[-120.9934,37.7609],[-121.008,37.7491],[-121.0127,37.7497],[-121.0108,37.7516],[-121.014,37.7545],[-121.0112,37.7558],[-121.0177,37.7553],[-121.0257,37.7424],[-121.0365,37.743],[-121.0379,37.7392],[-121.051,37.7418],[-121.0507,37.7457],[-121.0536,37.7459],[-121.0517,37.7481],[-121.0567,37.7505],[-121.0647,37.7467],[-121.0634,37.7437],[-121.0669,37.7447],[-121.067,37.7396],[-121.0775,37.7375],[-121.0831,37.7418],[-121.0877,37.7414],[-121.0954,37.7332],[-121.0958,37.7362],[-121.101,37.7377],[-121.0998,37.7402],[-121.11,37.7421],[-121.1076,37.7323],[-121.1168,37.7241],[-121.1318,37.7221],[-121.1365,37.7247],[-121.1461,37.7175],[-121.1551,37.7203],[-121.1591,37.7166],[-121.1593,37.7085],[-121.1621,37.7081],[-121.1586,37.7054],[-121.1657,37.7043],[-121.1667,37.7018],[-121.1637,37.7004],[-121.1662,37.6994],[-121.1778,37.7062],[-121.1801,37.7031],[-121.1759,37.6994],[-121.1826,37.6985],[-121.1806,37.6937],[-121.1841,37.6926],[-121.1791,37.6927],[-121.1831,37.69],[-121.1812,37.6879],[-121.1874,37.6875],[-121.1941,37.6949],[-121.1993,37.6902],[-121.2014,37.6928],[-121.1992,37.696],[-121.2025,37.696],[-121.2069,37.6943],[-121.2052,37.6915],[-121.2087,37.6863],[-121.2164,37.6879],[-121.2235,37.6836],[-121.2183,37.6794],[-121.2228,37.6772],[-121.2185,37.6736],[-121.2292,37.6689],[-121.2302,37.663],[-121.2409,37.6648],[-121.4745,37.4793],[-121.4868,37.4757],[-121.4843,37.466],[-121.4629,37.4515],[-121.4619,37.4388],[-121.4703,37.4301],[-121.4689,37.425],[-121.4726,37.4233],[-121.4564,37.4067],[-121.4567,37.3955],[-121.4482,37.3917],[-121.4361,37.3961],[-121.4241,37.3936],[-121.4125,37.3894],[-121.4091,37.3807],[-121.4158,37.3759],[-121.4237,37.3588],[-121.4194,37.352],[-121.4207,37.3447],[-121.4091,37.3306],[-121.4119,37.3244],[-121.4058,37.311],[-121.4184,37.3033],[-121.4235,37.2953],[-121.4368,37.292],[-121.4436,37.2966],[-121.4496,37.2939],[-121.4487,37.2903],[-121.454,37.2841],[-121.4581,37.2841],[-121.454,37.2772],[-121.4573,37.2609],[-121.4557,37.2494],[-121.4417,37.2311],[-121.4218,37.2213],[-121.4088,37.1825],[-121.4134,37.1723],[-121.4077,37.169],[-121.4065,37.1588],[-121.399,37.1501],[-121.393,37.1482],[-121.3836,37.1515],[-121.3816,37.1571],[-121.3843,37.1662],[-121.3609,37.1843],[-121.3487,37.1811],[-121.3284,37.1659],[-121.3129,37.1701],[-121.2986,37.166],[-121.2811,37.1836],[-121.2621,37.1593],[-121.2371,37.1572],[-121.2323,37.1399],[-121.2268,37.1348],[-120.9638,37.3461],[-120.9765,37.3498],[-120.9781,37.3617],[-120.9818,37.3662],[-120.9742,37.3686],[-120.9789,37.372],[-120.9731,37.3761],[-120.9844,37.3751],[-120.9836,37.3868],[-120.9938,37.3844],[-120.9898,37.3959],[-120.8864,37.4402],[-120.5991,37.5511]]]},"properties":{"GEOID":"06099","NAME":"Stanislaus County","BASENAME":"Stanislaus","STATE":"06","COUNTY":"099"}},{"type":"Feature","geometry":{"type":"Polygon","coordinates":[[[-120.7171,39.489],[-120.7146,39.4816],[-120.7267,39.4722],[-120.7436,39.4668],[-120.7425,39.4613],[-120.7529,39.4583],[-120.7557,39.4527],[-120.7645,39.4532],[-120.7737,39.4486],[-120.7758,39.4508],[-120.7808,39.4465],[-120.7847,39.4481],[-120.7861,39.4442],[-120.7973,39.4417],[-120.8,39.4377],[-120.811,39.4361],[-120.8166,39.4408],[-120.8178,39.4365],[-120.8264,39.435],[-120.8369,39.4405],[-120.8433,39.4351],[-120.8543,39.4363],[-120.8551,39.4337],[-120.8575,39.4353],[-120.8705,39.4294],[-120.8783,39.4312],[-120.8939,39.4241],[-120.9106,39.426],[-120.9142,39.4201],[-120.9289,39.421],[-120.9318,39.4171],[-120.9435,39.4198],[-120.958,39.4156],[-120.9783,39.4179],[-120.9798,39.4116],[-120.9817,39.4142],[-120.986,39.4115],[-120.9926,39.4144],[-121.007,39.4047],[-121.0152,39.4054],[-121.0153,39.4026],[-121.0075,39.3991],[-121.018,39.3955],[-121.0245,39.3893],[-121.0318,39.3957],[-121.0361,39.3949],[-121.0415,39.3882],[-121.0475,39.3897],[-121.0498,39.3954],[-121.0594,39.395],[-121.0631,39.3909],[-121.084,39.3946],[-121.0869,39.3864],[-121.0964,39.3877],[-121.1016,39.381],[-121.1162,39.3785],[-121.1275,39.3802],[-121.1271,39.3726],[-121.1341,39.3713],[-121.1371,39.3633],[-121.1451,39.3558],[-121.1438,39.3497],[-121.1548,39.3486],[-121.1575,39.3325],[-121.1625,39.3326],[-121.165,39.3386],[-121.178,39.3387],[-121.1834,39.336],[-121.1845,39.3308],[-121.1956,39.3296],[-121.2064,39.3165],[-121.205,39.3079],[-121.2001,39.3024],[-121.2149,39.2929],[-121.2184,39.2842],[-121.2426,39.2835],[-121.2661,39.2727],[-121.2592,39.2564],[-121.2693,39.2521],[-121.2688,39.2402],[-121.2795,39.2305],[-121.2795,39.0346],[-121.257,39.028],[-121.2497,39.0289],[-121.241,39.0214],[-121.2329,39.0247],[-121.221,39.0118],[-121.2059,39.0119],[-121.2047,39.0156],[-121.1989,39.0175],[-121.1874,39.0125],[-121.1794,39.02],[-121.1726,39.0185],[-121.1525,39.0268],[-121.1501,39.0322],[-121.138,39.0379],[-121.1251,39.0325],[-121.1268,39.03],[-121.1232,39.0244],[-121.1151,39.0186],[-121.1077,39.0176],[-121.1042,39.0119],[-121.0895,39.0144],[-121.0803,39.0069],[-121.0686,39.0052],[-121.0614,39.0102],[-121.0416,39.0138],[-121.0311,39.0279],[-121.0304,39.0372],[-121.0217,39.0392],[-121.0202,39.0461],[-121.0128,39.0483],[-121.013,39.0524],[-121.0082,39.0522],[-121.0027,39.0675],[-120.9969,39.0682],[-120.9985,39.0721],[-120.9918,39.0758],[-120.9961,39.0804],[-120.9885,39.0856],[-120.9863,39.1027],[-120.9891,39.1115],[-120.9793,39.1104],[-120.9658,39.1282],[-120.9501,39.1364],[-120.9475,39.1434],[-120.9405,39.1453],[-120.9369,39.1514],[-120.9299,39.154],[-120.9316,39.1559],[-120.9234,39.1572],[-120.9245,39.1608],[-120.9085,39.1638],[-120.906,39.1661],[-120.909,39.1702],[-120.9047,39.173],[-120.8688,39.1807],[-120.8695,39.1848],[-120.8652,39.1878],[-120.8669,39.1896],[-120.8578,39.1974],[-120.8581,39.2061],[-120.8517,39.212],[-120.8279,39.2211],[-120.8286,39.2235],[-120.8166,39.23],[-120.8039,39.2334],[-120.7847,39.2486],[-120.7687,39.2563],[-120.7641,39.2631],[-120.7564,39.2644],[-120.7473,39.2749],[-120.7279,39.2881],[-120.7107,39.2923],[-120.7025,39.2998],[-120.6714,39.3104],[-120.658,39.3078],[-120.6458,39.3152],[-120.6249,39.3154],[-120.0063,39.3165],[-120.0038,39.4451],[-120.5054,39.4461],[-120.5101,39.4552],[-120.5177,39.455],[-120.5345,39.4644],[-120.5342,39.4837],[-120.5491,39.4945],[-120.5507,39.5036],[-120.5566,39.5068],[-120.5563,39.5139],[-120.5681,39.5159],[-120.5779,39.5233],[-120.6246,39.5195],[-120.6301,39.5249],[-120.6509,39.5234],[-120.655,39.5268],[-120.677,39.5184],[-120.6864,39.5069],[-120.7008,39.5026],[-120.7066,39.4931],[-120.7171,39.489]]]},"properties":{"GEOID":"06057","NAME":"Nevada County","BASENAME":"Nevada","STATE":"06","COUNTY":"057"}},{"type":"Feature","geometry":{"type":"MultiPolygon","coordinates":[[[[-122.4054,37.7083],[-122.2818,37.7082],[-122.3467,37.811],[-122.3738,37.8837],[-122.4323,37.9298],[-122.4187,37.8525],[-122.4728,37.8319],[-122.4778,37.8332],[-122.4781,37.8253],[-122.4912,37.8266],[-122.4991,37.8199],[-122.5207,37.8253],[-122.5289,37.8201],[-122.528,37.8151],[-122.6123,37.8152],[-122.5882,37.7894],[-122.5813,37.7602],[-122.5752,37.7067],[-122.4054,37.7083]]],[[[-123.1738,37.7757],[-123.17,37.7559],[-123.1568,37.7378],[-123.1261,37.7167],[-123.1049,37.7126],[-123.0929,37.7137],[-123.0861,37.7007],[-123.0749,37.6901],[-123.0686,37.673],[-123.0407,37.6503],[-123.0011,37.6398],[-122.9867,37.6418],[-122.963,37.652],[-122.9491,37.6634],[-122.9414,37.6766],[-122.9359,37.7025],[-122.9423,37.7211],[-122.95,37.7322],[-122.9975,37.7708],[-123.0338,37.7784],[-123.0387,37.7889],[-123.0488,37.7998],[-123.0705,37.8138],[-123.0953,37.8219],[-123.1183,37.8231],[-123.1323,37.8197],[-123.166,37.7969],[-123.1738,37.7757]]]]},"properties":{"GEOID":"06075","NAME":"San Francisco County","BASENAME":"San Francisco","STATE":"06","COUNTY":"075"}},{"type":"Feature","geometry":{"type":"Polygon","coordinates":[[[-120.2089,41.1841],[-119.9999,41.184],[-119.9992,41.9949],[-120.9741,41.993],[-121.1886,41.9974],[-121.4475,41.9975],[-121.4474,41.9505],[-121.4572,41.9499],[-121.4572,41.9056],[-121.4569,41.7763],[-121.449,41.7764],[-121.4465,41.1835],[-120.2089,41.1841]]]},"properties":{"GEOID":"06049","NAME":"Modoc County","BASENAME":"Modoc","STATE":"06","COUNTY":"049"}},{"type":"Feature","geometry":{"type":"Polygon","coordinates":[[[-120.7705,39.7178],[-120.7495,39.7196],[-120.7346,39.7083],[-120.7162,39.7063],[-120.7035,39.6923],[-120.695,39.6917],[-120.6799,39.6766],[-120.6598,39.6865],[-120.6547,39.6941],[-120.6542,39.7066],[-120.1471,39.7077],[-120.1466,39.7364],[-120.1278,39.7362],[-120.1276,39.751],[-120.1191,39.7511],[-120.1196,39.7656],[-120.1106,39.7658],[-120.1078,39.7942],[-120.1081,39.8813],[-120.0993,39.8812],[-120.0996,39.9103],[-120.1089,39.9104],[-120.1088,39.9395],[-120.1266,39.9396],[-120.1267,39.9477],[-120.1358,39.9478],[-120.1357,39.955],[-120.145,39.9551],[-120.145,39.9623],[-120.1544,39.9624],[-120.1543,39.9685],[-120.1637,39.9687],[-120.1634,39.9838],[-120.1733,39.9839],[-120.173,39.9983],[-120.1825,39.9985],[-120.1825,40.0133],[-120.2013,40.0135],[-120.2014,40.0427],[-120.2109,40.0428],[-120.2096,40.086],[-120.2469,40.0858],[-120.2468,40.1079],[-120.2656,40.1077],[-120.2666,40.1159],[-120.3414,40.1152],[-120.3415,40.1226],[-120.3606,40.1225],[-120.3604,40.1295],[-120.3794,40.1295],[-120.3791,40.1406],[-120.3983,40.1406],[-120.3983,40.1474],[-120.408,40.1474],[-120.4076,40.1622],[-120.4173,40.1621],[-120.4169,40.1694],[-120.4364,40.1696],[-120.4365,40.1766],[-120.4459,40.1769],[-120.4453,40.1914],[-120.4542,40.1914],[-120.4543,40.2058],[-120.4828,40.2058],[-120.4825,40.2202],[-120.4921,40.2203],[-120.4917,40.2348],[-120.5107,40.2347],[-120.5108,40.2489],[-120.5297,40.2492],[-120.5297,40.2562],[-120.5487,40.2563],[-120.5487,40.2636],[-120.5767,40.2638],[-120.5768,40.2854],[-120.6228,40.2857],[-120.6227,40.293],[-120.6425,40.2932],[-120.6423,40.3004],[-120.6517,40.3005],[-120.6522,40.3077],[-120.7264,40.3084],[-120.7266,40.3159],[-120.7644,40.316],[-120.7643,40.3087],[-120.7737,40.3087],[-120.7738,40.3014],[-120.7966,40.3012],[-120.796,40.2777],[-120.8147,40.2778],[-120.815,40.2707],[-120.8338,40.2707],[-120.8341,40.2562],[-120.8435,40.256],[-120.8436,40.2489],[-120.8532,40.2489],[-120.8531,40.2418],[-120.8718,40.2416],[-120.8718,40.1994],[-120.8907,40.1994],[-120.8906,40.1921],[-120.9286,40.1919],[-120.9281,40.2065],[-120.9472,40.2065],[-120.9462,40.2208],[-121.0037,40.221],[-121.0039,40.2349],[-121.0415,40.2348],[-121.0415,40.2565],[-121.0615,40.2564],[-121.0614,40.4465],[-121.3084,40.4451],[-121.3376,40.4455],[-121.3465,40.4497],[-121.3661,40.4459],[-121.4976,40.4456],[-121.4944,40.4404],[-121.4979,40.432],[-121.4738,40.4246],[-121.4796,40.4195],[-121.4843,40.3966],[-121.4828,40.3829],[-121.4735,40.3746],[-121.481,40.3666],[-121.4724,40.3516],[-121.4387,40.3479],[-121.4286,40.3503],[-121.4121,40.3427],[-121.3896,40.339],[-121.3804,40.3403],[-121.3673,40.331],[-121.3675,40.3229],[-121.3609,40.3223],[-121.3423,40.3098],[-121.343,40.3066],[-121.3499,40.3059],[-121.3566,40.2975],[-121.3667,40.3011],[-121.3768,40.298],[-121.3703,40.288],[-121.3632,40.2875],[-121.3599,40.2775],[-121.3494,40.2734],[-121.3527,40.2685],[-121.349,40.2645],[-121.3673,40.2449],[-121.3648,40.2391],[-121.3664,40.2324],[-121.3617,40.2256],[-121.3677,40.2127],[-121.385,40.2103],[-121.3936,40.2014],[-121.4008,40.1998],[-121.4016,40.1953],[-121.4074,40.1914],[-121.4344,40.1959],[-121.4441,40.1907],[-121.4361,40.1819],[-121.4451,40.1777],[-121.4429,40.1619],[-121.4462,40.1559],[-121.4419,40.1521],[-121.4045,40.1516],[-121.4049,40.1155],[-121.3859,40.1159],[-121.3861,40.1086],[-121.3765,40.1086],[-121.3768,40.086],[-121.3668,40.0861],[-121.3671,40.0719],[-121.3768,40.0717],[-121.3771,40.0571],[-121.382,40.057],[-121.3823,40.0518],[-121.4004,40.0521],[-121.4003,40.0305],[-121.4096,40.0306],[-121.4096,40.0157],[-121.4195,40.0158],[-121.4198,39.9875],[-121.4103,39.9873],[-121.4103,39.9585],[-121.4198,39.9586],[-121.4206,39.9294],[-121.4111,39.9294],[-121.411,39.9151],[-121.43,39.9148],[-121.43,39.9003],[-121.411,39.9004],[-121.4119,39.8714],[-121.399,39.8713],[-121.3985,39.8629],[-121.3801,39.8628],[-121.3802,39.8554],[-121.3612,39.8555],[-121.3605,39.8407],[-121.3511,39.8403],[-121.3508,39.8257],[-121.3323,39.8257],[-121.3323,39.8111],[-121.3185,39.8109],[-121.3169,39.7967],[-121.3077,39.7966],[-121.3078,39.7894],[-121.2941,39.7893],[-121.2942,39.7855],[-121.2849,39.7816],[-121.2859,39.7676],[-121.2683,39.7688],[-121.268,39.7542],[-121.2506,39.754],[-121.2483,39.74],[-121.2297,39.7402],[-121.2294,39.7257],[-121.2109,39.7257],[-121.2087,39.7004],[-121.1905,39.6999],[-121.1903,39.6854],[-121.1712,39.6856],[-121.1711,39.6711],[-121.163,39.671],[-121.1629,39.6638],[-121.1551,39.6639],[-121.1551,39.6568],[-121.1364,39.6568],[-121.1367,39.6282],[-121.1166,39.628],[-121.1163,39.621],[-121.0975,39.6209],[-121.0977,39.6137],[-121.0889,39.6135],[-121.0889,39.6033],[-121.0793,39.6034],[-121.0767,39.5973],[-121.0095,39.6395],[-121.0007,39.6387],[-120.9864,39.6447],[-120.9834,39.649],[-120.9786,39.6488],[-120.9683,39.6572],[-120.9638,39.6652],[-120.9501,39.6718],[-120.9521,39.6764],[-120.9418,39.684],[-120.94,39.6927],[-120.9365,39.6932],[-120.9377,39.6998],[-120.9341,39.7016],[-120.9344,39.7388],[-120.9139,39.7572],[-120.8952,39.7598],[-120.8733,39.7762],[-120.8595,39.7705],[-120.8544,39.7599],[-120.8443,39.7561],[-120.8394,39.7463],[-120.8287,39.7468],[-120.8263,39.742],[-120.8156,39.747],[-120.8093,39.7208],[-120.7948,39.7184],[-120.7916,39.715],[-120.7924,39.7097],[-120.7723,39.7132],[-120.7705,39.7178]]]},"properties":{"GEOID":"06063","NAME":"Plumas County","BASENAME":"Plumas","STATE":"06","COUNTY":"063"}},{"type":"Feature","geometry":{"type":"Polygon","coordinates":[[[-120.8825,41.184],[-121.3318,41.1839],[-121.3323,40.9054],[-121.32,40.9059],[-121.323,40.4976],[-121.3267,40.4976],[-121.3278,40.4454],[-121.0614,40.4465],[-121.0615,40.2564],[-121.0415,40.2565],[-121.0415,40.2348],[-121.0039,40.2349],[-121.0037,40.221],[-120.9462,40.2208],[-120.9472,40.2065],[-120.9281,40.2065],[-120.9286,40.1919],[-120.8906,40.1921],[-120.8907,40.1994],[-120.8718,40.1994],[-120.8718,40.2416],[-120.8531,40.2418],[-120.8532,40.2489],[-120.8436,40.2489],[-120.8435,40.256],[-120.8341,40.2562],[-120.8338,40.2707],[-120.815,40.2707],[-120.8147,40.2778],[-120.796,40.2777],[-120.7966,40.3012],[-120.7738,40.3014],[-120.7737,40.3087],[-120.7643,40.3087],[-120.7644,40.316],[-120.7266,40.3159],[-120.7264,40.3084],[-120.6522,40.3077],[-120.6517,40.3005],[-120.6423,40.3004],[-120.6425,40.2932],[-120.6227,40.293],[-120.6228,40.2857],[-120.5768,40.2854],[-120.5767,40.2638],[-120.5487,40.2636],[-120.5487,40.2563],[-120.5297,40.2562],[-120.5297,40.2492],[-120.5108,40.2489],[-120.5107,40.2347],[-120.4917,40.2348],[-120.4921,40.2203],[-120.4825,40.2202],[-120.4828,40.2058],[-120.4543,40.2058],[-120.4542,40.1914],[-120.4453,40.1914],[-120.4459,40.1769],[-120.4365,40.1766],[-120.4364,40.1696],[-120.4169,40.1694],[-120.4173,40.1621],[-120.4076,40.1622],[-120.408,40.1474],[-120.3983,40.1474],[-120.3983,40.1406],[-120.3791,40.1406],[-120.3794,40.1295],[-120.3604,40.1295],[-120.3606,40.1225],[-120.3415,40.1226],[-120.3414,40.1152],[-120.2666,40.1159],[-120.2656,40.1077],[-120.2468,40.1079],[-120.2469,40.0858],[-120.2096,40.086],[-120.2109,40.0428],[-120.2014,40.0427],[-120.2013,40.0135],[-120.1825,40.0133],[-120.1825,39.9985],[-120.173,39.9983],[-120.1733,39.9839],[-120.1634,39.9838],[-120.1637,39.9687],[-120.1543,39.9685],[-120.1544,39.9624],[-120.145,39.9623],[-120.145,39.9551],[-120.1357,39.955],[-120.1358,39.9478],[-120.1267,39.9477],[-120.1266,39.9396],[-120.1088,39.9395],[-120.1089,39.9104],[-120.0996,39.9103],[-120.0993,39.8812],[-120.1081,39.8813],[-120.1078,39.7942],[-120.1106,39.7658],[-120.1196,39.7656],[-120.1191,39.7511],[-120.1276,39.751],[-120.1278,39.7362],[-120.1466,39.7364],[-120.1471,39.7077],[-120.0157,39.7087],[-120.0158,39.7224],[-120.0011,39.7224],[-119.9977,39.9999],[-119.9956,40.4384],[-119.9999,41.184],[-120.8825,41.184]]]},"properties":{"GEOID":"06035","NAME":"Lassen County","BASENAME":"Lassen","STATE":"06","COUNTY":"035"}},{"type":"Feature","geometry":{"type":"Polygon","coordinates":[[[-122.1036,38.5122],[-122.113,38.5272],[-122.1116,38.5309],[-122.115,38.5339],[-122.1142,38.5394],[-122.1233,38.565],[-122.1216,38.5689],[-122.1344,38.6046],[-122.1494,38.6255],[-122.1595,38.6193],[-122.1665,38.6197],[-122.1687,38.6299],[-122.1592,38.6351],[-122.1642,38.6406],[-122.1603,38.644],[-122.1661,38.6552],[-122.1743,38.6589],[-122.1809,38.6572],[-122.1901,38.6635],[-122.2021,38.6777],[-122.198,38.6836],[-122.2014,38.6907],[-122.2065,38.6958],[-122.2127,38.6933],[-122.2222,38.6986],[-122.2268,38.7196],[-122.2237,38.7223],[-122.2251,38.7274],[-122.2487,38.7551],[-122.2545,38.7816],[-122.2734,38.8097],[-122.2876,38.84],[-122.3017,38.8395],[-122.3029,38.8426],[-122.3154,38.8396],[-122.324,38.8463],[-122.3303,38.8423],[-122.3422,38.8422],[-122.3507,38.8359],[-122.3816,38.8502],[-122.3956,38.8643],[-122.4038,38.8558],[-122.3754,38.8265],[-122.3755,38.8083],[-122.3797,38.8022],[-122.3975,38.8049],[-122.4044,38.7986],[-122.4086,38.7882],[-122.4127,38.786],[-122.4079,38.7845],[-122.4093,38.7763],[-122.4031,38.773],[-122.4163,38.768],[-122.4641,38.7061],[-122.6335,38.6693],[-122.6233,38.6644],[-122.6239,38.6506],[-122.6341,38.6376],[-122.6325,38.628],[-122.6283,38.623],[-122.6338,38.6199],[-122.6335,38.6162],[-122.6397,38.6117],[-122.6466,38.5981],[-122.6302,38.5785],[-122.6318,38.5694],[-122.6227,38.5677],[-122.6208,38.5603],[-122.6032,38.5588],[-122.5873,38.5526],[-122.574,38.5404],[-122.5666,38.5256],[-122.5542,38.5262],[-122.5439,38.52],[-122.5453,38.5167],[-122.5417,38.5133],[-122.55,38.5112],[-122.5353,38.5017],[-122.5449,38.4963],[-122.5313,38.4785],[-122.5296,38.4696],[-122.5159,38.4709],[-122.5058,38.4647],[-122.5097,38.4622],[-122.5096,38.4574],[-122.4936,38.4568],[-122.4798,38.4513],[-122.4859,38.4382],[-122.4979,38.4246],[-122.4706,38.4049],[-122.468,38.4001],[-122.4703,38.3967],[-122.4658,38.3902],[-122.4481,38.3795],[-122.4492,38.3749],[-122.4569,38.3707],[-122.4531,38.3628],[-122.4375,38.357],[-122.4268,38.349],[-122.4276,38.3457],[-122.421,38.3391],[-122.4175,38.3398],[-122.412,38.3343],[-122.4139,38.3308],[-122.4095,38.3211],[-122.4054,38.322],[-122.3946,38.3047],[-122.4038,38.2998],[-122.4002,38.2897],[-122.4047,38.2817],[-122.3964,38.2712],[-122.3876,38.2738],[-122.3898,38.2608],[-122.373,38.2472],[-122.3739,38.2439],[-122.3692,38.2474],[-122.3653,38.246],[-122.3642,38.2153],[-122.3507,38.2018],[-122.3496,38.194],[-122.3603,38.1971],[-122.3571,38.1906],[-122.3579,38.1826],[-122.3687,38.1827],[-122.3695,38.1745],[-122.3656,38.166],[-122.3676,38.1588],[-122.3968,38.1615],[-122.4061,38.1594],[-122.4068,38.1556],[-122.1954,38.155],[-122.1988,38.1593],[-122.194,38.1651],[-122.1953,38.1673],[-122.2034,38.1688],[-122.2033,38.1726],[-122.209,38.1729],[-122.2151,38.1797],[-122.213,38.1843],[-122.2152,38.1888],[-122.2093,38.1901],[-122.2116,38.192],[-122.2057,38.1963],[-122.2045,38.2054],[-122.1939,38.2137],[-122.1963,38.2181],[-122.193,38.2231],[-122.2015,38.2401],[-122.209,38.2446],[-122.2119,38.2508],[-122.2113,38.2528],[-122.2015,38.2489],[-122.1946,38.2518],[-122.1933,38.2564],[-122.2131,38.2592],[-122.2166,38.2647],[-122.2121,38.2731],[-122.1882,38.2717],[-122.2034,38.2934],[-122.1988,38.3012],[-122.2026,38.3042],[-122.2008,38.3096],[-122.2061,38.3158],[-122.0648,38.3159],[-122.068,38.3186],[-122.0617,38.3257],[-122.0624,38.332],[-122.0698,38.3428],[-122.0736,38.3615],[-122.0777,38.3638],[-122.0891,38.3846],[-122.1095,38.4045],[-122.1147,38.414],[-122.1177,38.414],[-122.1261,38.4275],[-122.1232,38.4496],[-122.1047,38.4909],[-122.1072,38.4945],[-122.1036,38.5122]]]},"properties":{"GEOID":"06055","NAME":"Napa County","BASENAME":"Napa","STATE":"06","COUNTY":"055"}},{"type":"Feature","geometry":{"type":"Polygon","coordinates":[[[-120.5559,39.5087],[-120.5505,39.5032],[-120.5491,39.4945],[-120.5342,39.4837],[-120.5345,39.4644],[-120.5177,39.455],[-120.5101,39.4552],[-120.5054,39.4461],[-120.0038,39.4451],[-120.0011,39.7224],[-120.0158,39.7224],[-120.0157,39.7087],[-120.6542,39.7066],[-120.6547,39.6941],[-120.6598,39.6865],[-120.6799,39.6766],[-120.695,39.6917],[-120.7035,39.6923],[-120.7162,39.7063],[-120.7346,39.7083],[-120.7495,39.7196],[-120.7697,39.718],[-120.7723,39.7132],[-120.7924,39.7097],[-120.7916,39.715],[-120.7948,39.7184],[-120.8093,39.7208],[-120.8156,39.747],[-120.8263,39.742],[-120.8287,39.7468],[-120.8394,39.7463],[-120.8443,39.7561],[-120.8544,39.7599],[-120.8595,39.7705],[-120.8708,39.7769],[-120.8952,39.7598],[-120.9139,39.7572],[-120.9344,39.7388],[-120.9341,39.7016],[-120.9377,39.6998],[-120.9356,39.6978],[-120.9365,39.6931],[-120.94,39.6927],[-120.94,39.6868],[-120.9521,39.6764],[-120.9499,39.6721],[-120.9638,39.6652],[-120.9683,39.6572],[-120.9786,39.6488],[-120.9834,39.649],[-120.9864,39.6447],[-121.0007,39.6387],[-121.0095,39.6395],[-121.0244,39.559],[-121.0318,39.5582],[-121.039,39.5504],[-121.0483,39.5483],[-121.0582,39.537],[-121.0512,39.5245],[-121.0537,39.5222],[-121.0497,39.5211],[-121.0487,39.517],[-121.0448,39.5142],[-121.0344,39.5145],[-121.0221,39.3916],[-121.0075,39.3991],[-121.0153,39.4026],[-121.0152,39.4054],[-121.007,39.4047],[-120.9926,39.4144],[-120.986,39.4115],[-120.9817,39.4142],[-120.9798,39.4116],[-120.9786,39.4178],[-120.958,39.4156],[-120.9435,39.4198],[-120.9318,39.4171],[-120.9289,39.421],[-120.9142,39.4201],[-120.9106,39.426],[-120.8939,39.4241],[-120.8783,39.4312],[-120.8705,39.4294],[-120.8575,39.4353],[-120.8551,39.4337],[-120.8543,39.4363],[-120.8433,39.4351],[-120.8369,39.4405],[-120.8264,39.435],[-120.8178,39.4365],[-120.8166,39.4408],[-120.811,39.4361],[-120.8009,39.4375],[-120.7973,39.4417],[-120.7861,39.4442],[-120.7847,39.4481],[-120.7808,39.4465],[-120.7758,39.4508],[-120.7736,39.4486],[-120.761,39.4539],[-120.7562,39.4525],[-120.7529,39.4583],[-120.7425,39.4613],[-120.7436,39.4668],[-120.7267,39.4722],[-120.7146,39.4816],[-120.717,39.4892],[-120.7066,39.4931],[-120.7009,39.5025],[-120.6867,39.5067],[-120.6772,39.5183],[-120.655,39.5268],[-120.6509,39.5234],[-120.6301,39.5249],[-120.6246,39.5195],[-120.5777,39.5233],[-120.5681,39.5159],[-120.5566,39.5141],[-120.5559,39.5087]]]},"properties":{"GEOID":"06091","NAME":"Sierra County","BASENAME":"Sierra","STATE":"06","COUNTY":"091"}},{"type":"Feature","geometry":{"type":"Polygon","coordinates":[[[-122.9382,39.749],[-122.9125,39.7482],[-122.9129,39.7087],[-122.8927,39.7089],[-122.8904,39.6229],[-122.8845,39.6108],[-122.8854,39.5801],[-122.7356,39.5807],[-122.7365,39.5085],[-122.7316,39.4792],[-122.7326,39.4508],[-122.7417,39.4352],[-122.7391,39.3833],[-122.136,39.3855],[-122.1362,39.4145],[-122.1256,39.4146],[-122.0089,39.4136],[-122.0037,39.3978],[-122.0102,39.3839],[-121.89,39.3839],[-121.8843,39.4102],[-121.878,39.4277],[-121.8752,39.4279],[-121.8769,39.4383],[-121.874,39.4473],[-121.8708,39.4487],[-121.8748,39.4605],[-121.8693,39.4666],[-121.8735,39.4786],[-121.8717,39.4908],[-121.8771,39.5018],[-121.8751,39.5033],[-121.8773,39.5095],[-121.8594,39.5272],[-121.8565,39.5369],[-121.9452,39.5361],[-121.974,39.5289],[-121.9768,39.5329],[-121.9857,39.531],[-121.994,39.5339],[-121.9983,39.5425],[-122.0031,39.5593],[-121.9906,39.5643],[-122.0014,39.569],[-122.0032,39.5748],[-121.9952,39.5817],[-121.9966,39.6004],[-121.994,39.6063],[-121.9796,39.6148],[-121.9835,39.6233],[-121.9883,39.6242],[-121.9924,39.6296],[-121.9908,39.6365],[-121.9851,39.6459],[-121.9688,39.6481],[-121.9666,39.6524],[-121.9758,39.6635],[-121.9908,39.6604],[-121.9965,39.6639],[-121.9973,39.6685],[-121.9943,39.6715],[-121.9851,39.6702],[-121.9721,39.6765],[-121.9602,39.6779],[-121.9569,39.6875],[-121.9449,39.6909],[-121.9416,39.6981],[-121.951,39.715],[-121.9465,39.7263],[-121.9483,39.7322],[-121.9524,39.7318],[-121.9572,39.7191],[-121.9625,39.7177],[-121.9679,39.7233],[-121.9602,39.7342],[-121.9638,39.7414],[-121.9694,39.7394],[-121.9707,39.7321],[-121.9822,39.7339],[-121.9981,39.7524],[-122.0246,39.7679],[-122.0326,39.7794],[-122.0256,39.7881],[-122.0238,39.7977],[-122.0265,39.8001],[-122.0358,39.7985],[-122.0401,39.7927],[-122.0465,39.7976],[-122.2511,39.7993],[-122.8442,39.8005],[-122.9377,39.7982],[-122.9382,39.749]]]},"properties":{"GEOID":"06021","NAME":"Glenn County","BASENAME":"Glenn","STATE":"06","COUNTY":"021"}},{"type":"Feature","geometry":{"type":"MultiPolygon","coordinates":[[[[-118.0288,33.8733],[-118.0114,33.8734],[-118.0115,33.8808],[-118.0028,33.8809],[-118.0029,33.8882],[-117.9941,33.8882],[-117.9941,33.8955],[-117.9853,33.8955],[-117.9854,33.9028],[-117.9766,33.9028],[-117.9765,33.9461],[-117.7831,33.9463],[-117.7936,33.9538],[-117.7937,33.9681],[-117.8024,33.9683],[-117.8025,33.9756],[-117.785,34.0049],[-117.7675,34.0047],[-117.7677,34.0235],[-117.7358,34.0186],[-117.7301,34.0214],[-117.7165,34.0676],[-117.6785,34.162],[-117.6464,34.2892],[-117.6598,34.4528],[-117.6604,34.5579],[-117.6671,34.5579],[-117.6675,34.8225],[-118.854,34.8178],[-118.8541,34.8033],[-118.8721,34.8032],[-118.8767,34.8032],[-118.8833,34.8094],[-118.8842,34.8135],[-118.8804,34.8178],[-118.8946,34.818],[-118.6368,34.2918],[-118.6325,34.2404],[-118.6677,34.2403],[-118.6682,34.1682],[-118.7889,34.1682],[-118.941,34.0748],[-118.9517,33.9929],[-118.8873,33.9872],[-118.874,33.9833],[-118.8568,33.966],[-118.8411,33.9554],[-118.8098,33.9469],[-118.7865,33.9514],[-118.7544,33.9678],[-118.7464,33.9755],[-118.7275,33.9803],[-118.7046,33.9778],[-118.6665,33.9806],[-118.6483,33.9867],[-118.5574,33.9877],[-118.5234,33.953],[-118.5009,33.9186],[-118.4473,33.8488],[-118.444,33.8391],[-118.4845,33.8032],[-118.4878,33.7799],[-118.4856,33.7537],[-118.467,33.7255],[-118.4286,33.7013],[-118.3859,33.6867],[-118.3772,33.679],[-118.3454,33.6634],[-118.3191,33.6595],[-118.2742,33.6634],[-118.2545,33.6751],[-118.237,33.6906],[-118.1478,33.6941],[-118.1141,33.7461],[-118.092,33.7585],[-118.097,33.7779],[-118.0847,33.8029],[-118.0728,33.8149],[-118.0632,33.8197],[-118.059,33.8462],[-118.0547,33.8462],[-118.0504,33.8535],[-118.0461,33.8536],[-118.0462,33.8587],[-118.0375,33.8624],[-118.0376,33.866],[-118.0287,33.866],[-118.0288,33.8733]]],[[[-118.6682,33.4859],[-118.6659,33.4673],[-118.6551,33.4453],[-118.6307,33.4232],[-118.6186,33.4062],[-118.5911,33.3909],[-118.5479,33.3768],[-118.5512,33.3694],[-118.5475,33.3405],[-118.5349,33.3152],[-118.5104,33.2897],[-118.4867,33.2769],[-118.4377,33.267],[-118.4026,33.2679],[-118.3856,33.2654],[-118.3633,33.2551],[-118.328,33.2481],[-118.3028,33.251],[-118.2807,33.2591],[-118.2592,33.2725],[-118.2491,33.2841],[-118.2427,33.3031],[-118.2413,33.323],[-118.2451,33.3383],[-118.2577,33.3641],[-118.3041,33.4036],[-118.3164,33.4341],[-118.3594,33.4649],[-118.4032,33.4793],[-118.4208,33.4818],[-118.4271,33.4872],[-118.4368,33.4894],[-118.4629,33.5104],[-118.4773,33.5154],[-118.4933,33.5157],[-118.5068,33.5249],[-118.5294,33.5312],[-118.5791,33.5284],[-118.605,33.5322],[-118.6259,33.529],[-118.6441,33.5213],[-118.6557,33.5108],[-118.6637,33.5],[-118.6682,33.4859]]],[[[-118.6782,33.0397],[-118.6786,33.0264],[-118.6702,33],[-118.6447,33],[-118.6355,32.9656],[-118.6221,32.9414],[-118.6088,32.9277],[-118.6053,32.9085],[-118.5969,32.8905],[-118.5625,32.8494],[-118.5532,32.8288],[-118.5382,32.8128],[-118.5076,32.7969],[-118.4647,32.7602],[-118.4365,32.75],[-118.4083,32.7519],[-118.3926,32.7585],[-118.3784,32.7702],[-118.3535,32.7658],[-118.3238,32.7735],[-118.3028,32.7888],[-118.2958,32.7983],[-118.2899,32.8105],[-118.2888,32.8208],[-118.2972,32.8451],[-118.3289,32.875],[-118.3908,32.9178],[-118.4233,32.9465],[-118.4489,32.9618],[-118.4895,33.0106],[-118.4956,33.0263],[-118.515,33.0499],[-118.5421,33.0738],[-118.5783,33.0862],[-118.6326,33.0845],[-118.6544,33.075],[-118.6638,33.0668],[-118.6756,33.0493],[-118.6782,33.0397]]]]},"properties":{"GEOID":"06037","NAME":"Los Angeles County","BASENAME":"Los Angeles","STATE":"06","COUNTY":"037"}},{"type":"Feature","geometry":{"type":"Polygon","coordinates":[[[-121.6102,39.0569],[-121.5859,39.0908],[-121.5873,39.1017],[-121.6027,39.1002],[-121.6046,39.1139],[-121.5977,39.1278],[-121.6076,39.1409],[-121.6055,39.1485],[-121.6156,39.1678],[-121.6112,39.1757],[-121.6185,39.1831],[-121.613,39.1905],[-121.6237,39.1957],[-121.6291,39.2047],[-121.6211,39.2062],[-121.6203,39.2135],[-121.6135,39.2141],[-121.6181,39.2206],[-121.6144,39.2289],[-121.6277,39.2286],[-121.6277,39.2355],[-121.635,39.2405],[-121.6364,39.2461],[-121.6356,39.262],[-121.6272,39.2594],[-121.6214,39.2637],[-121.6325,39.2708],[-121.6302,39.2737],[-121.6219,39.2736],[-121.6316,39.2913],[-121.6236,39.2951],[-121.6323,39.3022],[-121.6301,39.3057],[-121.9083,39.3039],[-121.9221,39.2883],[-121.9208,39.2816],[-121.929,39.2711],[-121.9358,39.2688],[-121.9413,39.2624],[-121.9483,39.2408],[-121.94,39.2287],[-121.9414,39.2217],[-121.9361,39.221],[-121.9379,39.2182],[-121.9283,39.1987],[-121.9365,39.1947],[-121.9345,39.1899],[-121.9414,39.1865],[-121.9455,39.1798],[-121.9394,39.1742],[-121.9342,39.161],[-121.9201,39.153],[-121.9172,39.1473],[-121.9205,39.1413],[-121.9378,39.144],[-121.938,39.133],[-121.925,39.1282],[-121.9214,39.1222],[-121.9111,39.1231],[-121.9131,39.1143],[-121.9055,39.1148],[-121.9035,39.1081],[-121.9058,39.1031],[-121.8944,39.0961],[-121.8952,39.0868],[-121.8897,39.0812],[-121.8946,39.079],[-121.8891,39.0724],[-121.8698,39.0669],[-121.8494,39.0714],[-121.8385,39.0641],[-121.8396,39.0469],[-121.8296,39.038],[-121.8307,39.0327],[-121.8229,39.0294],[-121.821,39.0203],[-121.8265,39.0112],[-121.8192,39.0061],[-121.8062,39.0037],[-121.7953,38.9961],[-121.8021,38.9898],[-121.8195,38.9883],[-121.8214,38.9747],[-121.8333,38.9702],[-121.8347,38.9658],[-121.832,38.9605],[-121.8406,38.9548],[-121.8366,38.9438],[-121.8301,38.9384],[-121.8373,38.9261],[-121.8289,38.9185],[-121.8048,38.9145],[-121.8058,38.9108],[-121.8153,38.9112],[-121.8122,38.9088],[-121.7911,38.9045],[-121.7936,38.9007],[-121.804,38.9017],[-121.8068,38.8903],[-121.8167,38.8845],[-121.8148,38.8766],[-121.8039,38.87],[-121.8017,38.8643],[-121.796,38.8667],[-121.793,38.863],[-121.7858,38.8632],[-121.7839,38.8564],[-121.7653,38.8642],[-121.7584,38.8624],[-121.7593,38.8684],[-121.7486,38.8713],[-121.7448,38.8642],[-121.7296,38.8584],[-121.7282,38.8534],[-121.7231,38.8513],[-121.7287,38.8466],[-121.726,38.8413],[-121.731,38.8358],[-121.7234,38.8256],[-121.7233,38.8038],[-121.709,38.801],[-121.7013,38.803],[-121.6958,38.7967],[-121.6907,38.7956],[-121.6934,38.7898],[-121.6864,38.7754],[-121.6926,38.7677],[-121.67,38.7593],[-121.6772,38.7509],[-121.6738,38.7431],[-121.6694,38.7457],[-121.668,38.7545],[-121.6585,38.755],[-121.6643,38.7653],[-121.6632,38.7692],[-121.6589,38.7696],[-121.6541,38.7645],[-121.6389,38.7672],[-121.6486,38.7728],[-121.6462,38.7741],[-121.6344,38.7679],[-121.628,38.7789],[-121.631,38.7829],[-121.6245,38.7854],[-121.6049,38.7794],[-121.5932,38.7643],[-121.5934,38.754],[-121.6029,38.7358],[-121.4844,38.7346],[-121.4844,38.7514],[-121.4698,38.7516],[-121.4694,38.926],[-121.4144,38.9262],[-121.4148,38.9965],[-121.4438,38.9933],[-121.449,38.9972],[-121.4595,38.9978],[-121.4744,38.9922],[-121.4896,38.9921],[-121.4937,38.9843],[-121.509,38.9828],[-121.5247,38.9715],[-121.5433,38.9724],[-121.5535,38.9538],[-121.5615,38.9534],[-121.5713,38.9389],[-121.5754,38.9183],[-121.5811,38.9258],[-121.5819,38.9382],[-121.578,38.9468],[-121.5826,38.9557],[-121.5814,38.9653],[-121.5874,38.9734],[-121.5894,38.9903],[-121.5791,39.0067],[-121.6,39.0121],[-121.5943,39.0233],[-121.6056,39.0326],[-121.6102,39.0569]]]},"properties":{"GEOID":"06101","NAME":"Sutter County","BASENAME":"Sutter","STATE":"06","COUNTY":"101"}},{"type":"Feature","geometry":{"type":"Polygon","coordinates":[[[-121.6973,37.7824],[-121.557,37.8165],[-121.5533,37.8188],[-121.5495,37.8336],[-121.5442,37.8325],[-121.5381,37.8378],[-121.5341,37.8495],[-121.5407,37.8494],[-121.5406,37.8576],[-121.5475,37.8552],[-121.5528,37.8612],[-121.5553,37.858],[-121.5603,37.8586],[-121.562,37.8531],[-121.5659,37.8579],[-121.5705,37.8576],[-121.569,37.8606],[-121.578,37.8578],[-121.5794,37.8602],[-121.5734,37.8658],[-121.5793,37.8706],[-121.5739,37.8834],[-121.5759,37.8883],[-121.5684,37.8917],[-121.5659,37.8977],[-121.5728,37.9043],[-121.5633,37.9106],[-121.5651,37.9192],[-121.5564,37.9236],[-121.5589,37.9279],[-121.5573,37.9322],[-121.5636,37.9434],[-121.5578,37.947],[-121.5674,37.944],[-121.5688,37.9485],[-121.5635,37.9547],[-121.5752,37.955],[-121.565,37.959],[-121.5802,37.9764],[-121.5724,37.979],[-121.5824,37.9835],[-121.5761,37.9949],[-121.5792,37.9981],[-121.5706,37.999],[-121.5688,38.0022],[-121.5782,38.0039],[-121.5799,38.0078],[-121.577,38.0111],[-121.5671,38.012],[-121.5721,38.0184],[-121.5575,38.0166],[-121.5642,38.0297],[-121.5714,38.0304],[-121.573,38.0422],[-121.5802,38.0413],[-121.5788,38.0326],[-121.5844,38.036],[-121.5822,38.0684],[-121.5729,38.0737],[-121.5767,38.0782],[-121.5793,38.0934],[-121.5853,38.0964],[-121.6049,38.0999],[-121.6274,38.0984],[-121.6326,38.0886],[-121.6381,38.0861],[-121.6619,38.0956],[-121.6731,38.0935],[-121.6793,38.0893],[-121.6819,38.082],[-121.6809,38.0621],[-121.6998,38.0452],[-121.7378,38.0266],[-121.7831,38.0185],[-121.8145,38.0208],[-121.8281,38.028],[-121.8379,38.0389],[-121.8468,38.06],[-121.8621,38.0661],[-121.8747,38.0507],[-121.9068,38.045],[-121.9354,38.0488],[-121.9774,38.0668],[-122.0152,38.0635],[-122.0284,38.0592],[-122.0611,38.0621],[-122.124,38.0357],[-122.1486,38.0317],[-122.1646,38.0347],[-122.1839,38.054],[-122.2008,38.0579],[-122.2453,38.064],[-122.2653,38.0599],[-122.3475,38.0733],[-122.376,38.0485],[-122.4416,37.9739],[-122.441,37.9574],[-122.4323,37.9298],[-122.3738,37.8837],[-122.3128,37.8973],[-122.2884,37.8976],[-122.2711,37.9058],[-122.264,37.9038],[-122.2502,37.8934],[-122.2493,37.887],[-122.2441,37.8832],[-122.2288,37.881],[-122.2176,37.8722],[-122.2164,37.8691],[-122.2214,37.8655],[-122.2089,37.8519],[-122.2031,37.8512],[-122.1953,37.8416],[-122.1851,37.8374],[-122.1856,37.8207],[-122.1669,37.8134],[-122.1574,37.818],[-122.1488,37.8138],[-122.1407,37.8047],[-122.0455,37.7981],[-122.0138,37.7801],[-121.9974,37.7634],[-122.0108,37.7551],[-122.0118,37.7474],[-121.9881,37.7331],[-121.9719,37.7303],[-121.96,37.7185],[-121.6973,37.7824]]]},"properties":{"GEOID":"06013","NAME":"Contra Costa County","BASENAME":"Contra Costa","STATE":"06","COUNTY":"013"}},{"type":"Feature","geometry":{"type":"Polygon","coordinates":[[[-123.239,38.8086],[-123.1363,38.8091],[-123.1366,38.8394],[-123.0812,38.8384],[-123.081,38.8524],[-122.8216,38.8501],[-122.8214,38.8579],[-122.8401,38.858],[-122.84,38.866],[-122.8585,38.8658],[-122.8578,38.8733],[-122.8765,38.8731],[-122.8757,38.8808],[-122.8946,38.8808],[-122.8939,38.8955],[-122.9114,38.8952],[-122.9114,38.9015],[-122.9489,38.9002],[-122.9491,38.9254],[-122.9619,38.9255],[-122.9602,38.9325],[-122.9699,38.9327],[-122.9683,38.9465],[-122.9777,38.9467],[-122.9774,38.9829],[-122.9867,38.983],[-122.9866,38.9973],[-123.0093,38.9972],[-123.0093,38.9932],[-123.0186,38.993],[-123.0186,38.9966],[-123.028,38.9966],[-123.028,39.0065],[-123.0373,39.0065],[-123.0375,39.0137],[-123.0468,39.0138],[-123.047,39.0209],[-123.0562,39.0211],[-123.0561,39.0499],[-123.0652,39.05],[-123.0651,39.0644],[-123.0838,39.0645],[-123.0837,39.0718],[-123.093,39.072],[-123.0942,39.0805],[-123.0942,39.0953],[-123.085,39.0953],[-123.0875,39.1384],[-123.0781,39.1387],[-123.0778,39.1738],[-123.0458,39.1735],[-123.0454,39.1806],[-123.0409,39.1807],[-123.0401,39.1925],[-123.0348,39.1924],[-123.0341,39.1997],[-123.0297,39.1996],[-123.0288,39.2068],[-123.0243,39.2071],[-123.0208,39.2207],[-123.0125,39.221],[-123.0127,39.2362],[-122.9948,39.2359],[-122.9945,39.2568],[-123.0036,39.2574],[-123.0045,39.2782],[-123.0196,39.278],[-123.0197,39.3218],[-123.0287,39.3218],[-123.0287,39.3366],[-123.0377,39.3362],[-123.0379,39.3639],[-123.0486,39.3641],[-123.0475,39.3786],[-123.0571,39.3787],[-123.0563,39.4076],[-123.0751,39.4077],[-123.0749,39.4366],[-123.0701,39.4365],[-123.0731,39.4527],[-123.063,39.4525],[-123.0632,39.5035],[-123.0444,39.5036],[-123.0444,39.5112],[-123.025,39.5112],[-123.0252,39.5187],[-122.9367,39.5164],[-122.9367,39.5307],[-122.8903,39.529],[-122.8845,39.6108],[-122.8904,39.6229],[-122.8927,39.7089],[-122.9129,39.7087],[-122.9125,39.7482],[-122.9384,39.7481],[-122.9377,39.7982],[-122.944,39.8031],[-122.9467,39.8335],[-122.9564,39.8392],[-122.9601,39.8452],[-122.954,39.8547],[-122.9558,39.8585],[-122.9505,39.8685],[-122.9533,39.8728],[-122.9474,39.8924],[-122.9506,39.907],[-122.9205,39.9165],[-122.9206,39.9289],[-122.9126,39.9315],[-122.9098,39.9364],[-122.9166,39.9373],[-122.9268,39.9451],[-122.9274,39.9563],[-122.9248,39.9603],[-122.9269,39.9713],[-122.934,39.9781],[-123.5446,39.977],[-123.5445,40.0019],[-124.1349,40.0025],[-124.1152,39.9824],[-124.0964,39.975],[-124.0786,39.9723],[-124.0354,39.9311],[-124.0055,39.8893],[-123.9829,39.8768],[-123.9735,39.8536],[-123.9536,39.827],[-123.9386,39.8149],[-123.9105,39.7996],[-123.901,39.7805],[-123.904,39.7571],[-123.8932,39.7048],[-123.8803,39.6891],[-123.8572,39.6747],[-123.8519,39.6428],[-123.8525,39.5924],[-123.8494,39.5783],[-123.8346,39.5492],[-123.8526,39.5148],[-123.8678,39.5083],[-123.8751,39.4942],[-123.8744,39.4826],[-123.8889,39.4439],[-123.8871,39.4258],[-123.8924,39.407],[-123.8904,39.3901],[-123.8968,39.3749],[-123.8949,39.3483],[-123.8931,39.3375],[-123.881,39.3193],[-123.8802,39.3042],[-123.8634,39.2548],[-123.8501,39.2314],[-123.846,39.1998],[-123.8408,39.1873],[-123.8092,39.141],[-123.8075,39.1272],[-123.7861,39.0921],[-123.7783,39.0697],[-123.762,39.0411],[-123.7631,39.0087],[-123.7766,39.005],[-123.7972,38.9899],[-123.8061,38.977],[-123.8099,38.9612],[-123.8065,38.9405],[-123.7847,38.8937],[-123.7379,38.8574],[-123.7253,38.8441],[-123.7178,38.8279],[-123.7065,38.8177],[-123.6926,38.8103],[-123.6827,38.797],[-123.66,38.7843],[-123.6325,38.7581],[-123.5332,38.7684],[-123.5202,38.7586],[-123.5163,38.7678],[-123.5099,38.7674],[-123.507,38.7735],[-123.4999,38.7738],[-123.497,38.7786],[-123.3682,38.7771],[-123.3684,38.8066],[-123.239,38.8086]]]},"properties":{"GEOID":"06045","NAME":"Mendocino County","BASENAME":"Mendocino","STATE":"06","COUNTY":"045"}},{"type":"Feature","geometry":{"type":"Polygon","coordinates":[[[-121.4879,38.9906],[-121.4563,38.9982],[-121.4438,38.9933],[-121.4148,38.9965],[-121.3845,39.0145],[-121.3851,39.0177],[-121.3771,39.021],[-121.3656,39.0317],[-121.3539,39.0313],[-121.3291,39.0439],[-121.323,39.043],[-121.3196,39.0487],[-121.3092,39.0526],[-121.3045,39.0525],[-121.3023,39.0478],[-121.2937,39.0443],[-121.2902,39.0369],[-121.2795,39.0346],[-121.2795,39.2305],[-121.2688,39.2402],[-121.2693,39.2521],[-121.2592,39.2564],[-121.2661,39.2727],[-121.2426,39.2835],[-121.2184,39.2842],[-121.2149,39.2929],[-121.2001,39.3024],[-121.205,39.3079],[-121.2064,39.3165],[-121.1956,39.3296],[-121.1845,39.3308],[-121.1834,39.336],[-121.178,39.3387],[-121.165,39.3386],[-121.1625,39.3326],[-121.1575,39.3325],[-121.1548,39.3486],[-121.1438,39.3497],[-121.1451,39.3558],[-121.1371,39.3633],[-121.1368,39.3681],[-121.1271,39.3726],[-121.1279,39.38],[-121.1016,39.381],[-121.0964,39.3877],[-121.0869,39.3864],[-121.084,39.3946],[-121.0631,39.3909],[-121.0594,39.395],[-121.0498,39.3954],[-121.0475,39.3897],[-121.0419,39.3882],[-121.0346,39.3955],[-121.0256,39.3894],[-121.0221,39.3916],[-121.0344,39.5145],[-121.0448,39.5142],[-121.0487,39.517],[-121.0497,39.5211],[-121.0537,39.5222],[-121.0512,39.5245],[-121.0582,39.537],[-121.0483,39.5483],[-121.039,39.5504],[-121.0318,39.5582],[-121.0244,39.559],[-121.0095,39.6395],[-121.0767,39.5973],[-121.0795,39.5853],[-121.1075,39.5853],[-121.107,39.5672],[-121.1163,39.5671],[-121.1165,39.5635],[-121.1412,39.5623],[-121.1409,39.5555],[-121.1499,39.5553],[-121.1499,39.5264],[-121.159,39.5261],[-121.1593,39.5196],[-121.1854,39.5197],[-121.1852,39.5267],[-121.21,39.5272],[-121.2405,39.5266],[-121.2402,39.5131],[-121.2771,39.5128],[-121.2768,39.5203],[-121.3051,39.5196],[-121.3054,39.4978],[-121.3102,39.4978],[-121.3102,39.4868],[-121.315,39.487],[-121.3148,39.4759],[-121.3241,39.4757],[-121.3241,39.4686],[-121.3334,39.4687],[-121.3334,39.4651],[-121.3383,39.465],[-121.3384,39.4544],[-121.3451,39.4526],[-121.3453,39.4389],[-121.3406,39.4316],[-121.3353,39.4304],[-121.3341,39.4258],[-121.3512,39.4159],[-121.3631,39.4042],[-121.36,39.399],[-121.3672,39.3782],[-121.3726,39.3736],[-121.3724,39.3649],[-121.3823,39.363],[-121.3879,39.356],[-121.4032,39.3496],[-121.4072,39.3399],[-121.4157,39.3401],[-121.4263,39.335],[-121.4348,39.3375],[-121.447,39.3306],[-121.4576,39.3355],[-121.4636,39.3309],[-121.4746,39.3335],[-121.4841,39.3261],[-121.4841,39.318],[-121.4953,39.319],[-121.4978,39.3142],[-121.5044,39.318],[-121.5305,39.3183],[-121.5471,39.3122],[-121.5487,39.3088],[-121.5637,39.3049],[-121.5757,39.3108],[-121.5853,39.3116],[-121.5942,39.3078],[-121.6023,39.3114],[-121.6042,39.318],[-121.6119,39.319],[-121.6207,39.3033],[-121.6182,39.301],[-121.6245,39.293],[-121.6317,39.2915],[-121.6219,39.2736],[-121.6302,39.2737],[-121.6325,39.2707],[-121.6214,39.2637],[-121.6272,39.2594],[-121.6356,39.262],[-121.6364,39.2461],[-121.635,39.2405],[-121.6277,39.2355],[-121.6277,39.2286],[-121.6144,39.2289],[-121.6181,39.2206],[-121.6136,39.2139],[-121.6203,39.2135],[-121.6211,39.2062],[-121.6291,39.2047],[-121.6237,39.1957],[-121.613,39.1905],[-121.6185,39.1831],[-121.6112,39.1757],[-121.6156,39.1678],[-121.6055,39.1485],[-121.6076,39.1409],[-121.5977,39.1278],[-121.6046,39.1139],[-121.6027,39.1002],[-121.5873,39.1017],[-121.5861,39.0891],[-121.6103,39.0568],[-121.6056,39.0326],[-121.5943,39.0233],[-121.6,39.0121],[-121.5791,39.0067],[-121.5894,38.9903],[-121.5874,38.9734],[-121.5814,38.9653],[-121.5826,38.9557],[-121.578,38.9468],[-121.5822,38.9357],[-121.5789,38.9217],[-121.5754,38.9183],[-121.5713,38.9389],[-121.5615,38.9534],[-121.5535,38.9538],[-121.5433,38.9724],[-121.5247,38.9715],[-121.509,38.9828],[-121.4937,38.9843],[-121.4911,38.9906],[-121.4879,38.9906]]]},"properties":{"GEOID":"06115","NAME":"Yuba County","BASENAME":"Yuba","STATE":"06","COUNTY":"115"}},{"type":"Feature","geometry":{"type":"Polygon","coordinates":[[[-120.3953,37.6723],[-120.3843,37.658],[-120.3753,37.653],[-120.3877,37.6334],[-120.3188,37.5208],[-120.3165,37.5055],[-120.3115,37.4972],[-120.2991,37.4888],[-120.3002,37.4843],[-120.2796,37.4579],[-120.2751,37.4407],[-120.2841,37.4325],[-120.2834,37.4244],[-120.2758,37.4188],[-120.2547,37.3854],[-120.247,37.3802],[-120.2165,37.3373],[-120.2035,37.3133],[-120.1877,37.3011],[-120.1827,37.2914],[-120.1866,37.2803],[-120.1785,37.2624],[-120.1438,37.2392],[-120.0901,37.2215],[-120.0622,37.198],[-120.0521,37.1831],[-119.7618,37.4171],[-119.6512,37.4178],[-119.6512,37.4614],[-119.6155,37.4615],[-119.6151,37.4947],[-119.5842,37.4947],[-119.5836,37.5603],[-119.309,37.778],[-119.311,37.7797],[-119.3073,37.7828],[-119.3105,37.7856],[-119.3112,37.7935],[-119.3218,37.794],[-119.327,37.7994],[-119.3319,37.7992],[-119.355,37.8118],[-119.3514,37.8255],[-119.3726,37.8329],[-119.3755,37.8409],[-119.3798,37.8409],[-119.3837,37.8365],[-119.3926,37.8379],[-119.4027,37.8352],[-119.4073,37.8549],[-119.422,37.8577],[-119.4268,37.8667],[-119.4427,37.8598],[-119.442,37.8675],[-119.4542,37.8707],[-119.4703,37.863],[-119.4743,37.8556],[-119.4841,37.8644],[-119.4923,37.8631],[-119.5038,37.8686],[-119.5153,37.8844],[-119.5298,37.8911],[-119.5357,37.9041],[-119.5567,37.9009],[-119.5586,37.9031],[-119.5864,37.8901],[-119.5873,37.8787],[-119.5849,37.8749],[-119.5994,37.8599],[-119.6102,37.8532],[-119.6191,37.8532],[-119.625,37.8477],[-119.6381,37.8491],[-119.6486,37.845],[-119.6577,37.8341],[-119.6509,37.8208],[-119.6539,37.8104],[-119.6599,37.8094],[-119.6672,37.8012],[-119.6897,37.8002],[-119.6996,37.7891],[-119.7098,37.7935],[-119.7227,37.7876],[-119.7339,37.7879],[-119.746,37.7829],[-119.751,37.7733],[-119.769,37.7711],[-119.772,37.7667],[-119.7811,37.7634],[-119.7915,37.7646],[-119.8052,37.7601],[-119.8078,37.755],[-119.8248,37.7619],[-119.8279,37.7682],[-119.8379,37.7702],[-119.8422,37.7691],[-119.8411,37.7642],[-119.852,37.7577],[-119.8682,37.7732],[-119.8755,37.7725],[-119.8727,37.7675],[-119.876,37.7638],[-119.8849,37.7607],[-119.8943,37.7621],[-119.9012,37.7578],[-119.9291,37.7648],[-119.9384,37.763],[-119.9448,37.7649],[-119.9476,37.7704],[-119.955,37.7732],[-119.9649,37.7828],[-119.9984,37.7962],[-120.025,37.8113],[-120.0363,37.8079],[-120.0446,37.813],[-120.0546,37.8126],[-120.0583,37.8248],[-120.0616,37.826],[-120.0652,37.8229],[-120.0795,37.8288],[-120.0905,37.8221],[-120.0903,37.8107],[-120.0987,37.8077],[-120.1007,37.8007],[-120.1158,37.7932],[-120.12,37.7896],[-120.1194,37.7859],[-120.1243,37.7855],[-120.1272,37.7816],[-120.1421,37.783],[-120.1538,37.7884],[-120.1618,37.7874],[-120.173,37.795],[-120.1742,37.7994],[-120.1784,37.7947],[-120.1826,37.7952],[-120.1806,37.7884],[-120.1887,37.7802],[-120.1835,37.7749],[-120.1891,37.7679],[-120.1977,37.7696],[-120.2011,37.7632],[-120.216,37.7653],[-120.2268,37.7603],[-120.2382,37.7653],[-120.2397,37.7535],[-120.2572,37.7478],[-120.2617,37.7407],[-120.2579,37.7352],[-120.2601,37.7337],[-120.2761,37.739],[-120.2824,37.7454],[-120.2868,37.7399],[-120.2838,37.7336],[-120.2865,37.7294],[-120.3077,37.7356],[-120.3155,37.7338],[-120.3212,37.726],[-120.3323,37.7296],[-120.3356,37.7265],[-120.3445,37.7263],[-120.3381,37.7091],[-120.3333,37.7068],[-120.3298,37.6973],[-120.3064,37.6658],[-120.3123,37.6629],[-120.3097,37.6567],[-120.3126,37.6537],[-120.3277,37.6496],[-120.3353,37.659],[-120.3433,37.6631],[-120.3484,37.6717],[-120.3554,37.6755],[-120.3625,37.6728],[-120.3667,37.6809],[-120.3919,37.6836],[-120.3953,37.6723]]]},"properties":{"GEOID":"06043","NAME":"Mariposa County","BASENAME":"Mariposa","STATE":"06","COUNTY":"043"}},{"type":"Feature","geometry":{"type":"Polygon","coordinates":[[[-122.4159,38.7682],[-122.403,38.7731],[-122.4093,38.7763],[-122.4079,38.7845],[-122.4127,38.786],[-122.4086,38.7882],[-122.4044,38.7986],[-122.3975,38.8049],[-122.3797,38.8022],[-122.3736,38.8167],[-122.3768,38.8222],[-122.3754,38.8265],[-122.4038,38.8558],[-122.3912,38.8687],[-122.4057,38.8799],[-122.4055,38.8837],[-122.4219,38.9038],[-122.4158,38.9074],[-122.404,38.9253],[-122.3402,38.9242],[-122.3414,38.9271],[-122.373,38.9398],[-122.394,38.9556],[-122.4019,38.9558],[-122.4091,38.9628],[-122.407,38.9714],[-122.4167,38.978],[-122.4193,38.9892],[-122.4086,39.007],[-122.4115,39.0191],[-122.4373,39.0214],[-122.457,39.0384],[-122.467,39.0426],[-122.4658,39.0484],[-122.492,39.0535],[-122.4908,39.0648],[-122.4839,39.067],[-122.4887,39.0692],[-122.4905,39.0743],[-122.486,39.0856],[-122.4889,39.0983],[-122.4965,39.1078],[-122.4942,39.1151],[-122.5009,39.1211],[-122.4948,39.1359],[-122.4968,39.1405],[-122.4866,39.1417],[-122.481,39.1383],[-122.4745,39.1447],[-122.481,39.1528],[-122.4782,39.1548],[-122.4826,39.1629],[-122.477,39.167],[-122.4761,39.1726],[-122.4918,39.1753],[-122.4985,39.1911],[-122.5084,39.1903],[-122.5145,39.1972],[-122.5153,39.2092],[-122.535,39.2116],[-122.5414,39.2069],[-122.5702,39.2039],[-122.582,39.212],[-122.6103,39.2162],[-122.6227,39.2232],[-122.6349,39.2232],[-122.6488,39.214],[-122.6654,39.2175],[-122.6735,39.2257],[-122.6797,39.2245],[-122.6761,39.2308],[-122.6914,39.2474],[-122.7125,39.257],[-122.7286,39.2733],[-122.7367,39.2726],[-122.7571,39.2843],[-122.7582,39.2939],[-122.7705,39.31],[-122.775,39.3118],[-122.7725,39.324],[-122.7683,39.3255],[-122.7648,39.335],[-122.7653,39.3427],[-122.7524,39.346],[-122.7415,39.3601],[-122.7435,39.3681],[-122.7522,39.3706],[-122.7599,39.3781],[-122.7687,39.3737],[-122.7743,39.3747],[-122.7851,39.383],[-122.7391,39.3833],[-122.7417,39.4352],[-122.7326,39.4508],[-122.7316,39.4792],[-122.7365,39.5085],[-122.7356,39.5807],[-122.8854,39.5801],[-122.8903,39.529],[-122.9367,39.5307],[-122.9367,39.5164],[-123.0252,39.5187],[-123.025,39.5112],[-123.0444,39.5112],[-123.0444,39.5036],[-123.0632,39.5035],[-123.063,39.4525],[-123.0731,39.4527],[-123.0701,39.4365],[-123.0749,39.4366],[-123.0751,39.4077],[-123.0563,39.4076],[-123.0571,39.3787],[-123.0475,39.3786],[-123.0486,39.3641],[-123.0379,39.3639],[-123.0377,39.3362],[-123.0287,39.3366],[-123.0287,39.3218],[-123.0197,39.3218],[-123.0196,39.278],[-123.0045,39.2782],[-123.0036,39.2574],[-122.9945,39.2568],[-122.9943,39.2499],[-122.9948,39.2359],[-123.0127,39.2362],[-123.0125,39.221],[-123.0208,39.2207],[-123.0243,39.2071],[-123.0288,39.2068],[-123.0297,39.1996],[-123.0341,39.1997],[-123.0348,39.1924],[-123.0401,39.1925],[-123.0409,39.1807],[-123.0454,39.1806],[-123.0458,39.1735],[-123.0778,39.1738],[-123.0781,39.1387],[-123.0875,39.1384],[-123.085,39.0953],[-123.0942,39.0953],[-123.093,39.072],[-123.0837,39.0718],[-123.0838,39.0645],[-123.0651,39.0644],[-123.0652,39.05],[-123.0561,39.0499],[-123.0562,39.0211],[-123.047,39.0209],[-123.0468,39.0138],[-123.0375,39.0137],[-123.0373,39.0065],[-123.028,39.0065],[-123.028,38.9966],[-123.0186,38.9966],[-123.0186,38.993],[-123.0093,38.9932],[-123.0093,38.9972],[-122.9866,38.9973],[-122.9867,38.983],[-122.9774,38.9829],[-122.9777,38.9467],[-122.9683,38.9465],[-122.9699,38.9327],[-122.9602,38.9325],[-122.9619,38.9255],[-122.9491,38.9254],[-122.9489,38.9002],[-122.9114,38.9015],[-122.9114,38.8952],[-122.8939,38.8955],[-122.8946,38.8808],[-122.8757,38.8808],[-122.8761,38.8729],[-122.8578,38.8733],[-122.8585,38.8658],[-122.84,38.866],[-122.8401,38.858],[-122.8214,38.8579],[-122.8216,38.8501],[-122.8177,38.8498],[-122.8183,38.8446],[-122.8121,38.8429],[-122.8121,38.8384],[-122.8062,38.8362],[-122.796,38.839],[-122.7914,38.8304],[-122.7802,38.8268],[-122.7666,38.8158],[-122.7676,38.8139],[-122.7482,38.8038],[-122.7482,38.7878],[-122.738,38.781],[-122.7346,38.7726],[-122.7227,38.763],[-122.7242,38.7566],[-122.7093,38.749],[-122.7123,38.7422],[-122.7104,38.7321],[-122.7007,38.7286],[-122.6955,38.7131],[-122.6742,38.7064],[-122.6475,38.7069],[-122.6443,38.6996],[-122.637,38.6937],[-122.6395,38.6891],[-122.6255,38.6744],[-122.6268,38.6708],[-122.4641,38.7061],[-122.4159,38.7682]]]},"properties":{"GEOID":"06033","NAME":"Lake County","BASENAME":"Lake","STATE":"06","COUNTY":"033"}},{"type":"Feature","geometry":{"type":"Polygon","coordinates":[[[-124.3161,41.7284],[-124.3003,41.7241],[-124.2624,41.7019],[-124.2369,41.6946],[-124.2117,41.6812],[-124.2085,41.6738],[-124.2118,41.6619],[-124.2098,41.6352],[-124.2013,41.6194],[-124.1901,41.6082],[-124.1883,41.574],[-124.185,41.5658],[-124.1723,41.551],[-124.1605,41.5434],[-124.1579,41.519],[-124.1366,41.4645],[-123.7706,41.4642],[-123.7702,41.3808],[-123.6614,41.3821],[-123.6555,41.3884],[-123.656,41.3953],[-123.6416,41.4002],[-123.6389,41.4074],[-123.642,41.4157],[-123.6486,41.4208],[-123.6378,41.4281],[-123.622,41.4326],[-123.6124,41.449],[-123.6159,41.453],[-123.6116,41.4616],[-123.6266,41.4668],[-123.6324,41.4735],[-123.6306,41.4771],[-123.6378,41.4824],[-123.6345,41.4861],[-123.6407,41.5074],[-123.6461,41.5124],[-123.6426,41.5227],[-123.648,41.535],[-123.6528,41.5394],[-123.67,41.5441],[-123.6825,41.5431],[-123.6902,41.5523],[-123.6939,41.5519],[-123.6939,41.557],[-123.6815,41.5718],[-123.6891,41.5821],[-123.6813,41.5867],[-123.6823,41.5949],[-123.6976,41.5909],[-123.6989,41.5957],[-123.7157,41.5913],[-123.7191,41.5953],[-123.7161,41.6065],[-123.7114,41.6089],[-123.711,41.615],[-123.7057,41.6215],[-123.6975,41.6267],[-123.6966,41.6339],[-123.6804,41.634],[-123.6884,41.6527],[-123.6853,41.66],[-123.6886,41.6602],[-123.6896,41.6694],[-123.6854,41.676],[-123.6628,41.6935],[-123.6701,41.7017],[-123.6692,41.7065],[-123.6602,41.7141],[-123.6611,41.7241],[-123.6661,41.7322],[-123.6783,41.7385],[-123.6834,41.7696],[-123.6883,41.7812],[-123.6746,41.7856],[-123.6763,41.7895],[-123.6721,41.796],[-123.69,41.8032],[-123.6944,41.8156],[-123.703,41.8197],[-123.7038,41.8291],[-123.6829,41.8371],[-123.6708,41.8354],[-123.6713,41.845],[-123.6615,41.8565],[-123.6495,41.8603],[-123.6514,41.8729],[-123.6465,41.8766],[-123.6523,41.8789],[-123.6452,41.8835],[-123.6422,41.8897],[-123.6245,41.8884],[-123.6171,41.8818],[-123.6063,41.8808],[-123.6048,41.8881],[-123.5974,41.8942],[-123.5994,41.899],[-123.5936,41.9063],[-123.578,41.903],[-123.5595,41.906],[-123.5536,41.9147],[-123.5544,41.9301],[-123.5488,41.9333],[-123.5477,41.9384],[-123.5333,41.9552],[-123.5363,41.9773],[-123.5409,41.9853],[-123.5343,41.9909],[-123.5199,41.9952],[-123.5179,42.0008],[-123.624,41.9998],[-123.6572,41.9951],[-124.3288,41.9983],[-124.307,41.9929],[-124.2886,41.9696],[-124.2848,41.9568],[-124.2899,41.9454],[-124.2919,41.9285],[-124.2857,41.9129],[-124.2761,41.9031],[-124.2796,41.8748],[-124.285,41.8595],[-124.3119,41.8588],[-124.333,41.877],[-124.3476,41.8832],[-124.3652,41.8866],[-124.4012,41.8856],[-124.4113,41.8821],[-124.4309,41.8629],[-124.4377,41.8493],[-124.4404,41.8312],[-124.435,41.8166],[-124.3995,41.7779],[-124.3844,41.7682],[-124.3692,41.7634],[-124.3306,41.7338],[-124.3161,41.7284]]]},"properties":{"GEOID":"06015","NAME":"Del Norte County","BASENAME":"Del Norte","STATE":"06","COUNTY":"015"}},{"type":"Feature","geometry":{"type":"Polygon","coordinates":[[[-120.1687,36.8035],[-120.1569,36.7982],[-120.1366,36.8093],[-120.0986,36.8149],[-120.0916,36.8212],[-120.0795,36.8253],[-120.0714,36.8187],[-120.056,36.8229],[-120.0423,36.8155],[-120.0278,36.8145],[-120.0226,36.8178],[-120.0202,36.825],[-120.0137,36.8281],[-119.9924,36.8289],[-119.9903,36.8378],[-119.9858,36.8405],[-119.9797,36.8397],[-119.977,36.835],[-119.9705,36.8329],[-119.9585,36.8355],[-119.9435,36.834],[-119.9345,36.838],[-119.9281,36.8485],[-119.9121,36.8454],[-119.904,36.8516],[-119.8892,36.8521],[-119.8862,36.8592],[-119.8706,36.8522],[-119.8659,36.8511],[-119.8609,36.8545],[-119.8539,36.8514],[-119.8466,36.8601],[-119.8409,36.8613],[-119.8348,36.8525],[-119.8234,36.8483],[-119.8139,36.8502],[-119.8144,36.8615],[-119.8027,36.8658],[-119.7974,36.875],[-119.7855,36.8798],[-119.7893,36.8967],[-119.7757,36.9091],[-119.7727,36.9186],[-119.7549,36.9225],[-119.7503,36.9283],[-119.7521,36.9359],[-119.7338,36.9464],[-119.7367,36.9536],[-119.7433,36.9546],[-119.7405,36.9702],[-119.7138,36.9909],[-119.6981,37.0087],[-119.6908,37.012],[-119.6709,37.0093],[-119.6586,37.0133],[-119.6594,37.0389],[-119.6495,37.0435],[-119.6393,37.0433],[-119.629,37.0346],[-119.636,37.0253],[-119.6354,37.0215],[-119.6211,37.0266],[-119.6104,37.0457],[-119.6136,37.052],[-119.6049,37.071],[-119.597,37.0713],[-119.5848,37.0656],[-119.5614,37.0655],[-119.5633,37.0744],[-119.559,37.0881],[-119.5416,37.096],[-119.5376,37.1051],[-119.5488,37.1168],[-119.5686,37.1167],[-119.5608,37.1429],[-119.55,37.1446],[-119.54,37.1348],[-119.525,37.1282],[-119.5175,37.1468],[-119.506,37.1503],[-119.4892,37.1373],[-119.4932,37.1246],[-119.4913,37.1197],[-119.4833,37.1103],[-119.4748,37.11],[-119.4702,37.1109],[-119.4663,37.1196],[-119.4691,37.1259],[-119.4626,37.1442],[-119.4427,37.1441],[-119.4349,37.147],[-119.4321,37.1626],[-119.4158,37.1634],[-119.4068,37.16],[-119.3998,37.1498],[-119.3888,37.1492],[-119.375,37.1579],[-119.3752,37.1641],[-119.3624,37.1675],[-119.3606,37.1805],[-119.3431,37.1891],[-119.3301,37.2074],[-119.3307,37.2152],[-119.3378,37.2192],[-119.3337,37.224],[-119.3316,37.2396],[-119.3232,37.245],[-119.3222,37.2534],[-119.3264,37.2699],[-119.3323,37.2744],[-119.3269,37.2919],[-119.3354,37.3112],[-119.3158,37.3248],[-119.3258,37.3354],[-119.3122,37.3397],[-119.3115,37.3429],[-119.3154,37.3461],[-119.3122,37.3527],[-119.0224,37.5857],[-119.0344,37.6035],[-119.0308,37.6222],[-119.0326,37.6305],[-119.0546,37.6451],[-119.0543,37.6512],[-119.0614,37.6578],[-119.0595,37.6654],[-119.0652,37.6846],[-119.0734,37.6929],[-119.0931,37.7036],[-119.1097,37.7247],[-119.1276,37.7347],[-119.138,37.7361],[-119.1408,37.7333],[-119.1496,37.7329],[-119.1691,37.7384],[-119.1771,37.7348],[-119.1837,37.7395],[-119.1863,37.7365],[-119.1985,37.7367],[-119.2163,37.7141],[-119.23,37.7174],[-119.2306,37.721],[-119.243,37.7285],[-119.251,37.7302],[-119.2579,37.7246],[-119.2612,37.7327],[-119.2694,37.7396],[-119.2884,37.745],[-119.2891,37.755],[-119.2941,37.7597],[-119.2934,37.7679],[-119.309,37.778],[-119.5836,37.5603],[-119.5842,37.4947],[-119.6151,37.4947],[-119.6155,37.4615],[-119.6512,37.4614],[-119.6512,37.4178],[-119.7618,37.4171],[-120.0573,37.1806],[-120.1151,37.1657],[-120.1328,37.1674],[-120.1646,37.1627],[-120.1741,37.1659],[-120.1765,37.1623],[-120.1876,37.1603],[-120.1948,37.1632],[-120.223,37.164],[-120.2439,37.157],[-120.2763,37.1517],[-120.2899,37.1526],[-120.3038,37.1411],[-120.3245,37.1364],[-120.3283,37.1311],[-120.3412,37.1246],[-120.3635,37.1197],[-120.3849,37.1246],[-120.4028,37.1167],[-120.4068,37.1109],[-120.4214,37.1097],[-120.4698,37.0943],[-120.4767,37.0964],[-120.5417,37.0445],[-120.5372,37.0406],[-120.5378,37.0342],[-120.5453,37.0269],[-120.5378,37.0239],[-120.5369,37.0193],[-120.5307,37.0202],[-120.5304,37.0129],[-120.5233,37.0141],[-120.5138,37.011],[-120.509,37.0076],[-120.5082,37.0003],[-120.503,37.0006],[-120.4995,36.982],[-120.4948,36.9758],[-120.4841,36.9724],[-120.4889,36.9657],[-120.478,36.9547],[-120.4756,36.94],[-120.468,36.9375],[-120.4571,36.9236],[-120.4622,36.9172],[-120.4504,36.9128],[-120.4556,36.9054],[-120.4638,36.9054],[-120.461,36.9023],[-120.4668,36.8922],[-120.4653,36.8873],[-120.4537,36.8808],[-120.4594,36.8753],[-120.4503,36.8712],[-120.4558,36.8624],[-120.4486,36.8602],[-120.4474,36.8566],[-120.4395,36.8557],[-120.4405,36.8502],[-120.4335,36.8505],[-120.4263,36.8399],[-120.4171,36.8356],[-120.4099,36.8398],[-120.4007,36.8224],[-120.3876,36.8239],[-120.3791,36.8172],[-120.3771,36.8088],[-120.3692,36.8101],[-120.3681,36.807],[-120.3744,36.8011],[-120.3697,36.7956],[-120.3729,36.7897],[-120.3707,36.7852],[-120.3559,36.7873],[-120.3451,36.785],[-120.351,36.7954],[-120.3477,36.7982],[-120.3441,36.7914],[-120.3344,36.7915],[-120.3346,36.7829],[-120.3242,36.7863],[-120.3217,36.7777],[-120.3126,36.782],[-120.3004,36.7776],[-120.2998,36.7746],[-120.3057,36.7734],[-120.3061,36.7703],[-120.2932,36.7722],[-120.294,36.7663],[-120.2898,36.7631],[-120.2895,36.7705],[-120.2855,36.7735],[-120.2812,36.7721],[-120.2814,36.7666],[-120.2733,36.7742],[-120.256,36.7696],[-120.2488,36.7751],[-120.2457,36.7713],[-120.2299,36.7691],[-120.2333,36.7811],[-120.2227,36.7828],[-120.2207,36.7873],[-120.2071,36.7909],[-120.2022,36.79],[-120.1997,36.7807],[-120.1888,36.7764],[-120.1815,36.7833],[-120.182,36.7881],[-120.1745,36.7961],[-120.1732,36.8025],[-120.1687,36.8035]]]},"properties":{"GEOID":"06039","NAME":"Madera County","BASENAME":"Madera","STATE":"06","COUNTY":"039"}},{"type":"Feature","geometry":{"type":"Polygon","coordinates":[[[-122.5868,37.59],[-122.5865,37.5619],[-122.5796,37.5459],[-122.571,37.4845],[-122.5595,37.4699],[-122.5373,37.4507],[-122.5099,37.4416],[-122.5035,37.4119],[-122.467,37.3499],[-122.4659,37.3412],[-122.484,37.2499],[-122.4817,37.2291],[-122.4722,37.2122],[-122.4641,37.1778],[-122.4456,37.15],[-122.4213,37.1351],[-122.4134,37.1218],[-122.3969,37.1099],[-122.3931,37.0872],[-122.3761,37.0656],[-122.3482,37.0557],[-122.3139,37.0548],[-122.2994,37.0964],[-122.2894,37.1135],[-122.3118,37.1475],[-122.3177,37.1869],[-122.2427,37.19],[-122.2426,37.2151],[-122.1528,37.2154],[-122.1527,37.2886],[-122.1668,37.2952],[-122.1621,37.3042],[-122.1708,37.312],[-122.1823,37.3095],[-122.1931,37.3183],[-122.183,37.3273],[-122.1751,37.3257],[-122.1942,37.3457],[-122.2025,37.3603],[-122.2007,37.372],[-122.1905,37.3853],[-122.19,37.3949],[-122.1945,37.4079],[-122.1923,37.4139],[-122.1872,37.4163],[-122.1903,37.4185],[-122.1879,37.4202],[-122.1913,37.4252],[-122.1905,37.4313],[-122.1652,37.453],[-122.1444,37.4583],[-122.1286,37.4519],[-122.1241,37.4528],[-122.1218,37.4542],[-122.1239,37.4611],[-122.1177,37.4652],[-122.1133,37.4675],[-122.0966,37.4661],[-122.0968,37.4619],[-122.0815,37.4778],[-122.1096,37.4976],[-122.2818,37.7082],[-122.5752,37.7067],[-122.5675,37.6392],[-122.5868,37.59]]]},"properties":{"GEOID":"06081","NAME":"San Mateo County","BASENAME":"San Mateo","STATE":"06","COUNTY":"081"}},{"type":"Feature","geometry":{"type":"Polygon","coordinates":[[[-119.5363,36.0653],[-119.5364,36.1379],[-119.5291,36.1379],[-119.5294,36.2699],[-119.4746,36.269],[-119.4749,36.401],[-119.5288,36.4015],[-119.5272,36.4889],[-119.5732,36.4888],[-119.6668,36.4188],[-119.6728,36.4266],[-119.6716,36.4311],[-119.6936,36.4245],[-119.7057,36.427],[-119.714,36.4189],[-119.7301,36.4208],[-119.7349,36.4159],[-119.7463,36.4168],[-119.7524,36.409],[-119.7531,36.4019],[-119.9592,36.401],[-119.9589,36.1814],[-120.3151,35.9072],[-120.2769,35.9065],[-120.2433,35.8777],[-120.2452,35.8731],[-120.2402,35.8659],[-120.2563,35.8554],[-120.2593,35.8451],[-120.2551,35.8426],[-120.2445,35.824],[-120.2389,35.8258],[-120.2199,35.8189],[-120.2194,35.806],[-120.2166,35.8036],[-120.214,35.7893],[-119.5381,35.7899],[-119.5363,36.0653]]]},"properties":{"GEOID":"06031","NAME":"Kings County","BASENAME":"Kings","STATE":"06","COUNTY":"031"}},{"type":"Feature","geometry":{"type":"Polygon","coordinates":[[[-116.7573,32.5655],[-116.1062,32.6184],[-116.1056,32.7263],[-116.103,32.7264],[-116.1033,33.0748],[-116.0812,33.0749],[-116.0849,33.4263],[-116.1977,33.4289],[-117.0309,33.4269],[-117.0309,33.4299],[-117.1388,33.4326],[-117.2414,33.4319],[-117.2415,33.4488],[-117.3708,33.4907],[-117.3643,33.5049],[-117.5098,33.5052],[-117.5095,33.4703],[-117.5382,33.4549],[-117.5598,33.4514],[-117.5785,33.4538],[-117.6111,33.334],[-117.5715,33.3123],[-117.5496,33.2944],[-117.521,33.2689],[-117.5009,33.2422],[-117.4679,33.2125],[-117.4356,33.1775],[-117.3759,33.0752],[-117.3233,32.9031],[-117.3397,32.8592],[-117.342,32.8404],[-117.3303,32.8048],[-117.3209,32.6898],[-117.3092,32.6564],[-117.2769,32.6235],[-117.252,32.6149],[-117.2335,32.6167],[-117.2233,32.6212],[-117.2141,32.5948],[-117.2051,32.5295],[-116.7573,32.5655]]]},"properties":{"GEOID":"06073","NAME":"San Diego County","BASENAME":"San Diego","STATE":"06","COUNTY":"073"}},{"type":"Feature","geometry":{"type":"Polygon","coordinates":[[[-118.8817,34.8178],[-118.8833,34.8094],[-118.8767,34.8032],[-118.8721,34.8032],[-118.8541,34.8033],[-118.854,34.8178],[-117.6322,34.8223],[-117.6311,35.3617],[-117.6337,35.4345],[-117.6337,35.4514],[-117.6302,35.4514],[-117.6297,35.4662],[-117.6301,35.5643],[-117.6346,35.5643],[-117.6343,35.6516],[-117.6165,35.6516],[-117.6165,35.6807],[-117.6522,35.6808],[-117.6521,35.7099],[-117.6343,35.7098],[-117.6343,35.7977],[-117.9244,35.7984],[-117.923,35.7867],[-117.9384,35.7866],[-118.0589,35.7915],[-118.4672,35.7925],[-118.5708,35.7897],[-120.1944,35.7894],[-120.194,35.6144],[-120.0862,35.6144],[-120.0868,35.5264],[-120.0688,35.5266],[-120.069,35.5129],[-120.051,35.5131],[-120.0509,35.4982],[-120.033,35.4983],[-120.0329,35.4835],[-120.0143,35.4834],[-120.0151,35.4688],[-119.9974,35.4687],[-119.9931,35.4543],[-119.9932,35.4395],[-119.88,35.4391],[-119.8804,35.3511],[-119.8092,35.3509],[-119.8094,35.2637],[-119.6666,35.2626],[-119.6673,35.175],[-119.5538,35.1801],[-119.5618,35.0878],[-119.4904,35.0916],[-119.4905,35.0767],[-119.4726,35.0767],[-119.4725,34.9014],[-119.3837,34.9008],[-119.3819,34.874],[-119.2764,34.8725],[-119.2772,34.8573],[-119.2426,34.8576],[-119.2425,34.8143],[-118.9779,34.8117],[-118.978,34.7898],[-118.8804,34.7887],[-118.8946,34.818],[-118.8817,34.8178]]]},"properties":{"GEOID":"06029","NAME":"Kern County","BASENAME":"Kern","STATE":"06","COUNTY":"029"}},{"type":"Feature","geometry":{"type":"Polygon","coordinates":[[[-120.0064,39.2808],[-120.0063,39.3165],[-120.6458,39.3152],[-120.6561,39.3082],[-120.6714,39.3104],[-120.6915,39.3041],[-120.7026,39.2997],[-120.7107,39.2923],[-120.7279,39.2881],[-120.7473,39.2749],[-120.7564,39.2644],[-120.7641,39.2631],[-120.7687,39.2563],[-120.7847,39.2486],[-120.804,39.2333],[-120.8166,39.23],[-120.8286,39.2235],[-120.8279,39.2211],[-120.8517,39.212],[-120.8581,39.2061],[-120.8578,39.1974],[-120.8669,39.1896],[-120.8652,39.1878],[-120.8695,39.1848],[-120.8688,39.1807],[-120.9047,39.173],[-120.909,39.1702],[-120.906,39.1661],[-120.9085,39.1638],[-120.9245,39.1608],[-120.9234,39.1572],[-120.9316,39.1559],[-120.9299,39.154],[-120.9369,39.1514],[-120.9405,39.1453],[-120.9475,39.1434],[-120.9501,39.1364],[-120.9658,39.1282],[-120.9793,39.1104],[-120.9891,39.1115],[-120.9863,39.1027],[-120.9885,39.0856],[-120.9961,39.0804],[-120.9918,39.0758],[-120.9985,39.0721],[-120.9969,39.0682],[-121.0027,39.0675],[-121.0082,39.0522],[-121.013,39.0524],[-121.0128,39.0483],[-121.0202,39.0461],[-121.0217,39.0392],[-121.0304,39.0372],[-121.0311,39.0279],[-121.0416,39.0138],[-121.0614,39.0102],[-121.0686,39.0052],[-121.0803,39.0069],[-121.0895,39.0144],[-121.1042,39.0119],[-121.1077,39.0176],[-121.1151,39.0186],[-121.1232,39.0244],[-121.1268,39.03],[-121.1251,39.0325],[-121.138,39.0379],[-121.1501,39.0322],[-121.1525,39.0268],[-121.1726,39.0185],[-121.1794,39.02],[-121.1874,39.0125],[-121.1989,39.0175],[-121.2047,39.0156],[-121.2059,39.0119],[-121.221,39.0118],[-121.2329,39.0247],[-121.241,39.0214],[-121.2497,39.0289],[-121.257,39.028],[-121.2902,39.0369],[-121.2933,39.044],[-121.3023,39.0478],[-121.306,39.0529],[-121.3196,39.0487],[-121.323,39.043],[-121.3291,39.0439],[-121.3539,39.0313],[-121.3656,39.0317],[-121.3771,39.021],[-121.3851,39.0177],[-121.3845,39.0145],[-121.3969,39.0095],[-121.3977,39.0059],[-121.4079,38.999],[-121.4148,38.9984],[-121.4144,38.9262],[-121.4694,38.926],[-121.4698,38.7516],[-121.4844,38.7514],[-121.4844,38.7346],[-121.1345,38.712],[-121.1333,38.7315],[-121.1283,38.7336],[-121.1177,38.7564],[-121.1186,38.7689],[-121.1017,38.788],[-121.1023,38.7959],[-121.0978,38.8073],[-121.1018,38.8152],[-121.085,38.816],[-121.0827,38.8224],[-121.0887,38.8271],[-121.0873,38.8333],[-121.0736,38.8426],[-121.0584,38.8471],[-121.0618,38.8599],[-121.0533,38.8683],[-121.062,38.8821],[-121.0443,38.8903],[-121.0535,38.8988],[-121.044,38.907],[-121.0404,38.9157],[-121.0338,38.9128],[-121.0198,38.9181],[-121.012,38.9167],[-121.0051,38.9202],[-121.0002,38.9179],[-120.9912,38.9236],[-120.992,38.9272],[-120.9651,38.9328],[-120.9578,38.9391],[-120.9386,38.9356],[-120.9381,38.9551],[-120.9406,38.961],[-120.9362,38.9639],[-120.902,38.9531],[-120.8879,38.9597],[-120.8599,38.9517],[-120.8521,38.9595],[-120.8555,38.9677],[-120.8499,38.9765],[-120.8342,38.9719],[-120.8284,38.9898],[-120.8155,38.9948],[-120.8094,39.0008],[-120.8019,39.0011],[-120.7975,38.9961],[-120.768,39.0094],[-120.7636,39.0093],[-120.7671,39.005],[-120.7627,39.0018],[-120.7601,39.0033],[-120.7635,39.0064],[-120.7528,39.0053],[-120.7464,39.0104],[-120.7479,39.003],[-120.7441,39.0049],[-120.736,39.0006],[-120.7296,39.004],[-120.7232,38.9993],[-120.7222,38.9932],[-120.7163,38.9867],[-120.7049,38.9813],[-120.6856,38.9896],[-120.6809,38.9779],[-120.6837,38.9675],[-120.674,38.9624],[-120.6727,38.9586],[-120.6557,38.9535],[-120.6544,38.9484],[-120.6425,38.9444],[-120.6357,38.9434],[-120.6295,38.9464],[-120.6113,38.9426],[-120.6057,38.9344],[-120.5944,38.9361],[-120.5935,38.9321],[-120.5873,38.9314],[-120.5868,38.9236],[-120.5789,38.9166],[-120.5643,38.9136],[-120.5563,38.9152],[-120.5521,38.9206],[-120.5461,38.9207],[-120.5449,38.927],[-120.5351,38.9259],[-120.5273,38.9316],[-120.5121,38.9313],[-120.5048,38.9352],[-120.5026,38.9411],[-120.4927,38.9434],[-120.4927,38.9491],[-120.4875,38.9525],[-120.486,38.959],[-120.4708,38.9656],[-120.4601,38.9845],[-120.4515,38.9879],[-120.4537,38.9955],[-120.4457,39.0089],[-120.4452,39.0176],[-120.4352,39.0284],[-120.3281,39.0224],[-120.2404,39.0237],[-120.2402,39.0309],[-120.1841,39.031],[-120.1836,39.0384],[-120.165,39.0385],[-120.165,39.0458],[-120.153,39.0458],[-120.153,39.0603],[-120.1436,39.0602],[-120.1437,39.0673],[-120.0025,39.0675],[-120.0064,39.2808]]]},"properties":{"GEOID":"06061","NAME":"Placer County","BASENAME":"Placer","STATE":"06","COUNTY":"061"}},{"type":"Feature","geometry":{"type":"Polygon","coordinates":[[[-120.1844,39.031],[-120.2402,39.0309],[-120.2404,39.0237],[-120.3281,39.0224],[-120.4352,39.0284],[-120.4452,39.0176],[-120.4457,39.0089],[-120.4537,38.9955],[-120.4515,38.9879],[-120.4601,38.9845],[-120.4708,38.9656],[-120.486,38.959],[-120.4875,38.9525],[-120.4927,38.9491],[-120.4927,38.9434],[-120.5026,38.9411],[-120.5048,38.9352],[-120.5121,38.9313],[-120.5273,38.9316],[-120.5351,38.9259],[-120.5449,38.927],[-120.5461,38.9207],[-120.5521,38.9206],[-120.5563,38.9152],[-120.5643,38.9136],[-120.5789,38.9166],[-120.5868,38.9236],[-120.5851,38.9277],[-120.5875,38.9316],[-120.5927,38.9318],[-120.5944,38.9361],[-120.5981,38.9368],[-120.6058,38.9345],[-120.6122,38.943],[-120.6301,38.9465],[-120.6363,38.9433],[-120.6542,38.9482],[-120.6557,38.9535],[-120.6727,38.9586],[-120.674,38.9624],[-120.6837,38.9675],[-120.6809,38.9779],[-120.6852,38.9836],[-120.6846,38.9892],[-120.7049,38.9813],[-120.7163,38.9867],[-120.7222,38.9932],[-120.7232,38.9993],[-120.7296,39.004],[-120.736,39.0006],[-120.7441,39.0049],[-120.7479,39.003],[-120.7464,39.0104],[-120.7528,39.0053],[-120.7635,39.0064],[-120.7601,39.0033],[-120.7627,39.0018],[-120.7671,39.005],[-120.7636,39.0093],[-120.768,39.0094],[-120.7975,38.9961],[-120.8019,39.0011],[-120.8128,38.9999],[-120.8155,38.9948],[-120.8284,38.9898],[-120.8342,38.9719],[-120.8499,38.9765],[-120.8555,38.9677],[-120.8521,38.9595],[-120.8599,38.9517],[-120.8879,38.9597],[-120.902,38.9531],[-120.9373,38.9637],[-120.9406,38.961],[-120.9381,38.9551],[-120.9386,38.9356],[-120.9578,38.9391],[-120.9651,38.9328],[-120.992,38.9272],[-120.9912,38.9236],[-121.0002,38.9179],[-121.0051,38.9202],[-121.012,38.9167],[-121.0198,38.9181],[-121.0338,38.9128],[-121.041,38.915],[-121.044,38.907],[-121.0535,38.8988],[-121.0443,38.8903],[-121.062,38.8821],[-121.0533,38.8683],[-121.0618,38.8599],[-121.058,38.8478],[-121.0736,38.8426],[-121.0873,38.8333],[-121.0887,38.8271],[-121.0827,38.8224],[-121.085,38.816],[-121.1018,38.8152],[-121.0978,38.8073],[-121.1023,38.7959],[-121.1017,38.788],[-121.1186,38.7689],[-121.1177,38.7564],[-121.1283,38.7336],[-121.1333,38.7315],[-121.1345,38.712],[-121.1416,38.7119],[-121.1332,38.7054],[-121.124,38.7105],[-121.119,38.7179],[-121.0854,38.6478],[-121.0274,38.5083],[-121.0114,38.5125],[-121.0074,38.5192],[-121.0013,38.5188],[-120.9948,38.5136],[-120.9871,38.5165],[-120.9747,38.5159],[-120.9699,38.521],[-120.9467,38.5232],[-120.9413,38.5286],[-120.9382,38.5271],[-120.9364,38.5194],[-120.927,38.515],[-120.9224,38.5193],[-120.9108,38.5206],[-120.9024,38.5312],[-120.8863,38.5247],[-120.8807,38.5295],[-120.8837,38.5365],[-120.8763,38.5433],[-120.871,38.5363],[-120.8635,38.5353],[-120.8624,38.5433],[-120.8566,38.5427],[-120.8561,38.5486],[-120.8472,38.5538],[-120.8409,38.556],[-120.8359,38.5515],[-120.8327,38.556],[-120.8254,38.5559],[-120.8233,38.5597],[-120.8166,38.5582],[-120.8136,38.5622],[-120.81,38.5615],[-120.8126,38.5596],[-120.8105,38.5577],[-120.8046,38.5598],[-120.8006,38.556],[-120.7941,38.5575],[-120.7842,38.5509],[-120.7791,38.5544],[-120.7689,38.5526],[-120.76,38.5549],[-120.7548,38.5512],[-120.747,38.553],[-120.7473,38.5484],[-120.7365,38.5456],[-120.7225,38.5472],[-120.7069,38.5352],[-120.6831,38.5264],[-120.6772,38.5178],[-120.6592,38.5156],[-120.6284,38.5032],[-120.6062,38.5023],[-120.5797,38.5034],[-120.5538,38.5119],[-120.5372,38.5096],[-120.5055,38.5123],[-120.4858,38.5213],[-120.4592,38.5239],[-120.45,38.5285],[-120.4332,38.5268],[-120.4131,38.5311],[-120.3962,38.5391],[-120.3837,38.5387],[-120.3775,38.5446],[-120.3639,38.5444],[-120.3555,38.548],[-120.3188,38.5449],[-120.3017,38.5491],[-120.2976,38.5568],[-120.2745,38.5595],[-120.2666,38.5677],[-120.2619,38.5792],[-120.2338,38.5883],[-120.2326,38.6],[-120.2237,38.6043],[-120.2271,38.6106],[-120.2207,38.6214],[-120.2146,38.6236],[-120.2143,38.6291],[-120.2018,38.6247],[-120.1913,38.6312],[-120.1581,38.6332],[-120.1524,38.6379],[-120.1401,38.6384],[-120.1314,38.6498],[-120.1351,38.6545],[-120.1322,38.6603],[-120.1231,38.6667],[-120.1167,38.6798],[-120.1234,38.6869],[-120.1225,38.6954],[-120.112,38.705],[-120.0984,38.704],[-120.0983,38.709],[-120.0776,38.7089],[-120.0777,38.7021],[-120.0825,38.7006],[-120.0724,38.7028],[-119.9649,38.776],[-119.9479,38.7816],[-119.9398,38.7936],[-119.944,38.7968],[-119.9425,38.8026],[-119.9213,38.8217],[-119.9227,38.83],[-119.9085,38.8343],[-119.9063,38.8555],[-119.8919,38.8573],[-119.8803,38.8648],[-119.8773,38.8702],[-119.879,38.8752],[-119.8888,38.8791],[-119.8828,38.881],[-119.8795,38.887],[-119.8845,38.8942],[-119.8799,38.8994],[-119.8876,38.9183],[-119.8966,38.921],[-119.9054,38.9283],[-119.9043,38.9333],[-120.001,38.9996],[-120.0025,39.0675],[-120.1437,39.0673],[-120.1436,39.0602],[-120.153,39.0603],[-120.153,39.0458],[-120.165,39.0458],[-120.165,39.0385],[-120.1836,39.0384],[-120.1844,39.031]]]},"properties":{"GEOID":"06017","NAME":"El Dorado County","BASENAME":"El Dorado","STATE":"06","COUNTY":"017"}},{"type":"Feature","geometry":{"type":"Polygon","coordinates":[[[-121.644,36.894],[-121.6426,36.8737],[-121.6221,36.8462],[-121.5977,36.8373],[-121.504,36.7572],[-121.5024,36.7602],[-121.4815,36.7654],[-121.4744,36.7567],[-121.4757,36.7492],[-121.4624,36.7439],[-121.4574,36.7368],[-121.4592,36.7343],[-121.4526,36.7292],[-121.4531,36.7212],[-121.4834,36.7155],[-121.4845,36.7131],[-121.4817,36.7046],[-121.4775,36.703],[-121.4692,36.6905],[-121.469,36.6854],[-121.459,36.6857],[-121.4443,36.6731],[-121.4316,36.6787],[-121.4155,36.6731],[-121.407,36.656],[-121.3783,36.6529],[-121.3662,36.6566],[-121.3501,36.6484],[-121.3495,36.6433],[-121.3416,36.6383],[-121.3421,36.6314],[-121.3184,36.61],[-121.3187,36.6049],[-121.3238,36.6024],[-121.3242,36.5884],[-121.3274,36.5859],[-121.3235,36.5776],[-121.3339,36.5744],[-121.3291,36.5554],[-121.3079,36.5456],[-121.2954,36.5271],[-121.3072,36.5168],[-121.3112,36.5019],[-121.3082,36.4994],[-121.3015,36.5055],[-121.2941,36.5062],[-121.269,36.502],[-121.2472,36.5069],[-121.2393,36.5048],[-121.2281,36.4846],[-121.2295,36.4753],[-121.2255,36.472],[-121.2151,36.4732],[-121.2098,36.4648],[-121.1977,36.4551],[-121.1935,36.4458],[-121.0408,36.324],[-121.0403,36.2711],[-121.0363,36.2755],[-121.0274,36.2753],[-121.0272,36.2599],[-121.0188,36.2597],[-121.0144,36.2687],[-121.0118,36.2645],[-121.0105,36.2688],[-121.0047,36.267],[-121.0002,36.2708],[-120.9924,36.2699],[-120.9871,36.2757],[-120.9858,36.2929],[-120.9738,36.2903],[-120.9644,36.2805],[-120.9593,36.2808],[-120.9534,36.2747],[-120.9401,36.2823],[-120.9412,36.2866],[-120.9346,36.2893],[-120.9365,36.294],[-120.9331,36.2998],[-120.926,36.3015],[-120.9256,36.3081],[-120.9191,36.3109],[-120.899,36.3008],[-120.8895,36.2903],[-120.8741,36.2952],[-120.8599,36.2905],[-120.8565,36.2847],[-120.8514,36.2859],[-120.8509,36.2826],[-120.845,36.2809],[-120.8369,36.2721],[-120.8394,36.2708],[-120.8368,36.2624],[-120.8256,36.2578],[-120.826,36.2545],[-120.8235,36.2572],[-120.8136,36.2502],[-120.8108,36.2517],[-120.8122,36.2452],[-120.8007,36.2403],[-120.8021,36.2378],[-120.7991,36.2355],[-120.7893,36.235],[-120.789,36.2305],[-120.7832,36.2292],[-120.7813,36.2224],[-120.7723,36.2202],[-120.7653,36.2135],[-120.767,36.2101],[-120.7613,36.2034],[-120.7444,36.1988],[-120.7318,36.204],[-120.7182,36.1968],[-120.7061,36.2037],[-120.7074,36.2318],[-120.7177,36.26],[-120.7321,36.2755],[-120.7338,36.2842],[-120.7431,36.2981],[-120.7583,36.3086],[-120.7467,36.3102],[-120.7226,36.2927],[-120.7169,36.2924],[-120.7077,36.2858],[-120.702,36.2862],[-120.6885,36.2722],[-120.6824,36.272],[-120.6786,36.2673],[-120.6726,36.2805],[-120.6829,36.2868],[-120.6804,36.2907],[-120.6828,36.2943],[-120.6631,36.3144],[-120.6443,36.319],[-120.6305,36.3169],[-120.6179,36.3188],[-120.6127,36.3209],[-120.6125,36.3244],[-120.6049,36.3241],[-120.5966,36.3285],[-120.5972,36.4882],[-120.6037,36.4882],[-120.9337,36.7519],[-121.1415,36.8367],[-121.143,36.8463],[-121.1519,36.8589],[-121.1526,36.8654],[-121.1636,36.8692],[-121.1691,36.885],[-121.1741,36.8857],[-121.1843,36.8964],[-121.1843,36.909],[-121.1888,36.9132],[-121.1983,36.9143],[-121.2072,36.9115],[-121.2171,36.9135],[-121.2217,36.9104],[-121.2242,36.9199],[-121.2343,36.9261],[-121.2292,36.941],[-121.2185,36.9479],[-121.2118,36.9571],[-121.2145,36.9612],[-121.4182,36.9605],[-121.4377,36.9785],[-121.4473,36.983],[-121.4506,36.9889],[-121.4637,36.9849],[-121.4659,36.9821],[-121.4636,36.9783],[-121.4679,36.9768],[-121.4889,36.9831],[-121.5124,36.9588],[-121.5102,36.9541],[-121.5138,36.9452],[-121.5392,36.9273],[-121.5403,36.9205],[-121.5586,36.9103],[-121.5603,36.8971],[-121.5714,36.8971],[-121.5756,36.893],[-121.586,36.901],[-121.6074,36.8995],[-121.6284,36.9118],[-121.644,36.894]]]},"properties":{"GEOID":"06069","NAME":"San Benito County","BASENAME":"San Benito","STATE":"06","COUNTY":"069"}},{"type":"Feature","geometry":{"type":"Polygon","coordinates":[[[-121.9151,38.9253],[-121.8355,38.9245],[-121.8379,38.927],[-121.8302,38.9388],[-121.8366,38.9438],[-121.8406,38.9548],[-121.832,38.9605],[-121.8343,38.9687],[-121.8214,38.9747],[-121.8191,38.9886],[-121.8021,38.9898],[-121.7953,38.9961],[-121.8062,39.0037],[-121.8192,39.0061],[-121.8265,39.0112],[-121.821,39.0203],[-121.8229,39.0294],[-121.8307,39.0327],[-121.8296,39.038],[-121.8396,39.0469],[-121.8385,39.0641],[-121.8494,39.0714],[-121.8698,39.0669],[-121.8891,39.0724],[-121.8946,39.079],[-121.8897,39.0812],[-121.8952,39.0868],[-121.8944,39.0961],[-121.9058,39.1031],[-121.9035,39.1081],[-121.9055,39.1148],[-121.9131,39.1143],[-121.9111,39.1231],[-121.9214,39.1222],[-121.925,39.1282],[-121.9339,39.13],[-121.939,39.1354],[-121.9378,39.144],[-121.9205,39.1413],[-121.9172,39.1473],[-121.9201,39.153],[-121.9342,39.161],[-121.9394,39.1742],[-121.9455,39.1798],[-121.9414,39.1865],[-121.9345,39.1899],[-121.9365,39.1947],[-121.9283,39.1987],[-121.9379,39.2182],[-121.9361,39.221],[-121.9414,39.2217],[-121.94,39.2287],[-121.9483,39.2408],[-121.9468,39.2498],[-121.9369,39.2679],[-121.929,39.2711],[-121.921,39.2811],[-121.9221,39.2883],[-121.9164,39.2924],[-121.9169,39.2957],[-121.9077,39.3023],[-121.9046,39.3259],[-121.8944,39.3411],[-121.8975,39.3443],[-121.8991,39.3573],[-121.8935,39.3585],[-121.8917,39.3661],[-121.8839,39.3739],[-121.89,39.3839],[-122.0102,39.3839],[-122.0037,39.3978],[-122.0089,39.4136],[-122.1256,39.4146],[-122.1362,39.4145],[-122.136,39.3855],[-122.7851,39.383],[-122.7743,39.3747],[-122.7687,39.3737],[-122.7599,39.3781],[-122.7422,39.3653],[-122.7424,39.3575],[-122.7524,39.346],[-122.7653,39.3427],[-122.7683,39.3255],[-122.7725,39.324],[-122.7755,39.3152],[-122.7582,39.2939],[-122.7581,39.2854],[-122.7367,39.2726],[-122.7286,39.2733],[-122.7125,39.257],[-122.6914,39.2474],[-122.6761,39.2308],[-122.6797,39.2245],[-122.6735,39.2257],[-122.6654,39.2175],[-122.6501,39.2139],[-122.6349,39.2232],[-122.6225,39.2232],[-122.6103,39.2162],[-122.582,39.212],[-122.5702,39.2039],[-122.5414,39.2069],[-122.535,39.2116],[-122.5153,39.2092],[-122.5145,39.1972],[-122.5084,39.1903],[-122.4985,39.1911],[-122.4918,39.1753],[-122.4773,39.1739],[-122.4754,39.1701],[-122.4826,39.1629],[-122.4782,39.1548],[-122.481,39.1528],[-122.4745,39.1447],[-122.481,39.1383],[-122.4866,39.1417],[-122.4968,39.1405],[-122.4948,39.1359],[-122.5009,39.1211],[-122.4942,39.1151],[-122.4965,39.1078],[-122.4889,39.0983],[-122.486,39.0856],[-122.4905,39.0743],[-122.4887,39.0692],[-122.4839,39.067],[-122.4908,39.0648],[-122.492,39.0535],[-122.4658,39.0484],[-122.467,39.0426],[-122.457,39.0384],[-122.4373,39.0214],[-122.4115,39.0191],[-122.4086,39.007],[-122.4193,38.9893],[-122.4167,38.978],[-122.407,38.9714],[-122.4095,38.9639],[-122.4019,38.9558],[-122.394,38.9556],[-122.3728,38.9397],[-122.338,38.9239],[-121.9151,38.9253]]]},"properties":{"GEOID":"06011","NAME":"Colusa County","BASENAME":"Colusa","STATE":"06","COUNTY":"011"}},{"type":"Feature","geometry":{"type":"Polygon","coordinates":[[[-120.0733,38.7011],[-120.0726,38.4471],[-120.0537,38.4556],[-120.0186,38.4324],[-119.8847,38.3562],[-119.8697,38.3676],[-119.8376,38.3824],[-119.8147,38.3875],[-119.8014,38.4015],[-119.7799,38.4077],[-119.7706,38.4067],[-119.7506,38.4174],[-119.7079,38.4173],[-119.6987,38.4098],[-119.6943,38.3851],[-119.6936,38.3789],[-119.7,38.3652],[-119.6392,38.3269],[-119.6319,38.3347],[-119.6321,38.3442],[-119.6279,38.3481],[-119.6356,38.3539],[-119.617,38.3646],[-119.6066,38.3672],[-119.6184,38.3818],[-119.6221,38.3939],[-119.6012,38.4054],[-119.5924,38.3989],[-119.5837,38.3969],[-119.562,38.4107],[-119.5614,38.4198],[-119.5658,38.4226],[-119.57,38.4349],[-119.5626,38.4386],[-119.5564,38.4475],[-119.559,38.4604],[-119.5562,38.4697],[-119.5461,38.4741],[-119.5425,38.4806],[-119.5454,38.49],[-119.5429,38.4997],[-119.5575,38.5021],[-119.5562,38.5166],[-119.5609,38.5255],[-119.5669,38.5253],[-119.571,38.5417],[-119.5741,38.5408],[-119.5843,38.552],[-119.5869,38.5665],[-119.5905,38.5687],[-119.5893,38.5736],[-119.596,38.5819],[-119.5955,38.5903],[-119.6089,38.5947],[-119.6191,38.6035],[-119.621,38.6135],[-119.6149,38.6382],[-119.6147,38.6659],[-119.5986,38.6709],[-119.5911,38.6831],[-119.5918,38.6901],[-119.5795,38.7067],[-119.5875,38.7147],[-119.9043,38.9333],[-119.9052,38.9281],[-119.8873,38.9179],[-119.8799,38.8994],[-119.8845,38.8942],[-119.8795,38.8865],[-119.8828,38.881],[-119.8888,38.8791],[-119.8784,38.8745],[-119.8803,38.8648],[-119.8935,38.8567],[-119.9063,38.8555],[-119.9085,38.8343],[-119.9227,38.83],[-119.9213,38.8217],[-119.9425,38.8026],[-119.944,38.7968],[-119.9398,38.7936],[-119.9479,38.7816],[-119.9649,38.776],[-120.0733,38.7011]]]},"properties":{"GEOID":"06003","NAME":"Alpine County","BASENAME":"Alpine","STATE":"06","COUNTY":"003"}},{"type":"Feature","geometry":{"type":"Polygon","coordinates":[[[-120.719,35.1098],[-120.6896,35.0988],[-120.6878,35.0775],[-120.6947,35.0288],[-120.7028,35],[-120.6491,34.9746],[-120.6341,34.9596],[-120.6163,34.9659],[-120.6131,34.9713],[-120.6022,34.9727],[-120.5955,34.9665],[-120.5855,34.9672],[-120.5752,34.9783],[-120.5549,34.9739],[-120.5386,34.9838],[-120.4962,34.9932],[-120.4402,34.9883],[-120.3359,34.9311],[-120.3244,34.9222],[-120.3183,34.907],[-120.312,34.9038],[-120.2994,34.9071],[-120.3002,34.9154],[-120.2922,34.9319],[-120.2952,34.9485],[-120.304,34.9565],[-120.3019,34.9634],[-120.3156,34.9749],[-120.316,34.984],[-120.3263,34.9857],[-120.3339,34.9956],[-120.3345,35.0063],[-120.3238,35.0173],[-120.3099,35.0092],[-120.2902,35.0154],[-120.2786,35.0116],[-120.2737,35.0208],[-120.2666,35.0213],[-120.2614,35.0266],[-120.2613,35.0214],[-120.2575,35.0176],[-120.25,35.0301],[-120.2407,35.0224],[-120.2099,35.0206],[-120.2103,35.0238],[-120.2033,35.0287],[-120.1884,35.0304],[-120.1864,35.0366],[-120.1805,35.038],[-120.1849,35.0491],[-120.1806,35.0547],[-120.1801,35.0616],[-120.1729,35.0643],[-120.1746,35.0702],[-120.1676,35.0753],[-120.1556,35.0781],[-120.1553,35.082],[-120.1494,35.0815],[-120.149,35.0845],[-120.1429,35.0822],[-120.1409,35.0868],[-120.1453,35.0882],[-120.1415,35.0911],[-120.1432,35.0957],[-120.13,35.0961],[-120.1305,35.0915],[-120.1276,35.0909],[-120.1244,35.0997],[-120.1193,35.0984],[-120.1169,35.1067],[-120.1096,35.1035],[-120.1083,35.1089],[-120.1023,35.1084],[-120.1022,35.1134],[-120.0979,35.1095],[-120.0933,35.1142],[-120.0821,35.1147],[-120.0793,35.1127],[-120.0849,35.1076],[-120.0724,35.1047],[-120.0673,35.0968],[-120.044,35.086],[-120.0396,35.0892],[-120.0328,35.0878],[-120.0293,35.0836],[-120.0241,35.084],[-120.0233,35.0803],[-120.014,35.0814],[-120.0136,35.0756],[-120.0056,35.0718],[-120.002,35.0732],[-119.9926,35.0629],[-119.9886,35.0649],[-119.9797,35.0619],[-119.9801,35.0576],[-119.9779,35.0595],[-119.9669,35.0563],[-119.965,35.0588],[-119.9607,35.0557],[-119.9488,35.0572],[-119.9427,35.0544],[-119.9399,35.058],[-119.939,35.055],[-119.9284,35.0598],[-119.9218,35.0525],[-119.9184,35.0531],[-119.9173,35.049],[-119.9094,35.046],[-119.9121,35.0447],[-119.9083,35.0436],[-119.9103,35.0396],[-119.9019,35.039],[-119.902,35.0358],[-119.8897,35.0406],[-119.8783,35.0397],[-119.8633,35.0314],[-119.8545,35.0321],[-119.848,35.0254],[-119.8442,35.0155],[-119.8308,35.0058],[-119.801,34.9989],[-119.799,34.9932],[-119.7893,34.9887],[-119.7804,34.9907],[-119.7456,34.9737],[-119.727,34.9761],[-119.7186,34.9715],[-119.7006,34.9767],[-119.6846,34.9721],[-119.6732,34.9735],[-119.6553,34.9638],[-119.6443,34.9536],[-119.6131,34.9495],[-119.5799,34.9228],[-119.5358,34.8976],[-119.4905,34.8975],[-119.4904,34.9012],[-119.4725,34.9012],[-119.4726,35.0767],[-119.4905,35.0767],[-119.4904,35.0916],[-119.5618,35.0878],[-119.5538,35.1801],[-119.6673,35.175],[-119.6666,35.2626],[-119.8094,35.2637],[-119.8092,35.3509],[-119.8804,35.3511],[-119.88,35.4391],[-119.9932,35.4395],[-119.9931,35.4543],[-119.9974,35.4687],[-120.0151,35.4688],[-120.0143,35.4834],[-120.0329,35.4835],[-120.033,35.4983],[-120.0509,35.4982],[-120.051,35.5131],[-120.069,35.5129],[-120.0688,35.5266],[-120.0868,35.5264],[-120.0862,35.6144],[-120.194,35.6144],[-120.1944,35.7894],[-121.4382,35.7967],[-121.4285,35.7859],[-121.3935,35.7634],[-121.3937,35.75],[-121.3793,35.727],[-121.379,35.706],[-121.3664,35.6804],[-121.3477,35.665],[-121.3396,35.6424],[-121.3235,35.625],[-121.286,35.6084],[-121.2466,35.6004],[-121.2201,35.5869],[-121.2016,35.5837],[-121.1778,35.5613],[-121.1511,35.5164],[-121.1283,35.4956],[-121.1182,35.4906],[-121.1001,35.4709],[-121.0691,35.4473],[-121.0416,35.42],[-121.015,35.4106],[-120.9896,35.4111],[-120.9597,35.3965],[-120.9333,35.3927],[-120.9283,35.3868],[-120.9308,35.375],[-120.9234,35.3484],[-120.9286,35.3307],[-120.9533,35.2848],[-120.9613,35.25],[-120.949,35.221],[-120.9373,35.208],[-120.9302,35.2046],[-120.9178,35.1874],[-120.876,35.1597],[-120.8569,35.1428],[-120.8394,35.1347],[-120.822,35.1314],[-120.8004,35.1166],[-120.7727,35.1105],[-120.7385,35.1096],[-120.7255,35.1136],[-120.719,35.1098]]]},"properties":{"GEOID":"06079","NAME":"San Luis Obispo County","BASENAME":"San Luis Obispo","STATE":"06","COUNTY":"079"}},{"type":"Feature","geometry":{"type":"Polygon","coordinates":[[[-122.2026,37.3632],[-122.1952,37.347],[-122.1751,37.3257],[-122.183,37.3273],[-122.1931,37.3183],[-122.1866,37.3155],[-122.1838,37.31],[-122.1712,37.3121],[-122.1621,37.3042],[-122.1668,37.2952],[-122.1534,37.2897],[-122.1487,37.281],[-122.1505,37.2759],[-122.1317,37.2609],[-122.1216,37.2586],[-122.1056,37.2407],[-122.1042,37.2343],[-122.0934,37.2292],[-122.0898,37.2233],[-122.0788,37.223],[-122.0659,37.2104],[-122.0551,37.2125],[-122.0408,37.1952],[-122.0307,37.19],[-122.0319,37.1823],[-122.0256,37.1738],[-122.0262,37.1669],[-122.0159,37.1657],[-122.0025,37.1583],[-121.9911,37.1443],[-121.9727,37.1417],[-121.9574,37.1306],[-121.932,37.122],[-121.929,37.1234],[-121.9107,37.1133],[-121.8948,37.1098],[-121.8909,37.1053],[-121.8848,37.1078],[-121.8701,37.1022],[-121.86,37.1042],[-121.8619,37.0993],[-121.8491,37.099],[-121.8182,37.0837],[-121.8172,37.0779],[-121.8091,37.0693],[-121.786,37.062],[-121.7753,37.053],[-121.7634,37.052],[-121.7649,37.0495],[-121.762,37.0478],[-121.7555,37.049],[-121.7398,37.0277],[-121.7261,37.0213],[-121.7313,37.0224],[-121.7362,37.0153],[-121.7188,37.0076],[-121.7296,36.9979],[-121.7298,36.9936],[-121.7387,36.99],[-121.7179,36.9956],[-121.7109,36.9931],[-121.7107,36.9897],[-121.7055,36.9894],[-121.7052,36.9862],[-121.6954,36.9851],[-121.6978,36.9721],[-121.6902,36.9674],[-121.6783,36.9679],[-121.6648,36.9637],[-121.6633,36.9519],[-121.654,36.9506],[-121.6531,36.9418],[-121.6458,36.9323],[-121.641,36.9322],[-121.6423,36.9364],[-121.6371,36.9391],[-121.624,36.9385],[-121.6248,36.9405],[-121.6072,36.9261],[-121.5904,36.9262],[-121.5902,36.9193],[-121.5812,36.9193],[-121.5814,36.8992],[-121.5757,36.893],[-121.5714,36.8971],[-121.5603,36.8971],[-121.5585,36.9105],[-121.5403,36.9205],[-121.5392,36.9273],[-121.5138,36.9452],[-121.5102,36.9541],[-121.5124,36.9588],[-121.4889,36.9831],[-121.4679,36.9768],[-121.4636,36.9783],[-121.4659,36.9821],[-121.4637,36.9849],[-121.4506,36.9889],[-121.4473,36.983],[-121.4377,36.9785],[-121.4182,36.9605],[-121.2154,36.9612],[-121.2321,36.9689],[-121.2466,36.9852],[-121.2415,36.9974],[-121.2331,36.9993],[-121.2382,37.0093],[-121.2333,37.0117],[-121.246,37.0256],[-121.2486,37.0337],[-121.2406,37.0318],[-121.2361,37.0369],[-121.2245,37.0397],[-121.2245,37.0562],[-121.2126,37.0551],[-121.2082,37.0613],[-121.2096,37.0682],[-121.2224,37.0734],[-121.2246,37.0789],[-121.2355,37.0862],[-121.242,37.0851],[-121.2455,37.0891],[-121.2426,37.0931],[-121.2304,37.0969],[-121.2305,37.1048],[-121.2255,37.1068],[-121.2238,37.1151],[-121.2173,37.123],[-121.2323,37.1399],[-121.2366,37.1567],[-121.2621,37.1593],[-121.2811,37.1836],[-121.2986,37.166],[-121.3129,37.1701],[-121.3284,37.1659],[-121.3475,37.1804],[-121.3596,37.1845],[-121.3843,37.1662],[-121.3816,37.1571],[-121.3836,37.1515],[-121.393,37.1482],[-121.399,37.1501],[-121.4065,37.1588],[-121.4077,37.169],[-121.4134,37.1723],[-121.4088,37.1825],[-121.4218,37.2213],[-121.4417,37.2311],[-121.4557,37.2494],[-121.4573,37.2609],[-121.454,37.2772],[-121.4581,37.2841],[-121.454,37.2841],[-121.4487,37.2903],[-121.4496,37.2939],[-121.4436,37.2966],[-121.4368,37.292],[-121.4235,37.2953],[-121.4184,37.3033],[-121.4058,37.311],[-121.4119,37.3244],[-121.4091,37.3306],[-121.4207,37.3447],[-121.4194,37.352],[-121.4237,37.3588],[-121.4158,37.3759],[-121.4091,37.3807],[-121.4125,37.3894],[-121.4241,37.3936],[-121.4361,37.3961],[-121.4482,37.3917],[-121.4567,37.3955],[-121.4564,37.4067],[-121.4726,37.4233],[-121.4689,37.425],[-121.4703,37.4301],[-121.4619,37.4388],[-121.4629,37.4515],[-121.4843,37.466],[-121.4868,37.4757],[-121.4745,37.4793],[-121.473,37.4823],[-121.8653,37.4846],[-121.8812,37.4711],[-121.9113,37.4622],[-121.925,37.4542],[-121.9284,37.4574],[-121.9326,37.4551],[-121.9312,37.4606],[-121.9392,37.4625],[-121.9449,37.4692],[-121.9496,37.4614],[-121.9593,37.4635],[-121.98,37.4609],[-121.9967,37.4672],[-122.0362,37.465],[-122.0512,37.459],[-122.0815,37.4778],[-122.0968,37.4619],[-122.0964,37.4661],[-122.1133,37.4675],[-122.1239,37.4611],[-122.1221,37.4536],[-122.1284,37.4519],[-122.1428,37.4581],[-122.1525,37.4577],[-122.1558,37.4541],[-122.1652,37.453],[-122.1757,37.4419],[-122.1823,37.4394],[-122.1844,37.4342],[-122.1905,37.4313],[-122.1913,37.4252],[-122.1879,37.4202],[-122.1903,37.4185],[-122.1872,37.4163],[-122.1923,37.4139],[-122.1945,37.4079],[-122.19,37.3949],[-122.1905,37.3853],[-122.2007,37.372],[-122.2026,37.3632]]]},"properties":{"GEOID":"06085","NAME":"Santa Clara County","BASENAME":"Santa Clara","STATE":"06","COUNTY":"085"}},{"type":"Feature","geometry":{"type":"Polygon","coordinates":[[[-120.6318,38.346],[-120.6318,38.3399],[-120.6385,38.3408],[-120.6565,38.3309],[-120.6749,38.3307],[-120.6882,38.3189],[-120.7383,38.3078],[-120.7503,38.2978],[-120.7549,38.2883],[-120.7673,38.2903],[-120.7985,38.2856],[-120.8077,38.2887],[-120.8105,38.2816],[-120.8177,38.2835],[-120.822,38.2755],[-120.8468,38.2643],[-120.8557,38.2483],[-120.87,38.2444],[-120.8754,38.2398],[-120.8801,38.2406],[-120.881,38.2332],[-120.8933,38.2214],[-120.9025,38.2223],[-120.9149,38.23],[-120.9255,38.2276],[-120.9355,38.2209],[-120.9534,38.2263],[-120.9721,38.218],[-120.9955,38.2254],[-120.9388,38.0883],[-120.876,38.0289],[-120.7613,37.9311],[-120.7287,37.8977],[-120.6533,37.8319],[-120.6379,37.8478],[-120.6338,37.8606],[-120.6047,37.8732],[-120.6053,37.876],[-120.5964,37.8829],[-120.5967,37.8881],[-120.5875,37.8952],[-120.5713,37.8944],[-120.5641,37.9036],[-120.5622,37.9141],[-120.5511,37.9217],[-120.5424,37.9204],[-120.5373,37.9275],[-120.54,37.9358],[-120.5352,37.9444],[-120.5167,37.952],[-120.5134,37.9564],[-120.5167,37.9645],[-120.527,37.97],[-120.5283,37.9759],[-120.5431,37.9752],[-120.5401,37.9791],[-120.5276,37.9829],[-120.5348,37.9912],[-120.5217,37.9952],[-120.5154,38.0043],[-120.5093,37.9999],[-120.5135,37.9956],[-120.5045,37.9911],[-120.4994,37.9962],[-120.5003,38.0072],[-120.4928,38.0111],[-120.4637,38.0104],[-120.4695,38.0186],[-120.4621,38.0224],[-120.4539,38.0413],[-120.4434,38.0517],[-120.4425,38.0587],[-120.4312,38.0605],[-120.4308,38.0734],[-120.4247,38.0729],[-120.4215,38.0787],[-120.4146,38.0819],[-120.4106,38.0879],[-120.4096,38.103],[-120.3872,38.116],[-120.3836,38.1265],[-120.3782,38.1308],[-120.3787,38.1348],[-120.3714,38.1379],[-120.3762,38.1426],[-120.3715,38.1499],[-120.3575,38.1539],[-120.3595,38.1613],[-120.3536,38.1638],[-120.3499,38.1702],[-120.3405,38.1719],[-120.3405,38.1776],[-120.3372,38.1781],[-120.3395,38.1839],[-120.3355,38.185],[-120.3303,38.1952],[-120.3219,38.2013],[-120.3073,38.2247],[-120.2912,38.234],[-120.2898,38.2459],[-120.2724,38.2598],[-120.274,38.2644],[-120.2708,38.2707],[-120.262,38.2764],[-120.2561,38.2861],[-120.2367,38.2987],[-120.2285,38.3147],[-120.2052,38.3296],[-120.1765,38.3738],[-120.1349,38.3965],[-120.0879,38.4034],[-120.0736,38.4136],[-120.049,38.4194],[-120.0406,38.4259],[-120.0299,38.4247],[-120.02,38.4335],[-120.0537,38.4556],[-120.0726,38.4471],[-120.0725,38.5099],[-120.1034,38.5054],[-120.1115,38.4985],[-120.1234,38.496],[-120.1394,38.4983],[-120.1643,38.4942],[-120.2094,38.5008],[-120.2409,38.4854],[-120.2599,38.4867],[-120.2691,38.4778],[-120.2833,38.4754],[-120.2948,38.4772],[-120.331,38.4652],[-120.3649,38.4666],[-120.3807,38.461],[-120.3881,38.4667],[-120.4124,38.4687],[-120.4147,38.4731],[-120.4232,38.4733],[-120.4428,38.4625],[-120.4485,38.4525],[-120.4614,38.4462],[-120.4677,38.4488],[-120.486,38.4456],[-120.4954,38.4496],[-120.4998,38.4476],[-120.4981,38.4444],[-120.5051,38.4442],[-120.5049,38.4391],[-120.5301,38.4189],[-120.5376,38.4185],[-120.5408,38.4231],[-120.56,38.4151],[-120.5716,38.4139],[-120.5706,38.4074],[-120.5743,38.4018],[-120.6081,38.398],[-120.6105,38.3916],[-120.6151,38.3891],[-120.6141,38.3825],[-120.6171,38.3782],[-120.6101,38.3707],[-120.6183,38.3669],[-120.6188,38.3587],[-120.6279,38.3558],[-120.6318,38.346]]]},"properties":{"GEOID":"06009","NAME":"Calaveras County","BASENAME":"Calaveras","STATE":"06","COUNTY":"009"}},{"type":"Feature","geometry":{"type":"Polygon","coordinates":[[[-122.1992,40.3779],[-122.2272,40.3893],[-122.2355,40.3854],[-122.2518,40.3872],[-122.257,40.3794],[-122.2809,40.3758],[-122.2941,40.3805],[-122.3104,40.3711],[-122.321,40.3749],[-122.3369,40.3742],[-122.3422,40.3709],[-122.3638,40.3742],[-122.3958,40.3721],[-122.4126,40.3745],[-122.4179,40.3797],[-122.444,40.3733],[-122.4529,40.3785],[-122.4629,40.3756],[-122.4705,40.3839],[-122.4783,40.3845],[-122.4827,40.3805],[-122.4898,40.3836],[-122.5001,40.3825],[-122.505,40.3894],[-122.5138,40.3884],[-122.5246,40.3945],[-122.522,40.3878],[-122.5309,40.3842],[-122.5322,40.3798],[-122.5409,40.3824],[-122.5417,40.3765],[-122.5506,40.3784],[-122.5507,40.3749],[-122.564,40.3656],[-122.5813,40.3673],[-122.5858,40.3593],[-122.5969,40.3572],[-122.6102,40.3464],[-122.6252,40.3475],[-122.6219,40.3404],[-122.6321,40.3387],[-122.6344,40.3338],[-122.6459,40.3332],[-122.6506,40.3284],[-122.6634,40.3322],[-122.6737,40.3304],[-122.6773,40.3363],[-122.6872,40.3369],[-122.7096,40.3482],[-122.7317,40.347],[-122.7302,40.3583],[-122.7394,40.3647],[-122.7488,40.3657],[-122.7525,40.3605],[-122.7587,40.3633],[-122.7881,40.3553],[-122.8059,40.3559],[-122.8128,40.3513],[-122.8353,40.3487],[-122.8538,40.3428],[-122.8727,40.3489],[-122.8781,40.3467],[-122.8802,40.342],[-122.884,40.3422],[-122.883,40.3397],[-122.9026,40.3217],[-122.9036,40.3162],[-122.9071,40.3178],[-122.9095,40.3127],[-122.919,40.3066],[-122.9296,40.3075],[-122.9344,40.3132],[-122.9498,40.308],[-122.9515,40.3102],[-122.9704,40.3104],[-122.9769,40.3151],[-122.9986,40.3075],[-123.0117,40.3066],[-123.0138,40.3031],[-123.0252,40.3037],[-123.0413,40.291],[-123.0473,40.2917],[-123.0567,40.2854],[-123.0654,40.287],[-123.0612,40.2778],[-123.0508,40.2676],[-123.0366,40.2613],[-123.0315,40.2648],[-123.0186,40.2628],[-123.0032,40.2531],[-122.9857,40.2488],[-122.9775,40.2413],[-122.9787,40.2346],[-122.9751,40.2326],[-122.98,40.2147],[-122.9782,40.2065],[-122.9711,40.1972],[-122.9747,40.1915],[-122.9701,40.1863],[-122.9839,40.172],[-122.9864,40.1594],[-122.9845,40.1534],[-122.9896,40.1451],[-122.9686,40.139],[-122.9737,40.13],[-122.9707,40.1157],[-122.9655,40.1113],[-122.9611,40.1],[-122.9637,40.0957],[-122.9614,40.0898],[-122.9673,40.0887],[-122.9732,40.0776],[-122.9682,40.0738],[-122.9684,40.0688],[-122.9528,40.0597],[-122.9489,40.0497],[-122.9542,40.0454],[-122.9498,40.031],[-122.9564,40.0199],[-122.9494,40.0121],[-122.9519,39.9988],[-122.9388,39.9913],[-122.935,39.9862],[-122.9352,39.9772],[-122.9255,39.9689],[-122.9268,39.9451],[-122.9166,39.9373],[-122.9098,39.9364],[-122.9126,39.9315],[-122.9206,39.9289],[-122.9205,39.9165],[-122.951,39.9061],[-122.9474,39.8924],[-122.9533,39.8728],[-122.9505,39.8685],[-122.9558,39.8585],[-122.954,39.8547],[-122.9601,39.8452],[-122.9464,39.8329],[-122.9436,39.8017],[-122.9382,39.7982],[-122.7876,39.8006],[-122.0465,39.7976],[-122.05,39.8033],[-122.0649,39.8115],[-122.0567,39.8273],[-122.0694,39.8405],[-122.0583,39.8507],[-122.0557,39.864],[-122.041,39.8795],[-122.0449,39.8838],[-121.804,39.8843],[-121.8061,39.8882],[-121.7762,39.8889],[-121.7531,39.9043],[-121.7446,39.9418],[-121.7358,39.9535],[-121.7296,39.9561],[-121.725,39.9676],[-121.7075,39.9768],[-121.7032,39.9842],[-121.646,39.9825],[-121.6458,39.9971],[-121.6354,39.9968],[-121.6362,40.0258],[-121.6261,40.0256],[-121.6261,40.0395],[-121.6178,40.0394],[-121.6173,40.0471],[-121.6087,40.0467],[-121.6086,40.0551],[-121.5956,40.0577],[-121.5958,40.0935],[-121.5861,40.0933],[-121.5864,40.1005],[-121.5106,40.1005],[-121.5106,40.108],[-121.4909,40.108],[-121.4909,40.1153],[-121.481,40.1151],[-121.481,40.1224],[-121.4529,40.1221],[-121.4527,40.1297],[-121.4429,40.1296],[-121.4428,40.1487],[-121.4369,40.1519],[-121.4462,40.1559],[-121.4429,40.1619],[-121.4451,40.1777],[-121.4361,40.1819],[-121.4441,40.1907],[-121.4344,40.1959],[-121.4074,40.1914],[-121.4016,40.1953],[-121.4008,40.1998],[-121.3936,40.2014],[-121.385,40.2103],[-121.3677,40.2127],[-121.3617,40.2256],[-121.3664,40.2324],[-121.3648,40.2391],[-121.3673,40.2449],[-121.349,40.2645],[-121.3527,40.2685],[-121.3494,40.2734],[-121.3599,40.2775],[-121.3632,40.2875],[-121.3703,40.288],[-121.3768,40.298],[-121.3667,40.3011],[-121.358,40.2971],[-121.3499,40.3059],[-121.3423,40.3076],[-121.3563,40.3197],[-121.3675,40.3229],[-121.3673,40.331],[-121.3804,40.3403],[-121.3896,40.339],[-121.4121,40.3427],[-121.4286,40.3503],[-121.4387,40.3479],[-121.4724,40.3516],[-121.481,40.3666],[-121.4735,40.3746],[-121.4828,40.3829],[-121.4843,40.3966],[-121.4796,40.4195],[-121.4738,40.4246],[-121.4979,40.432],[-121.4944,40.4404],[-121.4976,40.4456],[-121.5651,40.4458],[-121.5771,40.4425],[-121.5826,40.4352],[-121.5931,40.4311],[-121.6004,40.4318],[-121.614,40.4391],[-121.6463,40.4347],[-121.672,40.4504],[-121.6858,40.4531],[-121.6983,40.4483],[-121.7089,40.4508],[-121.7198,40.4486],[-121.7346,40.4356],[-121.7763,40.4376],[-121.7877,40.4437],[-121.8067,40.445],[-121.8341,40.4373],[-121.8514,40.4426],[-121.8796,40.4362],[-121.9007,40.421],[-121.9148,40.426],[-121.927,40.4184],[-121.941,40.4153],[-121.967,40.4221],[-121.9775,40.421],[-121.9939,40.4257],[-121.9976,40.4228],[-122.0099,40.4268],[-122.0148,40.421],[-122.0219,40.4241],[-122.0304,40.4208],[-122.031,40.4173],[-122.0521,40.4204],[-122.0574,40.4165],[-122.0912,40.4105],[-122.0916,40.4143],[-122.0968,40.4099],[-122.099,40.4148],[-122.1113,40.4054],[-122.129,40.4038],[-122.1294,40.3988],[-122.1829,40.3925],[-122.1885,40.3875],[-122.1731,40.3791],[-122.1873,40.3814],[-122.1936,40.3923],[-122.1992,40.3779]]]},"properties":{"GEOID":"06103","NAME":"Tehama County","BASENAME":"Tehama","STATE":"06","COUNTY":"103"}},{"type":"Feature","geometry":{"type":"Polygon","coordinates":[[[-114.7665,33.4337],[-114.6271,33.4336],[-114.6223,33.4476],[-114.6229,33.4566],[-114.6017,33.4814],[-114.5924,33.4987],[-114.5805,33.5065],[-114.5695,33.5092],[-114.561,33.5167],[-114.5589,33.5318],[-114.5246,33.5522],[-114.5368,33.571],[-114.5406,33.5914],[-114.5218,33.6125],[-114.5312,33.6239],[-114.531,33.6282],[-114.5238,33.6347],[-114.5332,33.6517],[-114.5183,33.6559],[-114.5141,33.6602],[-114.5303,33.6668],[-114.5315,33.6751],[-114.524,33.6859],[-114.4965,33.6969],[-114.4942,33.7079],[-114.4966,33.7192],[-114.5123,33.7342],[-114.5045,33.751],[-114.5049,33.7605],[-114.528,33.815],[-114.52,33.8254],[-114.5296,33.8481],[-114.5299,33.8576],[-114.5243,33.8601],[-114.5147,33.8586],[-114.503,33.868],[-114.5043,33.8769],[-114.5228,33.8926],[-114.5259,33.901],[-114.5137,33.898],[-114.5079,33.9038],[-114.5184,33.9175],[-114.535,33.9257],[-114.5357,33.9336],[-114.5227,33.955],[-114.4999,33.9618],[-114.4679,33.9929],[-114.4593,33.9947],[-114.4592,34],[-114.4673,34.0052],[-114.4659,34.011],[-114.4502,34.0126],[-114.4383,34.0226],[-114.4349,34.0378],[-114.4393,34.0579],[-114.4354,34.0797],[-115.3161,34.0778],[-115.3162,34.0341],[-116.9296,34.0341],[-116.9294,34.0049],[-117.2254,34.0042],[-117.2255,34.018],[-117.3754,34.0194],[-117.3753,34.0339],[-117.5583,34.0335],[-117.5584,33.9884],[-117.6109,33.9718],[-117.611,33.9242],[-117.6552,33.9249],[-117.6548,33.8887],[-117.6763,33.8886],[-117.669,33.8808],[-117.6732,33.8754],[-117.6708,33.8743],[-117.6716,33.8694],[-117.6751,33.8687],[-117.6743,33.858],[-117.6621,33.8575],[-117.5801,33.768],[-117.5364,33.7577],[-117.534,33.7104],[-117.4746,33.7038],[-117.413,33.659],[-117.5102,33.534],[-117.5099,33.5205],[-117.5032,33.5204],[-117.5038,33.5089],[-117.5097,33.5091],[-117.5097,33.5052],[-117.3643,33.5049],[-117.3708,33.4907],[-117.2415,33.4488],[-117.2414,33.4319],[-117.1388,33.4326],[-117.0309,33.4299],[-117.0309,33.4269],[-116.1977,33.4289],[-116.0849,33.4259],[-115.0632,33.4281],[-114.8308,33.4301],[-114.8309,33.4337],[-114.7665,33.4337]]]},"properties":{"GEOID":"06065","NAME":"Riverside County","BASENAME":"Riverside","STATE":"06","COUNTY":"065"}},{"type":"Feature","geometry":{"type":"Polygon","coordinates":[[[-122.0519,36.8196],[-121.8761,36.839],[-121.81,36.8508],[-121.8007,36.8579],[-121.8032,36.8688],[-121.7874,36.8847],[-121.7695,36.8851],[-121.7515,36.9052],[-121.7453,36.9093],[-121.7348,36.9087],[-121.7264,36.9143],[-121.7147,36.9088],[-121.71,36.9153],[-121.7,36.9197],[-121.6985,36.9167],[-121.7068,36.9112],[-121.7055,36.9095],[-121.7023,36.9082],[-121.6974,36.9116],[-121.6806,36.9033],[-121.6673,36.9122],[-121.6577,36.9138],[-121.6523,36.9095],[-121.6529,36.9017],[-121.6462,36.9026],[-121.6444,36.8939],[-121.6284,36.9118],[-121.6074,36.8995],[-121.5889,36.9013],[-121.5814,36.8992],[-121.5812,36.9193],[-121.5902,36.9193],[-121.5904,36.9262],[-121.6072,36.9261],[-121.6248,36.9405],[-121.624,36.9385],[-121.6371,36.9391],[-121.6423,36.9364],[-121.641,36.9322],[-121.6458,36.9323],[-121.6531,36.9418],[-121.654,36.9506],[-121.6633,36.9519],[-121.6648,36.9637],[-121.6783,36.9679],[-121.6902,36.9674],[-121.6978,36.9721],[-121.6954,36.9851],[-121.7052,36.9862],[-121.7055,36.9894],[-121.7107,36.9897],[-121.7109,36.9931],[-121.7179,36.9956],[-121.7387,36.99],[-121.7298,36.9936],[-121.7296,36.9979],[-121.7188,37.0076],[-121.7362,37.0153],[-121.7313,37.0224],[-121.7287,37.0199],[-121.7266,37.0219],[-121.7398,37.0277],[-121.7555,37.049],[-121.762,37.0478],[-121.7649,37.0495],[-121.7634,37.052],[-121.7753,37.053],[-121.786,37.062],[-121.8091,37.0693],[-121.8172,37.0779],[-121.8182,37.0837],[-121.8242,37.0878],[-121.8315,37.0886],[-121.8491,37.099],[-121.8619,37.0993],[-121.86,37.1042],[-121.8701,37.1022],[-121.8848,37.1078],[-121.8909,37.1053],[-121.8948,37.1098],[-121.9107,37.1133],[-121.929,37.1234],[-121.932,37.122],[-121.9574,37.1306],[-121.9727,37.1417],[-121.9911,37.1443],[-122.0025,37.1583],[-122.0159,37.1657],[-122.0262,37.1669],[-122.0256,37.1738],[-122.0319,37.1823],[-122.0307,37.19],[-122.0408,37.1952],[-122.0551,37.2125],[-122.0658,37.2104],[-122.079,37.2231],[-122.0916,37.2246],[-122.0934,37.2292],[-122.1042,37.2343],[-122.1056,37.2407],[-122.1216,37.2586],[-122.1317,37.2609],[-122.1505,37.2759],[-122.1487,37.281],[-122.1523,37.2861],[-122.1528,37.2154],[-122.2426,37.2151],[-122.2427,37.19],[-122.3177,37.1869],[-122.3118,37.1475],[-122.2894,37.1135],[-122.2994,37.0964],[-122.3139,37.0548],[-122.2903,37.0321],[-122.2764,37.0248],[-122.2657,37.0001],[-122.2511,36.9858],[-122.172,36.9427],[-122.1306,36.9253],[-122.0764,36.9102],[-122.0519,36.8196]]]},"properties":{"GEOID":"06087","NAME":"Santa Cruz County","BASENAME":"Santa Cruz","STATE":"06","COUNTY":"087"}},{"type":"Feature","geometry":{"type":"Polygon","coordinates":[[[-119.1748,36.6589],[-119.3046,36.6606],[-119.3051,36.5737],[-119.4663,36.5752],[-119.5732,36.4888],[-119.5272,36.4889],[-119.5288,36.4015],[-119.4749,36.401],[-119.4746,36.269],[-119.5294,36.2699],[-119.5291,36.1379],[-119.5364,36.1379],[-119.5381,35.7899],[-118.5708,35.7897],[-118.4672,35.7925],[-118.0589,35.7915],[-118.0081,35.7889],[-118.0075,35.7999],[-118.0105,35.8044],[-118.0077,35.8171],[-117.9986,35.823],[-118.0062,35.829],[-118.0029,35.8413],[-118.0074,35.8582],[-117.9967,35.8695],[-117.9895,35.8657],[-117.9808,35.8675],[-117.9832,35.8756],[-117.9891,35.8813],[-117.982,35.8947],[-117.9871,35.8992],[-117.9854,35.9053],[-117.9903,35.914],[-117.9833,35.9266],[-117.9919,35.9438],[-118.0069,35.9465],[-118.0111,35.9546],[-118.0168,35.9546],[-118.018,35.9624],[-118.0125,35.9689],[-118.0146,35.9729],[-118.0096,35.9782],[-118.0045,35.9772],[-118.0036,35.9837],[-118.0062,35.9898],[-118.0107,35.9917],[-118.0121,35.9983],[-118.0336,36.0089],[-118.0371,36.0291],[-118.0414,36.0298],[-118.0395,36.0342],[-118.0463,36.0422],[-118.0427,36.0485],[-118.0517,36.0595],[-118.0516,36.0835],[-118.058,36.0919],[-118.0631,36.0892],[-118.0673,36.0934],[-118.0683,36.1085],[-118.0646,36.1104],[-118.0735,36.1403],[-118.0597,36.1508],[-118.059,36.1578],[-118.0626,36.1622],[-118.0593,36.1701],[-118.07,36.1786],[-118.0737,36.1894],[-118.0859,36.1975],[-118.0907,36.1973],[-118.0946,36.2049],[-118.1056,36.2134],[-118.1092,36.2255],[-118.1052,36.2286],[-118.1052,36.2336],[-118.1122,36.24],[-118.1194,36.2556],[-118.1174,36.2712],[-118.1276,36.2803],[-118.125,36.2867],[-118.127,36.3002],[-118.1201,36.3022],[-118.1216,36.3068],[-118.1118,36.3083],[-118.1125,36.322],[-118.103,36.3254],[-118.0976,36.3311],[-118.1018,36.3393],[-118.1003,36.3461],[-118.1242,36.3519],[-118.1225,36.3547],[-118.1305,36.3703],[-118.141,36.3716],[-118.1473,36.3791],[-118.1531,36.3795],[-118.1571,36.3883],[-118.1629,36.3894],[-118.16,36.3938],[-118.1403,36.4035],[-118.1388,36.4189],[-118.1516,36.4251],[-118.1568,36.4326],[-118.1749,36.4265],[-118.1936,36.4265],[-118.2037,36.4312],[-118.2098,36.4303],[-118.2148,36.435],[-118.2096,36.4421],[-118.2159,36.4567],[-118.2232,36.4633],[-118.2326,36.4663],[-118.237,36.477],[-118.2499,36.4824],[-118.2484,36.487],[-118.235,36.4937],[-118.2414,36.5],[-118.2374,36.5115],[-118.2388,36.5236],[-118.2467,36.5214],[-118.2509,36.5256],[-118.2486,36.5332],[-118.252,36.5421],[-118.2602,36.5441],[-118.2653,36.5515],[-118.2759,36.5508],[-118.2794,36.5551],[-118.2905,36.5585],[-118.292,36.5622],[-118.2898,36.5732],[-118.2941,36.5774],[-118.288,36.5837],[-118.289,36.5907],[-118.278,36.5923],[-118.2746,36.5973],[-118.2816,36.6045],[-118.2939,36.6051],[-118.3024,36.6146],[-118.3028,36.619],[-118.3213,36.6274],[-118.3188,36.6389],[-118.3252,36.6471],[-118.3382,36.6554],[-118.3356,36.6616],[-118.3295,36.6654],[-118.3312,36.6694],[-118.3475,36.6723],[-118.352,36.6829],[-118.3661,36.6904],[-118.3639,36.6942],[-118.3467,36.6965],[-118.3347,36.7053],[-118.339,36.7278],[-118.3513,36.741],[-118.3606,36.7448],[-118.5555,36.7447],[-118.555,36.7391],[-118.9824,36.7416],[-118.9848,36.6571],[-119.1748,36.6589]]]},"properties":{"GEOID":"06107","NAME":"Tulare County","BASENAME":"Tulare","STATE":"06","COUNTY":"107"}}]}