{"type":"FeatureCollection","features":[{"type":"Feature","properties":{"GEOID":"0603791400","NAME":"Inglewood","COUNTY":"037"},"geometry":{"type":"MultiPolygon","coordinates":[[[[-118.37866103735945,33.90270422923475],[-118.37839,33.91638],[-118.37865468706259,33.904025090981804],[-118.37866103735945,33.90270422923475]]],[[[-118.3784,33.92091749999997],[-118.37837,33.92001],[-118.37653,33.92001],[-118.37653,33.92],[-118.3765,33.92],[-118.3765,33.9172],[-118.37642836065574,33.91718046199702],[-118.37433,33.91719],[-118.37433659114315,33.91660997940268],[-118.3743,33.9166],[-118.37433672490293,33.91659820854132],[-118.3743395333171,33.916351068095125],[-118.36999,33.91632],[-118.36999,33.90406],[-118.36938,33.90234],[-118.36582,33.90234],[-118.36582,33.9037],[-118.36503,33.9037],[-118.36503,33.90234],[-118.36174,33.9028],[-118.36127,33.90777],[-118.36213,33.91036],[-118.36125,33.91036],[-118.36186,33.91465],[-118.36124,33.91642],[-118.36919,33.91648],[-118.36906,33.9171],[-118.36833,33.91675],[-118.36562,33.91794],[-118.36564,33.92368],[-118.36814,33.92412],[-118.3678,33.9281],[-118.36706,33.92902],[-118.36837,33.92902],[-118.3684,33.92901997101449],[-118.3684,33.929],[-118.3784,33.929],[-118.3784,33.92091749999997]]],[[[-118.37743933649288,33.960098127962084],[-118.37124,33.96337],[-118.3713223873874,33.963335981981984],[-118.37732997410441,33.96019355200692],[-118.37743933649288,33.960098127962084]]],[[[-118.37006,33.95267],[-118.37004284868421,33.940241013157895],[-118.37000013928511,33.93093036415506],[-118.36839,33.93095],[-118.36183,33.93095],[-118.3613,33.93274],[-118.36021,33.93227],[-118.3559,33.93348],[-118.35587,33.93452],[-118.35273,33.93452],[-118.35271,33.93358],[-118.34882,33.93264],[-118.34931,33.93375],[-118.34714,33.93404],[-118.34716,33.93277],[-118.3461,33.93277],[-118.34608432188692,33.93239372528616],[-118.34505,33.9335],[-118.34505,33.93673],[-118.34606,33.93673],[-118.34605,33.93745],[-118.34464,33.93821],[-118.34444,33.94272],[-118.35198,33.94273],[-118.352,33.94181],[-118.35481,33.94182],[-118.35482,33.94453],[-118.35807,33.94397],[-118.36242,33.94501],[-118.3663,33.94461],[-118.36773,33.94182],[-118.36916,33.94181],[-118.36877,33.94541],[-118.37004,33.94542],[-118.37006,33.95267]]],[[[-118.3522815370363,33.87439457387029],[-118.31605024882406,33.886221030745105],[-118.31598003182813,33.88624523174856],[-118.32649,33.88282],[-118.32654,33.88399],[-118.32651807104348,33.901785348219185],[-118.33158,33.89734],[-118.33301,33.89734],[-118.333,33.89829],[-118.33518,33.89829],[-118.33517,33.89466],[-118.34231,33.89466],[-118.34232,33.8934],[-118.3438324050633,33.893392658227846],[-118.34382,33.89339],[-118.34378,33.87723],[-118.35199,33.87458],[-118.3522815370363,33.87439457387029]]],[[[-118.34607584281282,33.93219022750775],[-118.34607,33.93205],[-118.34413,33.93094],[-118.34607584281282,33.93219022750775]]],[[[-118.34438,33.89351],[-118.34437279307386,33.89350845565868],[-118.34383,33.90243],[-118.34438,33.89351]]],[[[-118.33667818584071,33.92634006637168],[-118.3366,33.92598],[-118.33642800651548,33.925945915925325],[-118.33667818584071,33.92634006637168]]],[[[-118.33556169510639,33.925774238359494],[-118.33332,33.92533],[-118.3278105836603,33.925921722509635],[-118.33556169510639,33.925774238359494]]],[[[-118.33516,33.91075],[-118.33398,33.91077],[-118.33399,33.9092],[-118.32651,33.9092],[-118.32650926756986,33.90892936706181],[-118.32650447318463,33.91282001067586],[-118.33488,33.91284],[-118.33516,33.91075]]],[[[-118.32670145829451,33.92604084482759],[-118.32643,33.92607],[-118.32576,33.92668],[-118.32670145829451,33.92604084482759]]],[[[-118.3265,33.91645],[-118.29173174279914,33.916420104679965],[-118.29160003058115,33.95948999996473],[-118.30027,33.95948],[-118.30026,33.95],[-118.30240021717069,33.94999022731886],[-118.30245,33.94775],[-118.30245,33.94547],[-118.30518,33.94547],[-118.30519,33.94185],[-118.3052,33.94184994778068],[-118.3052,33.9418],[-118.309,33.9418],[-118.309,33.9382],[-118.3134,33.9382],[-118.3134,33.94546],[-118.31772,33.94546],[-118.31774997643362,33.9709],[-118.31775,33.9709],[-118.31775,33.930754439411096],[-118.31339,33.93071],[-118.31339,33.92353],[-118.31777,33.92172],[-118.31779,33.91768],[-118.31459,33.91854],[-118.31431,33.91645],[-118.3265,33.91645]]],[[[-118.3135,33.887053471688446],[-118.31348,33.88706],[-118.3135,33.887053481936974],[-118.3135,33.887053471688446]]]]}},{"type":"Feature","properties":{"GEOID":"0603792110","NAME":"Newhall","COUNTY":"037"},"geometry":{"type":"MultiPolygon","coordinates":[[[[-118.8207,34.6658],[-118.6706,34.3607],[-118.6664,34.3595],[-118.6655,34.3569],[-118.6622,34.3567],[-118.6607,34.3531],[-118.6577,34.3519],[-118.6476,34.3527],[-118.6442,34.3515],[-118.6403,34.3527],[-118.6326,34.35],[-118.6226,34.349],[-118.6152,34.3454],[-118.6099,34.3383],[-118.603,34.3355],[-118.5982,34.3298],[-118.5951,34.3289],[-118.5932,34.3299],[-118.5921,34.3277],[-118.5874,34.3275],[-118.584,34.3244],[-118.5771,34.3258],[-118.5746,34.322],[-118.5697,34.3194],[-118.5637,34.3231],[-118.5559,34.3208],[-118.5514,34.3219],[-118.5472,34.3247],[-118.5476,34.3274],[-118.545,34.3299],[-118.5396,34.328],[-118.5322,34.3283],[-118.5303,34.33],[-118.5323,34.3319],[-118.5335,34.337],[-118.5257,34.3379],[-118.5223,34.3367],[-118.5227,34.3382],[-118.5259,34.3394],[-118.526,34.3416],[-118.5195,34.3404],[-118.50831736184088,34.33391007606837],[-118.50653614302462,34.335253657678784],[-118.504,34.3372],[-118.5088,34.3398],[-118.50929541044776,34.341451368159206],[-118.51086,34.34149],[-118.51055,34.34488],[-118.51521,34.34514],[-118.5151,34.34688],[-118.51974,34.34714],[-118.51972,34.35078],[-118.52402,34.35248],[-118.53328,34.35244],[-118.5334,34.35619],[-118.55168,34.35617],[-118.55274,34.35717],[-118.55641,34.36524],[-118.56681,34.3807],[-118.57017,34.38929],[-118.57262,34.39984],[-118.5796,34.41612],[-118.58657,34.42936],[-118.59732,34.43883],[-118.60983,34.44564],[-118.61331,34.44963],[-118.61058,34.45053],[-118.60863,34.44909],[-118.60592,34.44945],[-118.60367,34.44706],[-118.59855,34.44815],[-118.59638,34.4466],[-118.58979,34.44803],[-118.58792,34.44731],[-118.58133,34.44746],[-118.58433,34.45401],[-118.58683,34.45574],[-118.58129,34.461],[-118.57452,34.46131],[-118.57496,34.46274],[-118.5735,34.46426],[-118.57357,34.46788],[-118.57497,34.46804],[-118.57081,34.47067],[-118.57735,34.47157],[-118.57743,34.47812],[-118.58182,34.47814],[-118.58187,34.4818],[-118.57311,34.48175],[-118.57327,34.4854],[-118.56886,34.48539],[-118.56901,34.48903],[-118.56006,34.48902],[-118.56002,34.50003],[-118.55185,34.49997],[-118.54665,34.49757],[-118.54662,34.4963],[-118.54422,34.4963],[-118.5419,34.49518],[-118.54236,34.48899],[-118.54667,34.489],[-118.54669,34.48535],[-118.55552,34.48536],[-118.55538,34.47442],[-118.55108,34.47441],[-118.55107,34.4725],[-118.54781,34.47249],[-118.54782,34.47441],[-118.54497,34.47435],[-118.54712,34.47393],[-118.54769,34.47122],[-118.54677,34.47102],[-118.54687,34.47031],[-118.54791,34.47034],[-118.54689,34.47013],[-118.54695,34.4668],[-118.54445,34.46677],[-118.54341,34.46495],[-118.54177,34.46486],[-118.54105,34.46554],[-118.54134,34.46656],[-118.54041,34.46644],[-118.53768,34.46309],[-118.53774,34.47454],[-118.53682,34.47525],[-118.53724,34.4762],[-118.53634,34.47627],[-118.53776,34.47684],[-118.53781,34.48171],[-118.5202,34.48166],[-118.52014,34.48893],[-118.51135,34.48895],[-118.51132,34.49627],[-118.49381,34.49613],[-118.49391,34.48879],[-118.49821,34.48888],[-118.49823,34.48521],[-118.5025,34.4853],[-118.50252,34.47791],[-118.49829,34.47782],[-118.49833,34.47411],[-118.4941,34.47361],[-118.49147,34.47485],[-118.4897,34.47215],[-118.48528,34.47209],[-118.48526,34.47393],[-118.48084,34.4739],[-118.48088,34.46821],[-118.48531,34.46823],[-118.48507,34.46021],[-118.48582,34.4597],[-118.48082,34.45961],[-118.481,34.45601],[-118.47207,34.45589],[-118.47208,34.45392],[-118.46786,34.45346],[-118.46144,34.45948],[-118.44348,34.45963],[-118.44347,34.45604],[-118.44127,34.45607],[-118.44125,34.4525],[-118.43684,34.45254],[-118.43664,34.44887],[-118.43515,34.44887],[-118.43514,34.44977],[-118.43421,34.44976],[-118.43344,34.44885],[-118.43347,34.44683],[-118.43248,34.44643],[-118.43259,34.4381],[-118.42825,34.43729],[-118.42824,34.43905],[-118.4239,34.4391],[-118.42388,34.44002],[-118.4184087760029,34.44006402134251],[-118.4208,34.4476],[-118.4236,34.4498],[-118.4107,34.4643],[-118.3978,34.4689],[-118.3918,34.4735],[-118.3883,34.4812],[-118.3871,34.4815],[-118.3873,34.4961],[-118.3785,34.4962],[-118.3783,34.5024],[-118.3801,34.5037],[-118.3772,34.5045],[-118.3774,34.5108],[-118.3721,34.5109],[-118.3651,34.5163],[-118.3651,34.5251],[-118.3675,34.5301],[-118.3659,34.534],[-118.3676,34.5339],[-118.3723,34.5294],[-118.3758,34.5294],[-118.3768,34.5336],[-118.3777,34.5316],[-118.3754,34.5449],[-118.3724,34.5494],[-118.3672,34.5527],[-118.3617,34.5533],[-118.359,34.5629],[-118.3526,34.5607],[-118.3389,34.562],[-118.3364,34.564],[-118.3213,34.5639],[-118.3111,34.5614],[-118.3034,34.5636],[-118.2944,34.5644],[-118.2919,34.5631],[-118.28763645118654,34.563298304595975],[-118.28773,34.5814],[-118.2877284684165,34.58151997404096],[-118.2891,34.5873],[-118.2865,34.5897],[-118.2916,34.5876],[-118.304,34.5875],[-118.3056,34.5862],[-118.3108,34.5876],[-118.308,34.5877],[-118.3093,34.5902],[-118.3105,34.5908],[-118.3096,34.589],[-118.313,34.5908],[-118.3147,34.5901],[-118.3158,34.5924],[-118.3207,34.5953],[-118.3253,34.5938],[-118.3273,34.5968],[-118.3319,34.5975],[-118.3361,34.6007],[-118.3449,34.603],[-118.3481,34.6025],[-118.3487,34.6043],[-118.3467,34.6035],[-118.3435,34.6055],[-118.3457,34.6056],[-118.3478,34.6075],[-118.347,34.6084],[-118.3507,34.6086],[-118.3518,34.6144],[-118.353,34.6131],[-118.3566,34.6168],[-118.3642,34.6177],[-118.3635,34.6191],[-118.3656,34.619],[-118.3671,34.6206],[-118.3667,34.6232],[-118.3731,34.6255],[-118.3707,34.6298],[-118.3775,34.6306],[-118.3797,34.632],[-118.3854,34.6308],[-118.3859,34.6333],[-118.3831,34.6347],[-118.3809,34.6396],[-118.3972,34.6394],[-118.4036,34.6414],[-118.4038,34.6429],[-118.4056,34.6425],[-118.4066,34.6442],[-118.4059,34.6456],[-118.4079,34.6452],[-118.4075,34.647],[-118.409,34.648],[-118.4138,34.6483],[-118.4143,34.647],[-118.4153,34.6484],[-118.4226,34.649],[-118.4262,34.647],[-118.4282,34.648],[-118.435,34.6444],[-118.4404,34.6443],[-118.4421,34.6431],[-118.4496,34.6455],[-118.4596,34.6458],[-118.4711,34.6482],[-118.4769,34.6499],[-118.4774,34.6517],[-118.4805,34.6506],[-118.4813,34.6524],[-118.4794,34.6538],[-118.4636,34.6554],[-118.4628,34.6581],[-118.4589,34.6615],[-118.4613,34.6668],[-118.4609,34.669],[-118.4639,34.6679],[-118.4627,34.6695],[-118.4636,34.6707],[-118.4665,34.6696],[-118.4692,34.6718],[-118.4725,34.6702],[-118.4725,34.6714],[-118.4746,34.6706],[-118.4826,34.675],[-118.4865,34.675],[-118.4926,34.6796],[-118.5026,34.6835],[-118.5028,34.6861],[-118.5045,34.6874],[-118.5106,34.6867],[-118.5156,34.6883],[-118.5219,34.6865],[-118.5267,34.6885],[-118.529,34.6875],[-118.53,34.684],[-118.5333,34.684],[-118.5358,34.6817],[-118.5404,34.6812],[-118.5404,34.683],[-118.542,34.684],[-118.5442,34.683],[-118.5509,34.6861],[-118.5489,34.6891],[-118.5545,34.6908],[-118.559,34.6939],[-118.5647,34.6931],[-118.5637,34.6966],[-118.5711,34.7006],[-118.583,34.6976],[-118.5851,34.6955],[-118.5929,34.6964],[-118.5965,34.6948],[-118.6071,34.6932],[-118.6159,34.6873],[-118.6188,34.6823],[-118.6239,34.6817],[-118.6274,34.684],[-118.6314,34.6892],[-118.6428,34.6903],[-118.6632,34.6977],[-118.6659,34.7025],[-118.675,34.7072],[-118.6806,34.7149],[-118.6876,34.72],[-118.6949,34.7199],[-118.6962,34.7182],[-118.7095,34.7179],[-118.7106,34.7208],[-118.7124,34.7217],[-118.7135,34.7264],[-118.7094,34.7288],[-118.7121,34.731],[-118.7122,34.7297],[-118.7294,34.7316],[-118.7471,34.7316],[-118.7475,34.7392],[-118.7571,34.7397],[-118.757,34.7473],[-118.7659,34.7473],[-118.7659,34.7536],[-118.7797,34.7582],[-118.7789,34.7574],[-118.7861,34.7512],[-118.7917,34.7535],[-118.7954,34.7486],[-118.7989,34.7272],[-118.798,34.7125],[-118.7869,34.6887],[-118.777,34.6762],[-118.7666,34.6714],[-118.7621,34.6654],[-118.7561,34.6606],[-118.7531,34.6492],[-118.7589,34.6461],[-118.7607,34.6462],[-118.7624,34.6441],[-118.7691,34.6433],[-118.7723,34.645],[-118.7706,34.6462],[-118.7709,34.648],[-118.7769,34.6483],[-118.7801,34.6524],[-118.7846,34.6522],[-118.7856,34.6574],[-118.789,34.6566],[-118.79,34.6593],[-118.7988,34.6592],[-118.7989,34.6572],[-118.8002,34.6582],[-118.8043,34.6568],[-118.807,34.6589],[-118.8081,34.6616],[-118.8133,34.6605],[-118.8175,34.6614],[-118.8182,34.6659],[-118.8207,34.6658]],[[-118.56596,34.35767],[-118.56481,34.35969],[-118.55953,34.3595],[-118.55913,34.35803],[-118.55835,34.35987],[-118.55599,34.35986],[-118.55545,34.35875],[-118.55843,34.35616],[-118.56058,34.3567],[-118.56096,34.35803],[-118.56596,34.35767]],[[-118.55803,34.3565],[-118.55551,34.35846],[-118.55491,34.35693],[-118.55803,34.3565]],[[-118.5555,34.35847],[-118.55544,34.35852],[-118.5554,34.35854],[-118.5555,34.35847]]],[[[-118.49351798630599,34.37756680884499],[-118.4899,34.3751],[-118.4833,34.3757],[-118.4791,34.3734],[-118.4649,34.3805],[-118.4539,34.3784],[-118.44408111356489,34.378461754002736],[-118.44409,34.38079],[-118.44847,34.38073],[-118.44886,34.38468],[-118.4625,34.38461],[-118.46282,34.39121],[-118.4716,34.39118],[-118.4729,34.39258],[-118.48734,34.38294],[-118.49351798630599,34.37756680884499]]]]}},{"type":"Feature","properties":{"GEOID":"0603793380","NAME":"Torrance","COUNTY":"037"},"geometry":{"type":"MultiPolygon","coordinates":[[[[-118.48319032313815,33.80440990190516],[-118.45300529678484,33.80435029678483],[-118.40727562770117,33.804275021609385],[-118.48315126862468,33.80444986466311],[-118.48319032313815,33.80440990190516]]],[[[-118.47768438220758,33.81004388797364],[-118.47026,33.81756],[-118.47022313079127,33.81759720136376],[-118.4703,33.8176],[-118.47768438220758,33.81004388797364]]],[[[-118.37549,33.85826],[-118.36091666666667,33.8583],[-118.37375039215686,33.8583],[-118.37549,33.85826]]],[[[-118.35822775556714,33.86260138747342],[-118.35820861189801,33.862524560906515],[-118.35802898360656,33.862359901639344],[-118.35331,33.85877],[-118.35822775556714,33.86260138747342]]],[[[-118.35409308436626,33.8587519940024],[-118.35362677130045,33.858324540358744],[-118.35331,33.85877],[-118.35409308436626,33.8587519940024]]],[[[-118.34204498365223,33.787563432591355],[-118.34048209638907,33.786240560157886],[-118.34048046558298,33.78627902000134],[-118.34202195262594,33.787578705155205],[-118.34204498365223,33.787563432591355]]],[[[-118.33950000000115,33.87856666666629],[-118.3135,33.887053471688446],[-118.3135,33.887053481936974],[-118.32649,33.88282],[-118.32649070023774,33.882836385563],[-118.33950000000115,33.87856666666629]]],[[[-118.33004865900384,33.78342053639847],[-118.3234,33.782538571428574],[-118.32325998131556,33.78252056902629],[-118.32325953043976,33.782534300243924],[-118.33004837750136,33.78342064899946],[-118.33004865900384,33.78342053639847]]],[[[-118.32868,33.78726],[-118.32866715463918,33.7872598556701],[-118.32867991222571,33.787275448275864],[-118.32868,33.78726]]],[[[-118.3278,33.7862],[-118.32315,33.78587],[-118.3231,33.78580923076923],[-118.3231,33.78588792756539],[-118.3278,33.7862]]]]}},{"type":"Feature","properties":{"GEOID":"0603792400","NAME":"Pasadena","COUNTY":"037"},"geometry":{"type":"MultiPolygon","coordinates":[[[[-118.24874763756286,34.22247323697657],[-118.24489938067713,34.22050635012386],[-118.24433,34.22025],[-118.24432348643006,34.220212004175366],[-118.2443,34.2202],[-118.2440045681211,34.21852588601959],[-118.24347,34.21907],[-118.24011363636363,34.21680594405594],[-118.2401,34.2168],[-118.23993173913044,34.21699630434782],[-118.23953,34.21752],[-118.23953,34.217465],[-118.2395,34.2175],[-118.235270244709,34.21307351190476],[-118.2352,34.21303],[-118.23520030519903,34.21300031939433],[-118.2352,34.213],[-118.2352,34.20911492822967],[-118.23315,34.20783],[-118.23225,34.20833],[-118.23152341493841,34.207344631217836],[-118.2314809926169,34.207333109105825],[-118.22835,34.20678],[-118.22815365754222,34.20642938846826],[-118.22716860490267,34.206161843306894],[-118.22562,34.20643],[-118.22512,34.20564],[-118.22026,34.20631],[-118.22209,34.20618],[-118.222,34.2129],[-118.22605,34.21394],[-118.22635,34.21629],[-118.23077,34.21723],[-118.23187,34.21832],[-118.22856,34.22109],[-118.227,34.22447],[-118.2277,34.22841],[-118.22662,34.22911],[-118.22793,34.23365],[-118.22473,34.23758],[-118.22471,34.2399],[-118.22276,34.24274],[-118.22175032794603,34.24273065118469],[-118.2216,34.2516],[-118.2433701915586,34.252299042848215],[-118.24347,34.24659],[-118.24412,34.24593],[-118.2445065184049,34.24607661042945],[-118.24610969387756,34.24524295918367],[-118.24701,34.24402],[-118.24850054191415,34.243961162819176],[-118.2486079731243,34.23626192609183],[-118.24874763756286,34.22247323697657]]],[[[-118.219695,34.2339],[-118.21752,34.23386],[-118.21751888888889,34.2339],[-118.219695,34.2339]]],[[[-118.21740112939341,34.23745934183725],[-118.21085511467889,34.23723103211009],[-118.2174,34.2375],[-118.21740112939341,34.23745934183725]]],[[[-118.19552403812826,34.236600987868286],[-118.19551,34.2366],[-118.19550999311869,34.23660041067611],[-118.19552403812826,34.236600987868286]]],[[[-118.19545973009447,34.23960010796221],[-118.19526033512064,34.2515],[-118.1953,34.2515],[-118.19545973009447,34.23960010796221]]],[[[-118.19157904434454,34.18005433835846],[-118.19007957149975,34.179240338814154],[-118.19082,34.18008],[-118.19157904434454,34.18005433835846]]],[[[-118.19097,34.1732],[-118.18888,34.17788],[-118.18908818759937,34.178116089030205],[-118.18918451612909,34.17786838709663],[-118.19097,34.1732]]],[[[-118.18699,34.22319],[-118.1791,34.22257],[-118.17909684659091,34.222508551136364],[-118.1791,34.2226],[-118.18698997067213,34.223199238278895],[-118.18699,34.22319]]],[[[-118.18690125,34.25114625],[-118.1869,34.2515],[-118.18690012698413,34.2515],[-118.18690125,34.25114625]]],[[[-118.1789527184466,34.2197],[-118.17873,34.21536],[-118.16342,34.21523],[-118.16473,34.21379],[-118.16498,34.21217],[-118.16724,34.21176],[-118.16715,34.21118],[-118.16605,34.21002],[-118.16566,34.20724],[-118.16396,34.20489],[-118.16273,34.20458],[-118.16151,34.20167],[-118.16066,34.20174],[-118.15955,34.20001],[-118.16014,34.19873],[-118.16345,34.19979],[-118.16259,34.20164],[-118.16398,34.20148],[-118.1649,34.20017],[-118.16845,34.19325],[-118.16853,34.19209],[-118.1665,34.19123],[-118.16673,34.19048],[-118.16751,34.19054],[-118.16749,34.18881],[-118.16858,34.1888],[-118.16862,34.18545],[-118.17028,34.18592],[-118.17058,34.18507],[-118.16949,34.18143],[-118.16727,34.18143],[-118.16741,34.18307],[-118.16413,34.18309],[-118.16411,34.18144],[-118.1422,34.18156],[-118.13191,34.17651],[-118.12863,34.17652],[-118.12863,34.17523],[-118.1185,34.1753],[-118.11736,34.17591],[-118.11662,34.17531],[-118.11696,34.16961],[-118.11302,34.16958],[-118.11301,34.17039],[-118.11142,34.1704],[-118.11154,34.1686],[-118.10936,34.16859],[-118.10937,34.16759],[-118.09834,34.16757],[-118.0978,34.16914],[-118.09506,34.16918],[-118.09661,34.172],[-118.095,34.17563],[-118.09824,34.17563],[-118.10029,34.18037],[-118.1004,34.18333],[-118.10244,34.18492],[-118.10293,34.18666],[-118.10359,34.18658],[-118.10486,34.18921],[-118.10459,34.19071],[-118.10692,34.1933],[-118.10481,34.19338],[-118.10481,34.1949045],[-118.1068,34.1958],[-118.1179,34.2041],[-118.1362,34.2145],[-118.1537,34.2154],[-118.1728,34.2197],[-118.1789527184466,34.2197]]],[[[-118.17799,34.09860005524862],[-118.1442580190811,34.09878641978408],[-118.17799,34.099009933738266],[-118.17799,34.09860005524862]]],[[[-118.17172,34.18929],[-118.16858,34.18919],[-118.1693,34.19242],[-118.17172,34.18929]]],[[[-118.17038345231329,34.126916156075936],[-118.1689763291139,34.12649765822784],[-118.16625398528029,34.12572830018791],[-118.16595,34.12598],[-118.17033,34.12694],[-118.17038345231329,34.126916156075936]]],[[[-118.16845,34.12391],[-118.16747,34.12111],[-118.16804844217407,34.123912452601935],[-118.16845,34.12391]]],[[[-118.14568,34.12378],[-118.14376,34.12101],[-118.14307841685144,34.12084962749446],[-118.14441,34.12274],[-118.14568,34.12378]]],[[[-118.13423,34.11739],[-118.13055,34.11727],[-118.12879741772736,34.117790391323275],[-118.13423,34.11739]]],[[[-118.1217038077945,34.10500374637846],[-118.1217,34.105],[-118.12015455210238,34.10693180987203],[-118.11679,34.11221],[-118.1217038077945,34.10500374637846]]],[[[-118.11003,34.14154],[-118.11002003069707,34.13687436623146],[-118.09453,34.13693],[-118.09517,34.13693],[-118.09548,34.14163],[-118.09871,34.14164],[-118.10051,34.14067],[-118.10052,34.14142],[-118.10616,34.14155],[-118.10615,34.14082],[-118.10818,34.14081],[-118.1082,34.14155],[-118.11003,34.14154]]],[[[-118.10043341176471,34.19213882352941],[-118.10037,34.18574],[-118.09699,34.18072],[-118.09825,34.17887],[-118.09044,34.17884],[-118.09304,34.17429],[-118.09182,34.17214],[-118.08865,34.17044],[-118.08809,34.16837],[-118.08417,34.16513],[-118.08375,34.16636],[-118.08606,34.1675],[-118.08286,34.1693],[-118.08348,34.17062],[-118.0823,34.17134],[-118.08188,34.17351],[-118.07886,34.17378],[-118.07901,34.17297],[-118.07825,34.17276],[-118.07966,34.17057],[-118.08116,34.16162],[-118.07845,34.16166],[-118.07786,34.16347],[-118.07867,34.16438],[-118.07763,34.16758],[-118.07853,34.16882],[-118.0762,34.17175],[-118.07784,34.17161],[-118.07694,34.1739],[-118.07782,34.17408],[-118.0781,34.17702],[-118.07744,34.17765],[-118.07274,34.17617],[-118.0729,34.17785],[-118.07224,34.17785],[-118.07208,34.17617],[-118.06747,34.17617],[-118.06563920803876,34.17510535467471],[-118.0657,34.1793],[-118.0778,34.1789],[-118.0781,34.1824],[-118.0824,34.1824],[-118.0825,34.1934],[-118.0964,34.1934],[-118.0961,34.1898],[-118.1004,34.1898],[-118.10043341176471,34.19213882352941]]],[[[-118.0939444879597,34.1352421639585],[-118.09093828468792,34.126576281993714],[-118.091,34.1268],[-118.06753823529412,34.13149235294118],[-118.06750003764219,34.13150223164426],[-118.0677043315508,34.14361394194017],[-118.06783357585812,34.15028980605917],[-118.07342,34.15021],[-118.07339,34.14777],[-118.07795,34.14738],[-118.07801,34.14626],[-118.07938,34.14625],[-118.07936,34.14466],[-118.08237,34.14623],[-118.08611,34.14569],[-118.08607,34.14456],[-118.08322,34.14457],[-118.0835,34.14222],[-118.07896,34.14225],[-118.07892,34.13961],[-118.08373,34.14046],[-118.08387,34.13308],[-118.08601,34.13303],[-118.08599,34.13143],[-118.0873,34.1313],[-118.08733,34.13369],[-118.08949,34.13368],[-118.0895,34.13527],[-118.0939444879597,34.1352421639585]]],[[[-118.09128,34.122],[-118.0912777704918,34.121834273224046],[-118.09094289608177,34.12247611584327],[-118.09128,34.122]]],[[[-118.09038505050505,34.12457080808081],[-118.0903278139535,34.123655023255814],[-118.0902,34.1239],[-118.09038505050505,34.12457080808081]]]]}},{"type":"Feature","properties":{"GEOID":"0603792140","NAME":"North Antelope Valley","COUNTY":"037"},"geometry":{"type":"MultiPolygon","coordinates":[[[[-118.8945,34.818],[-118.8209,34.6659],[-118.8182,34.6659],[-118.8175,34.6614],[-118.8133,34.6605],[-118.8081,34.6616],[-118.807,34.6589],[-118.8043,34.6568],[-118.8002,34.6582],[-118.7989,34.6572],[-118.7988,34.6592],[-118.79,34.6593],[-118.789,34.6566],[-118.7856,34.6574],[-118.7846,34.6522],[-118.7801,34.6524],[-118.7769,34.6483],[-118.7709,34.648],[-118.7706,34.6462],[-118.7723,34.645],[-118.7691,34.6433],[-118.7624,34.6441],[-118.7607,34.6462],[-118.7589,34.6461],[-118.7531,34.6492],[-118.755,34.6586],[-118.7659,34.6709],[-118.7774,34.6766],[-118.7877,34.69],[-118.7981,34.7134],[-118.7989,34.7272],[-118.7954,34.7486],[-118.7917,34.7535],[-118.7861,34.7512],[-118.7789,34.7574],[-118.7797,34.7582],[-118.7659,34.7536],[-118.7659,34.7473],[-118.757,34.7473],[-118.7571,34.7397],[-118.7475,34.7392],[-118.7471,34.7316],[-118.7294,34.7316],[-118.7122,34.7297],[-118.7121,34.731],[-118.7094,34.7288],[-118.7135,34.7264],[-118.7124,34.7217],[-118.7106,34.7208],[-118.7095,34.7179],[-118.6962,34.7182],[-118.6949,34.7199],[-118.6876,34.72],[-118.6806,34.7149],[-118.675,34.7072],[-118.6659,34.7025],[-118.6632,34.6977],[-118.6428,34.6903],[-118.6314,34.6892],[-118.6274,34.684],[-118.6239,34.6817],[-118.6188,34.6823],[-118.6159,34.6873],[-118.6071,34.6932],[-118.5965,34.6948],[-118.5929,34.6964],[-118.5851,34.6955],[-118.583,34.6976],[-118.5711,34.7006],[-118.5637,34.6966],[-118.5647,34.6931],[-118.559,34.6939],[-118.5545,34.6908],[-118.5489,34.6891],[-118.5509,34.6861],[-118.5442,34.683],[-118.542,34.684],[-118.5404,34.683],[-118.5404,34.6812],[-118.5358,34.6817],[-118.5333,34.684],[-118.53,34.684],[-118.529,34.6875],[-118.5267,34.6885],[-118.5219,34.6865],[-118.5156,34.6883],[-118.5106,34.6867],[-118.5043,34.6874],[-118.5028,34.6861],[-118.5026,34.6835],[-118.4926,34.6796],[-118.4865,34.675],[-118.4826,34.675],[-118.4746,34.6706],[-118.4725,34.6714],[-118.4725,34.6702],[-118.4692,34.6718],[-118.4665,34.6696],[-118.4636,34.6707],[-118.4627,34.6695],[-118.4639,34.6679],[-118.4609,34.669],[-118.4613,34.6668],[-118.4589,34.6615],[-118.4628,34.6581],[-118.4636,34.6554],[-118.4794,34.6538],[-118.4813,34.6524],[-118.4805,34.6506],[-118.4774,34.6517],[-118.4769,34.6499],[-118.4711,34.6482],[-118.4596,34.6458],[-118.4496,34.6455],[-118.4421,34.6431],[-118.4404,34.6443],[-118.435,34.6444],[-118.4282,34.648],[-118.4262,34.647],[-118.4226,34.649],[-118.4153,34.6484],[-118.4143,34.647],[-118.4138,34.6483],[-118.409,34.648],[-118.4075,34.647],[-118.4079,34.6452],[-118.4059,34.6456],[-118.4066,34.6442],[-118.4056,34.6425],[-118.4038,34.6429],[-118.4036,34.6414],[-118.3972,34.6394],[-118.3809,34.6396],[-118.3831,34.6347],[-118.3859,34.6333],[-118.3854,34.6308],[-118.3797,34.632],[-118.3775,34.6306],[-118.3707,34.6298],[-118.3731,34.6255],[-118.3667,34.6232],[-118.3671,34.6206],[-118.3656,34.619],[-118.3635,34.6191],[-118.3642,34.6177],[-118.3566,34.6168],[-118.353,34.6131],[-118.3518,34.6144],[-118.3507,34.6086],[-118.347,34.6084],[-118.3478,34.6075],[-118.3457,34.6056],[-118.3435,34.6055],[-118.3467,34.6035],[-118.3487,34.6043],[-118.3482,34.6025],[-118.3449,34.603],[-118.3361,34.6007],[-118.3319,34.5975],[-118.3273,34.5968],[-118.3253,34.5938],[-118.3207,34.5953],[-118.3158,34.5924],[-118.3147,34.5901],[-118.313,34.5908],[-118.3096,34.589],[-118.3105,34.5908],[-118.3093,34.5902],[-118.308,34.5877],[-118.3108,34.5876],[-118.3056,34.5862],[-118.304,34.5875],[-118.2916,34.5876],[-118.2784,34.5918],[-118.2754,34.5948],[-118.2716,34.5953],[-118.2711,34.6117],[-118.26356621621622,34.60947],[-118.26235,34.60947],[-118.25903775158137,34.60812957446809],[-118.2586,34.608],[-118.2542,34.6086],[-118.2504,34.6073],[-118.2482,34.6106],[-118.2448,34.6082],[-118.243,34.6101],[-118.2353,34.6117],[-118.2357,34.6138],[-118.2334,34.6161],[-118.23341885056064,34.616483294733136],[-118.2712,34.61673],[-118.27124,34.64551],[-118.26710826015109,34.64552174457035],[-118.30645,34.64543],[-118.30649,34.65273],[-118.31236,34.65499],[-118.31276,34.65602],[-118.31561,34.65508],[-118.31736,34.65617],[-118.31711,34.65758],[-118.3188,34.65765],[-118.31977,34.6592],[-118.32438,34.66007],[-118.32435,34.6616],[-118.3221,34.66142],[-118.32209,34.66463],[-118.32432,34.66462],[-118.32415,34.67464],[-118.31978,34.67466],[-118.3198,34.6783],[-118.32415,34.67829],[-118.32422,34.68921],[-118.31552,34.68923],[-118.31551,34.70017],[-118.31115,34.70015],[-118.31116,34.70376],[-118.30677,34.70374],[-118.30685,34.71103],[-118.31558,34.71105],[-118.31566,34.71825],[-118.32004,34.71824],[-118.32005,34.72189],[-118.31567,34.72191],[-118.31569,34.72553],[-118.32006,34.72551],[-118.32007,34.72913],[-118.3157,34.72915],[-118.31572,34.73267],[-118.31135,34.73271],[-118.31137,34.72918],[-118.30693,34.7292],[-118.3072,34.74368],[-118.31113,34.74363],[-118.31104,34.74],[-118.31496,34.73994],[-118.31502,34.74175],[-118.31894,34.74169],[-118.3188,34.73746],[-118.32172,34.73742],[-118.32182,34.73983],[-118.32475,34.73978],[-118.32487,34.74234],[-118.31896,34.74229],[-118.31914,34.74713],[-118.32058,34.74707],[-118.3207,34.75071],[-118.32515,34.7507],[-118.32518,34.7519],[-118.32064,34.75198],[-118.32087,34.76162],[-118.31201,34.76182],[-118.31214,34.76905],[-118.30769,34.76915],[-118.30755,34.76189],[-118.31145,34.76182],[-118.31142,34.76089],[-118.31253,34.76087],[-118.31234,34.75214],[-118.31627,34.75207],[-118.31616,34.74713],[-118.29871,34.74735],[-118.29872,34.74004],[-118.29221,34.74012],[-118.29223,34.73828],[-118.29872,34.73826],[-118.29872,34.73645],[-118.29441,34.73646],[-118.29442,34.73459],[-118.29657,34.73457],[-118.29658,34.73282],[-118.29444,34.73283],[-118.29414,34.72561],[-118.28981,34.72563],[-118.29015,34.73285],[-118.28573,34.73288],[-118.28558,34.72927],[-118.28778,34.72926],[-118.28762,34.72564],[-118.28102,34.72567],[-118.28121,34.72929],[-118.2768,34.72931],[-118.27655,34.72573],[-118.27226,34.72579],[-118.27229,34.72752],[-118.26793,34.72754],[-118.26784,34.72392],[-118.2722,34.72389],[-118.27204,34.71481],[-118.26546,34.71484],[-118.2655,34.71848],[-118.26414,34.71849],[-118.26403,34.71742],[-118.26329,34.71742],[-118.26331,34.71849],[-118.25453,34.71855],[-118.25461,34.72218],[-118.259,34.72215],[-118.25905,34.72397],[-118.25795,34.72397],[-118.25802,34.72578],[-118.25471,34.7258],[-118.25466,34.76199],[-118.17561,34.76235],[-118.17508,34.73322],[-118.1308,34.7334],[-118.13062,34.71852],[-118.05916,34.71928],[-118.05922,34.69727],[-118.04123,34.69719],[-118.0412,34.68996],[-118.03457,34.68995],[-118.03458,34.69359],[-118.03235,34.69359],[-118.03231,34.68995],[-118.01896,34.68997],[-118.0189,34.6863],[-118.01721,34.68631],[-118.01727,34.68998],[-117.98731,34.69014],[-117.98738,34.68642],[-117.9866,34.6864],[-117.98628,34.69015],[-117.97863,34.6902],[-117.97859,34.67916],[-117.96967,34.67921],[-117.96967,34.6829],[-117.96525,34.68294],[-117.96526,34.68655],[-117.96304,34.68653],[-117.96301,34.6902],[-117.96087,34.69018],[-117.9608,34.68287],[-117.95196,34.68277],[-117.95195,34.68095],[-117.94755,34.68094],[-117.94759,34.67548],[-117.93867,34.67542],[-117.93873,34.66068],[-117.94764,34.66074],[-117.9476,34.66806],[-117.95205,34.66805],[-117.95205,34.67547],[-117.96964,34.67551],[-117.96979,34.66075],[-117.98736,34.66077],[-117.98737,34.66435],[-117.99632,34.66437],[-117.99632,34.66804],[-117.99181,34.66806],[-117.99187,34.68642],[-117.99639,34.6864],[-117.99633,34.67538],[-118.0008,34.67538],[-118.0008,34.6717],[-118.00523,34.67169],[-118.0053,34.67224],[-118.00975,34.67168],[-118.00975,34.67536],[-118.01421,34.67536],[-118.01421,34.668],[-118.00523,34.66803],[-118.00523,34.66436],[-118.03655,34.66428],[-118.03657,34.66798],[-118.02762,34.66797],[-118.02764,34.67163],[-118.04105,34.67151],[-118.04098,34.66063],[-118.04993,34.66062],[-118.04997,34.6661],[-118.04778,34.6661],[-118.0478,34.66801],[-118.05222,34.66794],[-118.0522,34.66426],[-118.05443,34.66423],[-118.05446,34.66791],[-118.05892,34.6679],[-118.05887,34.66062],[-118.08015803818795,34.66056019093972],[-118.0589,34.6606],[-118.05889937071548,34.66050812446083],[-117.91631,34.66061],[-117.9162624411164,34.6315],[-117.9075,34.6315],[-117.9073,34.6237],[-117.8808,34.624],[-117.8806,34.5579],[-117.7628,34.5582],[-117.729,34.5634],[-117.7114,34.5629],[-117.7024,34.5581],[-117.6671,34.5579],[-117.6675,34.8225],[-117.9877,34.8226],[-118.4845,34.8182],[-118.854,34.8178],[-118.8541,34.8033],[-118.8721,34.8032],[-118.8767,34.8032],[-118.8833,34.8094],[-118.8842,34.8135],[-118.8804,34.8178],[-118.8945,34.818]]],[[[-118.31114,34.69642],[-118.31107,34.68923],[-118.29145,34.68927],[-118.29144,34.68746],[-118.28916,34.68747],[-118.2891,34.67475],[-118.28043,34.67471],[-118.28035,34.67716],[-118.28503,34.67717],[-118.28503,34.67836],[-118.28042,34.67834],[-118.28048,34.68384],[-118.28256,34.68383],[-118.28257,34.68559],[-118.276,34.68565],[-118.276,34.68465],[-118.27162,34.68471],[-118.27162,34.68566],[-118.26066,34.68568],[-118.26067,34.68934],[-118.26724,34.68933],[-118.26737,34.69662],[-118.27621,34.6966],[-118.27639,34.71477],[-118.28508,34.71477],[-118.28501,34.70385],[-118.28118,34.70387],[-118.28061,34.70328],[-118.28061,34.69294],[-118.28482,34.69293],[-118.2849,34.69657],[-118.28926,34.69655],[-118.28941,34.71111],[-118.2938,34.71104],[-118.2938,34.7129],[-118.29163,34.71291],[-118.29164,34.71472],[-118.29382,34.7147],[-118.29384,34.71835],[-118.30262,34.71832],[-118.30259,34.70378],[-118.30362,34.70377],[-118.30357,34.69833],[-118.3025,34.69833],[-118.30249,34.69652],[-118.31114,34.69642]]],[[[-118.26325,34.70935],[-118.25992,34.70937],[-118.2599,34.70757],[-118.26323,34.70757],[-118.26307,34.70025],[-118.2587,34.70028],[-118.25848,34.68933],[-118.2541,34.68934],[-118.25441,34.71124],[-118.26325,34.71119],[-118.26325,34.70935]]],[[[-118.25927909109714,34.64554399917255],[-118.2448303532045,34.64558507005911],[-118.24492,34.64941],[-118.24817,34.64941],[-118.24781,34.65106],[-118.24847,34.65106],[-118.24938,34.65105],[-118.24929,34.64921],[-118.25371,34.6492],[-118.25362,34.64608],[-118.25476,34.64559],[-118.25528,34.6471],[-118.25455,34.6477],[-118.25625,34.64908],[-118.25898,34.64686],[-118.25927909109714,34.64554399917255]]],[[[-118.24497,34.65284],[-118.24496,34.65178],[-118.24493,34.64961],[-118.24289,34.64964],[-118.24292,34.65054],[-118.23995,34.65056],[-118.23839,34.65289],[-118.23622,34.65289],[-118.23628,34.65653],[-118.2407,34.65653],[-118.24064,34.65288],[-118.24497,34.65284]]],[[[-118.23612,34.64928],[-118.23606,34.64561],[-118.23606013568521,34.6456],[-118.2077,34.6456],[-118.20343188129594,34.64634692077321],[-118.20343,34.64652],[-118.20314191890348,34.64639766419189],[-118.2012493926292,34.64672885628989],[-118.20136,34.66014],[-118.20571,34.66013],[-118.20572,34.66122],[-118.20573,34.66387],[-118.20244,34.66379],[-118.20245,34.66473],[-118.20136,34.66472],[-118.20139,34.66655],[-118.20246,34.66656],[-118.2025,34.66839],[-118.20138,34.66839],[-118.20135,34.67118],[-118.20252,34.67118],[-118.20253,34.67295],[-118.2036,34.67296],[-118.20361,34.67477],[-118.20589,34.67479],[-118.20584,34.67756],[-118.20805,34.67805],[-118.20805,34.67888],[-118.21027,34.6789],[-118.2102,34.67484],[-118.21131,34.67485],[-118.21134,34.67215],[-118.21132,34.67127],[-118.21019,34.67125],[-118.21017,34.66937],[-118.21454,34.66944],[-118.21453,34.66757],[-118.21884,34.6676],[-118.21888,34.67491],[-118.22324,34.67487],[-118.22316,34.66025],[-118.22762,34.66022],[-118.22742,34.65291],[-118.2318,34.6529],[-118.23174,34.65029],[-118.22855,34.65016],[-118.22853,34.64925],[-118.22733,34.64925],[-118.22727,34.64561],[-118.23163,34.64563],[-118.23171,34.64924],[-118.23612,34.64928]]],[[[-118.18305114297917,34.64563795872971],[-118.13631071428571,34.64581107142857],[-118.11233,34.64594],[-118.18305,34.64569],[-118.18305114297917,34.64563795872971]]]]}},{"type":"Feature","properties":{"GEOID":"0603793090","NAME":"South Antelope Valley","COUNTY":"037"},"geometry":{"type":"MultiPolygon","coordinates":[[[[-118.4236,34.4498],[-118.4208,34.4476],[-118.4184087760029,34.44006402134251],[-118.41518,34.44009],[-118.41507,34.44556],[-118.40289,34.4464],[-118.40282,34.44953],[-118.39988,34.44961],[-118.39961,34.44872],[-118.39737,34.44907],[-118.39809,34.44745],[-118.39766,34.44681],[-118.39629,34.44606],[-118.39459,34.44675],[-118.39561,34.44963],[-118.39735,34.44967],[-118.39732,34.45337],[-118.39352,34.45327],[-118.39386,34.45408],[-118.39226,34.45473],[-118.39405,34.4549],[-118.3943,34.4558],[-118.39276,34.45575],[-118.39246,34.46038],[-118.388,34.46034],[-118.3877,34.45312],[-118.38885,34.45315],[-118.38907,34.44947],[-118.3884,34.44849],[-118.38921,34.44751],[-118.38769,34.44692],[-118.38769,34.44947],[-118.37871,34.44927],[-118.37895,34.43687],[-118.37989,34.43816],[-118.38112,34.43829],[-118.38246,34.43767],[-118.38206,34.43511],[-118.38709,34.43452],[-118.38704,34.43369],[-118.392,34.43364],[-118.4042,34.42847],[-118.4042,34.42708],[-118.40354,34.42707],[-118.40421,34.42563],[-118.39759,34.427],[-118.39786,34.39909],[-118.39975,34.40015],[-118.40082,34.4017],[-118.4009,34.40363],[-118.40396,34.40646],[-118.40731,34.40574],[-118.40858,34.40353],[-118.40567,34.4007],[-118.40366,34.40046],[-118.40384,34.39967],[-118.40305,34.39937],[-118.40434,34.3987],[-118.40323,34.39852],[-118.40383,34.39457],[-118.39792,34.39441],[-118.39795,34.38646],[-118.39805,34.38179],[-118.40559,34.38148],[-118.40559056130557,34.38024905689057],[-118.4031,34.3804],[-118.4003,34.3768],[-118.3971,34.3676],[-118.3898,34.3634],[-118.3864,34.3633],[-118.3891,34.361],[-118.392,34.3607],[-118.3863,34.3608],[-118.3854,34.3592],[-118.3852,34.361],[-118.3794,34.3623],[-118.378,34.3637],[-118.3794,34.3648],[-118.3779,34.3651],[-118.3765,34.3623],[-118.3712,34.3622],[-118.3666,34.3589],[-118.3643,34.362],[-118.3525,34.3665],[-118.3528,34.3685],[-118.3501,34.3689],[-118.3424,34.3742],[-118.3376,34.3752],[-118.3381,34.3761],[-118.3415,34.376],[-118.3367,34.3778],[-118.3354,34.3808],[-118.331,34.3825],[-118.3295,34.3817],[-118.3256,34.3852],[-118.3179,34.3843],[-118.3157,34.3898],[-118.3141,34.3898],[-118.3144,34.3884],[-118.3018,34.3894],[-118.3003,34.3923],[-118.2852,34.3964],[-118.2809,34.3951],[-118.2814,34.3939],[-118.2773,34.3958],[-118.2733,34.3959],[-118.2713,34.395],[-118.2695,34.3918],[-118.2689,34.3971],[-118.27,34.3981],[-118.2691,34.399],[-118.2672,34.3982],[-118.2633,34.3994],[-118.2606,34.3984],[-118.2598,34.3966],[-118.2577,34.397],[-118.256,34.3943],[-118.2532,34.3948],[-118.2552,34.3933],[-118.2551,34.392],[-118.2548,34.3931],[-118.2512,34.3935],[-118.2531,34.3907],[-118.2515,34.387],[-118.2521,34.3828],[-118.2483,34.3796],[-118.2532,34.3798],[-118.2549,34.3772],[-118.2575,34.3775],[-118.2567,34.3752],[-118.2535,34.3759],[-118.2523,34.3742],[-118.2495,34.3747],[-118.2487,34.3735],[-118.247,34.3753],[-118.2453,34.3746],[-118.2433,34.376],[-118.2423,34.3745],[-118.2405,34.3746],[-118.2399,34.3767],[-118.2317,34.3796],[-118.2276,34.3757],[-118.2208,34.3793],[-118.2203,34.377],[-118.2153,34.3769],[-118.2133,34.3748],[-118.2104,34.3772],[-118.2045,34.3756],[-118.198,34.3783],[-118.195,34.3778],[-118.1955,34.3805],[-118.1922,34.3801],[-118.1912,34.3815],[-118.1886,34.38],[-118.1842,34.3797],[-118.1808,34.3741],[-118.1726,34.371],[-118.1711,34.3756],[-118.1722,34.3769],[-118.1689,34.3775],[-118.1688,34.3762],[-118.1639,34.3743],[-118.1642,34.3783],[-118.1623,34.3793],[-118.1576,34.3789],[-118.1543,34.3802],[-118.1498,34.3759],[-118.1428,34.3748],[-118.1395,34.3779],[-118.1327,34.3795],[-118.129,34.3821],[-118.1228,34.3811],[-118.1213,34.3795],[-118.1192,34.3823],[-118.119,34.386],[-118.1145,34.3885],[-118.1107,34.3931],[-118.107,34.3943],[-118.1065,34.3968],[-118.1026,34.3986],[-118.102,34.4],[-118.0937,34.4002],[-118.0926,34.4021],[-118.0902,34.4025],[-118.0841,34.3995],[-118.0809,34.4002],[-118.0797,34.3969],[-118.0812,34.3917],[-118.0837,34.3924],[-118.0847,34.3891],[-118.0882,34.3862],[-118.0913,34.3874],[-118.0965,34.3853],[-118.0993,34.3855],[-118.0962,34.3793],[-118.0985,34.3749],[-118.1018,34.3741],[-118.1005,34.3709],[-118.106,34.3659],[-118.1098,34.3598],[-118.1107,34.3528],[-118.1097,34.3457],[-118.1107,34.3435],[-118.1089,34.3364],[-118.1126,34.335],[-118.1168,34.3301],[-118.1259,34.3264],[-118.1315,34.3182],[-118.1357,34.3172],[-118.1359,34.313],[-118.1384,34.3109],[-118.146,34.307],[-118.1523,34.3078],[-118.1535,34.3058],[-118.1485,34.2997],[-118.1488,34.2985],[-118.1582,34.3014],[-118.1613,34.2995],[-118.1608,34.2971],[-118.165,34.2984],[-118.1667,34.2964],[-118.1693,34.2974],[-118.1731,34.2948],[-118.1744,34.2975],[-118.1761,34.2979],[-118.1791,34.2959],[-118.1815,34.2919],[-118.1902,34.2886],[-118.191,34.2847],[-118.195,34.283],[-118.2026,34.2835],[-118.2058,34.2814],[-118.2087,34.284],[-118.2142,34.2798],[-118.2166,34.2818],[-118.2174,34.2844],[-118.221,34.2851],[-118.2267,34.2895],[-118.2305,34.2902],[-118.2387,34.296],[-118.2469,34.2977],[-118.2529,34.3018],[-118.2631,34.3049],[-118.2646,34.3026],[-118.2695,34.2999],[-118.2741,34.2986],[-118.277,34.2992],[-118.28629977836546,34.292100169204865],[-118.2866897155725,34.278499920275756],[-118.27380969042929,34.278400075119606],[-118.27370868421053,34.28168736842105],[-118.2737,34.282],[-118.2385,34.2816],[-118.23850019841443,34.28158055538671],[-118.23845,34.28158],[-118.23849,34.26709],[-118.23874,34.25226],[-118.23879938121158,34.252260641265785],[-118.2388,34.2522],[-118.2216,34.2516],[-118.22175032794603,34.24273065118469],[-118.22168,34.24273],[-118.22187,34.23394],[-118.219695,34.2339],[-118.21751888888889,34.2339],[-118.21742,34.23746],[-118.21740112939341,34.23745934183725],[-118.2174,34.2375],[-118.21085511467889,34.23723103211009],[-118.19821,34.23679],[-118.19552403812826,34.236600987868286],[-118.19550999311869,34.23660041067611],[-118.19545973009447,34.23960010796221],[-118.1953,34.2515],[-118.19526033512064,34.2515],[-118.19526,34.25152],[-118.1869,34.25154],[-118.18690012698413,34.2515],[-118.1869,34.2515],[-118.18690125,34.25114625],[-118.18698997067213,34.223199238278895],[-118.1791,34.2226],[-118.17909684659091,34.222508551136364],[-118.1789527184466,34.2197],[-118.1728,34.2197],[-118.1537,34.2154],[-118.1362,34.2145],[-118.1179,34.2041],[-118.1068,34.1958],[-118.10481,34.1949045],[-118.10481,34.19684],[-118.10048,34.19684],[-118.10043341176471,34.19213882352941],[-118.1004,34.1898],[-118.0961,34.1898],[-118.0964,34.1934],[-118.0825,34.1934],[-118.0824,34.1824],[-118.0781,34.1824],[-118.0778,34.1789],[-118.06565804978305,34.17899163736013],[-118.06566,34.17933],[-118.03014,34.1794],[-118.01759,34.17945],[-118.02137,34.17944],[-118.02138,34.19394],[-117.95995,34.1942],[-117.92511,34.19396],[-117.9248,34.16531],[-117.94232,34.16522],[-117.90754,34.16514],[-117.90753,34.16852],[-117.90169666666667,34.1685],[-117.8988,34.1685],[-117.8988,34.16849006857143],[-117.89878,34.16849],[-117.8988,34.16623666666667],[-117.8988,34.16511001141553],[-117.89005,34.16512],[-117.89004999450552,34.16511111817725],[-117.88126089016974,34.16512228603536],[-117.88154,34.17211],[-117.8641,34.17214],[-117.8646,34.17921],[-117.85106,34.17935],[-117.85068347994981,34.165161139161434],[-117.83765558215131,34.16517769303412],[-117.83786,34.17224],[-117.8466,34.17222],[-117.84683,34.17757],[-117.84472,34.17759],[-117.84472,34.1794],[-117.79433,34.17966],[-117.79386001144542,34.165150353346846],[-117.78094,34.16518],[-117.78097990070671,34.1506002817658],[-117.77032851221317,34.15074960029607],[-117.76772,34.15081],[-117.76782,34.15802],[-117.75909,34.15809],[-117.75908,34.16532],[-117.75473,34.16537],[-117.75471,34.15813],[-117.75036,34.15817],[-117.75034363241679,34.1544],[-117.7503,34.1544],[-117.7504,34.1652],[-117.7245489010989,34.1652],[-117.72455,34.1654],[-117.71585,34.16538],[-117.71584629120879,34.1652],[-117.69790292517007,34.1652],[-117.6979,34.16525],[-117.68528125,34.1652],[-117.6777,34.1652],[-117.6464,34.2892],[-117.6598,34.4528],[-117.6604,34.5579],[-117.7024,34.5581],[-117.7114,34.5629],[-117.729,34.5634],[-117.7628,34.5582],[-117.8806,34.5579],[-117.8808,34.624],[-117.9073,34.6237],[-117.9075,34.6315],[-117.9162624411164,34.6315],[-117.91619,34.58716],[-117.98693,34.58704],[-117.98718,34.56141],[-117.97831,34.56143],[-117.97828,34.55794],[-117.97925,34.55791],[-117.97925,34.55398],[-117.98145,34.55396],[-117.98149,34.54832],[-117.9837,34.54832],[-117.98371,34.5465],[-117.98592,34.54649],[-117.98593,34.54468],[-117.98815,34.54466],[-117.98817,34.54104],[-117.99126,34.53829],[-117.99256,34.53738],[-117.99475,34.53737],[-117.99474,34.53555],[-117.99695,34.53553],[-117.9969,34.52828],[-118.00128,34.52826],[-118.00126,34.52459],[-118.00192,34.5246],[-118.00287,34.52194],[-118.00249,34.52112],[-118.00578,34.52148],[-118.00825,34.52273],[-118.01395,34.53086],[-118.01885,34.53453],[-118.01885,34.53548],[-118.02768,34.53549],[-118.02771,34.54086],[-118.03429,34.54083],[-118.03427,34.54272],[-118.04967,34.54271],[-118.04968,34.53911],[-118.04876,34.53764],[-118.05015,34.53708],[-118.04961,34.53163],[-118.05181,34.53109],[-118.0548,34.5323],[-118.05485,34.53335],[-118.05515,34.53239],[-118.05938,34.53303],[-118.06283,34.53263],[-118.06285,34.53551],[-118.07459,34.53542],[-118.07164,34.53423],[-118.07156,34.52815],[-118.05701,34.52799],[-118.0452,34.52183],[-118.04513,34.51371],[-118.05391,34.51369],[-118.05392,34.51006],[-118.05987,34.51004],[-118.05939,34.51368],[-118.07961,34.51356],[-118.07968,34.5348],[-118.08113,34.53629],[-118.08249,34.53703],[-118.08464,34.53586],[-118.0936,34.53749],[-118.09675,34.53559],[-118.10278,34.53757],[-118.10312,34.53643],[-118.11333,34.55095],[-118.11427,34.55799],[-118.1238,34.55794],[-118.1238,34.5566],[-118.12712,34.55736],[-118.1296,34.55547],[-118.12998,34.55457],[-118.1292,34.5531],[-118.13159,34.5531],[-118.13177,34.55533],[-118.13029,34.55792],[-118.12936,34.55792],[-118.12934,34.55973],[-118.13203,34.55975],[-118.13105,34.55792],[-118.13824,34.55796],[-118.1383,34.55564],[-118.13892,34.55563],[-118.13889,34.55796],[-118.1427,34.558],[-118.14278,34.5652],[-118.15165,34.56527],[-118.15161,34.56181],[-118.15604,34.56392],[-118.16111,34.56385],[-118.16489,34.56661],[-118.16485,34.55813],[-118.20002,34.5583],[-118.20002,34.55736],[-118.19395,34.55735],[-118.19389,34.54616],[-118.19823,34.54626],[-118.19823,34.54259],[-118.22018,34.54275],[-118.22025,34.53909],[-118.2555,34.53929],[-118.25468,34.5583],[-118.28761,34.55818],[-118.28763645118654,34.563298304595975],[-118.2919,34.5631],[-118.2944,34.5644],[-118.3034,34.5636],[-118.3111,34.5614],[-118.3213,34.5639],[-118.3364,34.564],[-118.3389,34.562],[-118.3526,34.5607],[-118.359,34.5629],[-118.3617,34.5533],[-118.3672,34.5527],[-118.3723,34.5496],[-118.3754,34.5449],[-118.3777,34.5316],[-118.3768,34.5336],[-118.3758,34.5294],[-118.3723,34.5294],[-118.3676,34.5339],[-118.3659,34.534],[-118.3675,34.5301],[-118.3651,34.5251],[-118.3651,34.5163],[-118.3721,34.5109],[-118.3774,34.5108],[-118.3772,34.5045],[-118.3801,34.5037],[-118.3783,34.5024],[-118.3785,34.4962],[-118.3873,34.4961],[-118.3871,34.4815],[-118.3883,34.4812],[-118.3918,34.4735],[-118.3978,34.4689],[-118.4107,34.4643],[-118.4236,34.4498]]],[[[-118.289,34.5878],[-118.28772822605482,34.581538959039115],[-118.2877,34.58375],[-118.28335,34.58376],[-118.28332,34.58747],[-118.27459,34.58739],[-118.27466,34.58376],[-118.26146,34.58374],[-118.26143,34.5877],[-118.26648,34.58766],[-118.26653,34.59132],[-118.27092,34.5913],[-118.27104,34.60408],[-118.26232,34.60404],[-118.26234,34.60675],[-118.26525,34.60676],[-118.26528,34.60947],[-118.26356621621622,34.60947],[-118.2711,34.6117],[-118.2713,34.5955],[-118.2755,34.5948],[-118.2784,34.5918],[-118.2865,34.5897],[-118.289,34.5878]]],[[[-118.25903775158137,34.60812957446809],[-118.25595,34.60688],[-118.24483,34.60102],[-118.24134,34.60111],[-118.23549,34.59897],[-118.23453,34.59767],[-118.23575,34.59763],[-118.23557,34.59466],[-118.22683,34.59464],[-118.22725,34.60189],[-118.21849,34.60186],[-118.21857,34.60911],[-118.22738,34.60917],[-118.22749,34.6154],[-118.22383,34.61593],[-118.22311,34.61488],[-118.21862,34.6136],[-118.21864,34.6149],[-118.22201,34.61616],[-118.22261,34.61728],[-118.22832,34.61645],[-118.23341885056064,34.616483294733136],[-118.2334,34.6161],[-118.2357,34.6138],[-118.2352,34.6119],[-118.243,34.6101],[-118.2448,34.6082],[-118.2482,34.6106],[-118.2504,34.6073],[-118.2542,34.6086],[-118.2586,34.608],[-118.25903775158137,34.60812957446809]]],[[[-118.23616,34.63824],[-118.22302,34.63823],[-118.22319,34.63086],[-118.21001,34.63095],[-118.20998,34.6443],[-118.20729,34.64561],[-118.20344,34.6456],[-118.20343188129594,34.64634692077321],[-118.2077,34.6456],[-118.23606013568521,34.6456],[-118.23616,34.63824]]],[[[-118.21001,34.63095],[-118.20995,34.62369],[-118.20184,34.62369],[-118.20117,34.62311],[-118.20116,34.62369],[-118.18351,34.62378],[-118.18324,34.60548],[-118.15656,34.60548],[-118.15658,34.60914],[-118.14889,34.60915],[-118.14887,34.61286],[-118.14994,34.61288],[-118.14992,34.61658],[-118.1499,34.61844],[-118.14884,34.61844],[-118.14881,34.62395],[-118.15211,34.62386],[-118.15207,34.63026],[-118.15316,34.63026],[-118.15325,34.64572],[-118.13631071428571,34.64581107142857],[-118.18305114297917,34.64563795872971],[-118.18337,34.63112],[-118.21001,34.63095]]],[[[-118.20314191890348,34.64639766419189],[-118.20124,34.64559],[-118.2012493926292,34.64672885628989],[-118.20314191890348,34.64639766419189]]],[[[-118.1616,34.5871],[-118.15635,34.58712],[-118.15597,34.58455],[-118.15407,34.58445],[-118.15284,34.58348],[-118.14992,34.58456],[-118.15012,34.58714],[-118.14748,34.58715],[-118.14753,34.59146],[-118.14882,34.59145],[-118.1483,34.59538],[-118.15131,34.59345],[-118.15361,34.59555],[-118.14941,34.59703],[-118.14983,34.59827],[-118.15623,34.59594],[-118.16087,34.59261],[-118.1592,34.59333],[-118.15854,34.5927],[-118.15595,34.5946],[-118.1553,34.594],[-118.1616,34.58772],[-118.1616,34.5871]]],[[[-118.12454,34.58718],[-118.12378,34.58718],[-118.1238,34.58901],[-118.12454,34.58718]]],[[[-118.11944,34.59453],[-118.11909,34.59232],[-118.11829,34.58724],[-118.11201,34.58731],[-118.11201,34.5946],[-118.11944,34.59453]]],[[[-118.11226,34.66047],[-118.05889937071548,34.66050812446083],[-118.0589,34.6606],[-118.06126318391809,34.660613276314145],[-118.11226,34.66047]]],[[[-118.10317,34.59478],[-118.10316,34.59108],[-118.04076,34.59104],[-118.04075,34.58737],[-118.02292,34.58716],[-118.02287,34.57982],[-117.99595,34.57965],[-117.99602,34.59428],[-117.95164,34.59453],[-117.95183,34.6387],[-117.96969,34.63862],[-117.96988,34.64604],[-118.04982,34.64599],[-118.04977,34.62779],[-118.05867,34.62778],[-118.05864,34.6241],[-118.06926,34.6241],[-118.07025,34.62346],[-118.0702,34.61678],[-118.072,34.61678],[-118.07197,34.6065],[-118.07377,34.60685],[-118.07348,34.60784],[-118.07495,34.60812],[-118.07623,34.60221],[-118.07666,34.60298],[-118.07521,34.60826],[-118.08087,34.61],[-118.08087,34.61243],[-118.0792,34.61208],[-118.07851,34.61388],[-118.07709,34.6136],[-118.0775,34.61678],[-118.08098,34.61678],[-118.08087,34.60802],[-118.07984,34.60802],[-118.07983,34.60225],[-118.10315,34.60218],[-118.10317,34.59478]]],[[[-117.97749972371942,34.16511008424118],[-117.95956,34.16516],[-117.94363,34.16524],[-117.97749972284637,34.16511011610708],[-117.97749972371942,34.16511008424118]]]]}},{"type":"Feature","properties":{"GEOID":"0603790560","NAME":"Compton","COUNTY":"037"},"geometry":{"type":"MultiPolygon","coordinates":[[[[-118.2996,33.8034],[-118.2991,33.7978],[-118.29881897959183,33.797796530612246],[-118.28657348916762,33.79766818700114],[-118.28815,33.79956],[-118.28888,33.80246],[-118.28723,33.81041],[-118.28723,33.83546],[-118.28492,33.84624],[-118.28493989588911,33.86126139627581],[-118.28534155092245,33.86107636418179],[-118.28521,33.86048],[-118.28556968042011,33.86097127081771],[-118.2905,33.8587],[-118.2905,33.85421977229601],[-118.28876333333334,33.8542],[-118.2853,33.8542],[-118.28530349034193,33.8541606089982],[-118.28525,33.85416],[-118.28527,33.85225],[-118.28547278481012,33.85225],[-118.286,33.8463],[-118.28602016666666,33.8463],[-118.28602,33.84625],[-118.29544142857142,33.8463],[-118.2992,33.8463],[-118.29922007965686,33.83973395220588],[-118.29926,33.81365],[-118.2988,33.81335],[-118.2983,33.8131],[-118.29837692049084,33.81252605479913],[-118.29902,33.8034],[-118.29959742045844,33.803419247348614],[-118.2996,33.8034]]],[[[-118.28319763497372,33.89690105112279],[-118.28264546221423,33.88547274825219],[-118.261062352433,33.88617439696761],[-118.26101,33.88667],[-118.26018,33.88679],[-118.26097,33.89023],[-118.25891,33.89029],[-118.26009,33.89536],[-118.25247,33.89626],[-118.25243,33.89768],[-118.25376,33.9028],[-118.26315,33.90238],[-118.26315,33.90311],[-118.26314,33.90554],[-118.26091,33.90557],[-118.26093,33.9128],[-118.25446,33.91283],[-118.25434,33.91729],[-118.23913,33.91783],[-118.23789,33.91372],[-118.23606,33.91374],[-118.23606,33.90597],[-118.22504,33.90898],[-118.22237,33.90883],[-118.22409,33.9198],[-118.22803,33.91983],[-118.22881,33.92268],[-118.23032,33.929],[-118.25427,33.92946],[-118.25347,33.92863],[-118.25359,33.92309],[-118.25580708648471,33.923107744163104],[-118.27735274283357,33.92318334295731],[-118.27753,33.92243],[-118.27820015370907,33.9231863163288],[-118.28209000024394,33.92319996491314],[-118.28227,33.89731],[-118.282328125,33.8972875],[-118.28319763497372,33.89690105112279]]],[[[-118.28231790055248,33.86246928176796],[-118.28155,33.8628],[-118.282312,33.862472],[-118.28231790055248,33.86246928176796]]],[[[-118.28203691093084,33.872877580780816],[-118.28155,33.8628],[-118.28158,33.87305],[-118.28203691093084,33.872877580780816]]],[[[-118.26116,33.88525],[-118.26055,33.88526],[-118.26035261060824,33.88545512054818],[-118.26116,33.88525]]],[[[-118.25439,33.90603],[-118.25359,33.90294],[-118.24562,33.9034],[-118.24551,33.9063],[-118.25439,33.90603]]],[[[-118.24257,33.86967],[-118.24249,33.86766],[-118.23567,33.86785],[-118.23398,33.84665],[-118.2065907369193,33.846591475933586],[-118.20665566329967,33.848483616161616],[-118.2067,33.8486],[-118.20499005593537,33.85229969715803],[-118.2042,33.85566],[-118.2012398792583,33.86050996981457],[-118.2036,33.8611],[-118.20592723880597,33.869029850746266],[-118.20632,33.87034],[-118.20616037003198,33.87035153951576],[-118.20697,33.87372],[-118.21611,33.87357],[-118.21546,33.86951],[-118.21966,33.8694],[-118.21921,33.86832],[-118.22567,33.86815],[-118.22653,33.86315],[-118.23053,33.86303],[-118.23053,33.86461],[-118.2321,33.86525],[-118.23216,33.86655],[-118.2342,33.8665],[-118.23423,33.86734],[-118.23562,33.8673],[-118.23567,33.8679],[-118.24249,33.86773],[-118.24257,33.86967]]],[[[-118.23089871023215,33.93169419604471],[-118.23030035911603,33.9290016160221],[-118.22558,33.92939],[-118.22677,33.9371],[-118.229128582411,33.9373223253912],[-118.23077408759124,33.9320996350365],[-118.23089871023215,33.93169419604471]]],[[[-118.23032009024428,33.92900041854676],[-118.23032,33.929],[-118.23031595907928,33.92900033248082],[-118.23032009024428,33.92900041854676]]],[[[-118.21994,33.92303],[-118.21861688719815,33.92163152001323],[-118.21864,33.92176],[-118.21994,33.92303]]],[[[-118.21668400479919,33.94502078492044],[-118.21445208695653,33.93772413043478],[-118.21419,33.93692],[-118.21664312114912,33.94502100472501],[-118.21668400479919,33.94502078492044]]],[[[-118.20772506072875,33.8392],[-118.20772501369864,33.8392],[-118.20591,33.84648],[-118.20592662265783,33.84648220005765],[-118.20772506072875,33.8392]]],[[[-118.20614,33.88815],[-118.20428,33.88162],[-118.19676,33.88165],[-118.19815,33.88826],[-118.20057,33.88873],[-118.20039,33.88633],[-118.20194,33.88632],[-118.20208,33.88825],[-118.20614,33.88815]]],[[[-118.20043,33.90611],[-118.2003,33.9041],[-118.19783,33.90399],[-118.19775,33.90304],[-118.19928,33.90301],[-118.19924,33.90221],[-118.19991,33.90219],[-118.19922,33.90194],[-118.19987,33.90163],[-118.19978,33.9003],[-118.19914,33.90031],[-118.19889,33.89622],[-118.19835,33.8961],[-118.19812,33.89284],[-118.19749,33.89285],[-118.19725,33.88875],[-118.18942,33.88953],[-118.19017,33.90057],[-118.19321,33.90038],[-118.19303,33.89844],[-118.19407,33.89842],[-118.1939,33.90054],[-118.19173,33.90056],[-118.19197,33.90359],[-118.19066,33.90405],[-118.19076,33.90553],[-118.19398,33.90583],[-118.1944,33.90275],[-118.19497,33.90393],[-118.19441,33.90574],[-118.20043,33.90611]]],[[[-118.18989,33.90056],[-118.18944,33.8947],[-118.18809756030952,33.89471443483538],[-118.188070069735,33.894877087401206],[-118.18812,33.89488],[-118.18695,33.90179],[-118.18757540483702,33.90314504381353],[-118.18946,33.90277],[-118.18842,33.90154],[-118.18938,33.90164],[-118.1893,33.90057],[-118.18989,33.90056]]],[[[-118.18964,33.90563],[-118.18953,33.90367],[-118.18760400998336,33.903207021630614],[-118.18760999999999,33.90321999999999],[-118.1878,33.9036],[-118.18778856980704,33.90360690124858],[-118.18779,33.90361],[-118.18776700662252,33.9036199205298],[-118.18579099355121,33.904812985025686],[-118.18705,33.90537],[-118.18964,33.90563]]],[[[-118.1880429147982,33.89471502242152],[-118.18572,33.89474],[-118.18754373806276,33.894846384720324],[-118.1880429147982,33.89471502242152]]],[[[-118.17929428983003,33.915787735522905],[-118.17925126436778,33.91599241379332],[-118.17681227358848,33.93062635846912],[-118.17683876620806,33.93062702380888],[-118.17929428983003,33.915787735522905]]]]}},{"type":"Feature","properties":{"GEOID":"0603791730","NAME":"Long Beach-Lakewood","COUNTY":"037"},"geometry":{"type":"MultiPolygon","coordinates":[[[[-118.23177113741079,33.71483997346441],[-118.2216,33.6906],[-118.22158431175525,33.69060028115134],[-118.23175256983785,33.714845952395414],[-118.23177113741079,33.71483997346441]]],[[[-118.22456591545222,33.824301481936864],[-118.22456410776068,33.82429140447893],[-118.2223,33.82438],[-118.22276,33.82438],[-118.22456591545222,33.824301481936864]]],[[[-118.20773,33.83918],[-118.20772501369864,33.8392],[-118.20772506072875,33.8392],[-118.20773,33.83918]]],[[[-118.2067,33.8486],[-118.20665566329967,33.848483616161616],[-118.20666,33.84861],[-118.20574,33.84911],[-118.20499244375485,33.85228954117256],[-118.2067,33.8486]]],[[[-118.20592723880597,33.869029850746266],[-118.2036,33.8611],[-118.20270087719298,33.86095614035088],[-118.20355,33.8611],[-118.20592723880597,33.869029850746266]]],[[[-118.18789,33.88146],[-118.18670002904324,33.88542982114264],[-118.18672100620651,33.88542997931164],[-118.18785988095237,33.88163373015873],[-118.18789,33.88146]]],[[[-118.18459,33.80627],[-118.18458,33.80433],[-118.18458,33.81862],[-118.18459,33.80627]]],[[[-118.1559592700398,33.69296676805003],[-118.1478,33.6941],[-118.12055005794545,33.73614738833343],[-118.12206,33.73674],[-118.1559592700398,33.69296676805003]]],[[[-118.15132,33.88199],[-118.1512978791169,33.878376000723854],[-118.15129,33.87981],[-118.15132,33.88199]]],[[[-118.11657,33.82502],[-118.11044,33.825],[-118.11043,33.82753],[-118.10854,33.82753],[-118.10855,33.82499],[-118.10779,33.82499],[-118.10776,33.83031],[-118.11429,33.83024],[-118.1143,33.82843],[-118.11656,33.82844],[-118.11657,33.82502]]],[[[-118.1136315677019,33.746362830791696],[-118.09421202566453,33.75725886342805],[-118.11324,33.74698],[-118.1136315677019,33.746362830791696]]],[[[-118.09657353084022,33.77931439533754],[-118.0862,33.7969],[-118.0847,33.8029],[-118.07476225174825,33.812921258741255],[-118.08474,33.80291],[-118.08623,33.79688],[-118.09656,33.77947],[-118.09657353084022,33.77931439533754]]],[[[-118.09343,33.83129],[-118.08193,33.83126],[-118.08262125,33.82993875],[-118.08192,33.83064],[-118.08190703954111,33.83126025053238],[-118.09343,33.83129]]],[[[-118.09337758389262,33.76656536912752],[-118.09233,33.76453],[-118.09215,33.7615],[-118.0923,33.7645],[-118.09337758389262,33.76656536912752]]],[[[-118.08272,33.82975],[-118.0817,33.82508],[-118.08270631815266,33.829776151379086],[-118.08272,33.82975]]],[[[-118.06332,33.83154],[-118.06327,33.82411],[-118.06321776119403,33.821795820895524],[-118.0633,33.8315],[-118.059,33.8352],[-118.059,33.835206176470585],[-118.06069,33.83456],[-118.06123,33.83331],[-118.06332,33.83154]]],[[[-118.06096,33.83879],[-118.05901,33.83885],[-118.059,33.83703],[-118.059,33.846186834005124],[-118.05904349816194,33.84618649928127],[-118.06096,33.83879]]]]}},{"type":"Feature","properties":{"GEOID":"0603791750","NAME":"Los Angeles","COUNTY":"037"},"geometry":{"type":"MultiPolygon","coordinates":[[[[-118.5992,34.0744],[-118.599166623888,34.07439408964683],[-118.56475,34.13017],[-118.56524909266291,34.13035978040736],[-118.5992,34.0744]]],[[[-118.58349090909091,34.07161818181818],[-118.5704,34.0693],[-118.57038116883116,34.06790649350649],[-118.5704,34.06935],[-118.58349090909091,34.07161818181818]]],[[[-118.57010000934405,34.04710069145954],[-118.5701,34.0471],[-118.57007938144329,34.04706082474227],[-118.57010000934405,34.04710069145954]]],[[[-118.5697,33.9888],[-118.56902863013698,33.98868424657534],[-118.56939187845303,33.988753314917126],[-118.5697,33.9888]]],[[[-118.56688685715726,33.98837376623595],[-118.56686461273102,33.98831114012604],[-118.5668,33.9883],[-118.56682293423272,33.98836408094435],[-118.56688685715726,33.98837376623595]]],[[[-118.56682843872582,33.988379461145676],[-118.56682293423272,33.98836408094435],[-118.5631,33.9878],[-118.56307654213036,33.98781912718601],[-118.56311,33.98782],[-118.56682843872582,33.988379461145676]]],[[[-118.5377,33.9669],[-118.53758222604152,33.966785520417986],[-118.53766,33.96688],[-118.53768356688633,33.96690867012473],[-118.5377,33.9669]]],[[[-118.5234640179071,33.95306222719642],[-118.52344661570432,33.953045311768534],[-118.52345,33.95305],[-118.5234640179071,33.95306222719642]]],[[[-118.51684029810484,34.025632215127196],[-118.51640110058361,34.02599113317672],[-118.51305664335639,34.029034965035194],[-118.51684029810484,34.025632215127196]]],[[[-118.50835,34.03915],[-118.50799033613445,34.037580557677614],[-118.50798215258855,34.0376333787466],[-118.50831570188133,34.03918994211288],[-118.50835,34.03915]]],[[[-118.50827880507343,34.0392329105474],[-118.50768300090662,34.039564266875466],[-118.50761447683271,34.04000655862519],[-118.50827880507343,34.0392329105474]]],[[[-118.50740894009216,34.04013184331797],[-118.50634302059497,34.0403094965675],[-118.50458,34.04129],[-118.50740894009216,34.04013184331797]]],[[[-118.49900056856187,33.91636899665552],[-118.4989,33.9162],[-118.4988998107763,33.916200000246704],[-118.49900056856187,33.91636899665552]]],[[[-118.46889,34.06587],[-118.46876,34.06519],[-118.46795,34.06091],[-118.45658,34.04772],[-118.45407,34.04921],[-118.45222,34.04706],[-118.44818,34.04958],[-118.44909,34.05335],[-118.44562,34.0553],[-118.45403,34.06505],[-118.45468,34.0668],[-118.45962,34.06544],[-118.45516,34.06024],[-118.45878,34.05807],[-118.4611,34.06005],[-118.4632,34.06507],[-118.46534,34.06699],[-118.46673,34.06771],[-118.46889,34.06587]]],[[[-118.46348,33.98105],[-118.45453,33.96984],[-118.4513,33.96423],[-118.43226,33.97502],[-118.4416,33.98338],[-118.45505,33.98642],[-118.46348,33.98105]]],[[[-118.46096,33.96017],[-118.45948,33.9583],[-118.45703,33.9583],[-118.45728,33.94143],[-118.4453,33.92155],[-118.43698,33.91631],[-118.45982120499832,33.91625095018905],[-118.4525555891249,33.916260422960725],[-118.42222,33.91633],[-118.42966,33.91633],[-118.44155,33.93953],[-118.443,33.94033],[-118.4526,33.9571],[-118.45645,33.96106],[-118.45752,33.96058],[-118.45808,33.96128],[-118.46096,33.96017]]],[[[-118.44847,33.99336],[-118.4481,33.99262],[-118.44702,33.99052],[-118.44847,33.99336]]],[[[-118.42704,34.09008],[-118.42696,34.08304],[-118.42704,34.09063],[-118.42704,34.09008]]],[[[-118.4176,34.10717],[-118.41746,34.1052],[-118.40975,34.10515],[-118.40974,34.10885],[-118.41181,34.10888],[-118.41179,34.1107],[-118.41412,34.11074],[-118.41408,34.11199],[-118.41604,34.11251],[-118.41749,34.1125],[-118.4176,34.10717]]],[[[-118.41473,33.98402],[-118.41246,33.9803],[-118.40909,33.98125],[-118.41342,33.98497],[-118.41473,33.98402]]],[[[-118.39765,33.98207],[-118.38659,33.97663],[-118.38034,33.97635],[-118.37181,33.97732],[-118.3717,33.983],[-118.35268,33.98306],[-118.35268,33.98934],[-118.34249,33.98942],[-118.34247,33.98845],[-118.33727,33.98849],[-118.33728,33.99631],[-118.33163,33.99633],[-118.33148,34.00149],[-118.33512,34.00633],[-118.33569,34.00826],[-118.34168,34.00462],[-118.35135,34.00455],[-118.35594,34.00062],[-118.3578,33.99714],[-118.35912,34.00163],[-118.35754,34.00914],[-118.36144,34.00833],[-118.36266,34.00632],[-118.36503,34.00555],[-118.36717,34.00709],[-118.36672,34.01562],[-118.37265,34.01584],[-118.37309,34.01191],[-118.37962,34.01151],[-118.38522,34.01261],[-118.38733,34.00969],[-118.39099,34.00167],[-118.38271,34.0004],[-118.38403,33.99625],[-118.38513,33.9965],[-118.38606,33.99348],[-118.38361,33.99217],[-118.38801,33.98891],[-118.38248,33.98895],[-118.38252,33.99094],[-118.379,33.99229],[-118.37893,33.98885],[-118.38477,33.97848],[-118.38565,33.97856],[-118.38665,33.97691],[-118.39765,33.98207]],[[-118.37677,33.98266],[-118.37625,33.98285],[-118.37181,33.98206],[-118.3718,33.97985],[-118.37446,33.97971],[-118.37617,33.98154],[-118.37677,33.98266]]],[[[-118.39651,34.09618],[-118.3965,34.09507],[-118.39636292189492,34.09505605985372],[-118.39651,34.09618]]],[[[-118.39585788124977,34.09119664477431],[-118.39585,34.09062],[-118.38975,34.08849],[-118.39584,34.09106],[-118.39585788124977,34.09119664477431]]],[[[-118.38135,34.02069],[-118.38122053892215,34.020587733408924],[-118.37793,34.02124],[-118.38135,34.02069]]],[[[-118.38095640614658,33.93091874564761],[-118.37886852091385,33.93090116630303],[-118.37887,33.93092],[-118.38095640614658,33.93091874564761]]],[[[-118.37883,33.95748],[-118.37792658006363,33.959490312831406],[-118.37790054494644,33.95969570097811],[-118.37793,33.95967],[-118.37883,33.95748]]],[[[-118.3786675223373,33.929010050703056],[-118.37866719008265,33.929],[-118.3684,33.929],[-118.3684,33.92901997101449],[-118.3786675223373,33.929010050703056]]],[[[-118.37788806304249,33.95970659205116],[-118.37781001687833,33.95974969217167],[-118.37779153574927,33.95979081684623],[-118.37788806304249,33.95970659205116]]],[[[-118.37743933649288,33.960098127962084],[-118.37156338983053,33.96319932203389],[-118.37129677263303,33.96334655839668],[-118.37589,33.96145],[-118.37743933649288,33.960098127962084]]],[[[-118.37695,34.08863],[-118.3725,34.09026],[-118.37628,34.08899],[-118.37695,34.08863]]],[[[-118.37004284868421,33.940241013157895],[-118.37003,33.93093],[-118.37000013928511,33.93093036415506],[-118.37004284868421,33.940241013157895]]],[[[-118.35835,34.07568],[-118.35756,34.07608],[-118.35767,34.07612],[-118.35835,34.07568]]],[[[-118.352,33.6666],[-118.3454,33.6634],[-118.3191,33.6595],[-118.2742,33.6634],[-118.2545,33.6751],[-118.237,33.6906],[-118.2216,33.6906],[-118.23177113741079,33.71483997346441],[-118.26618,33.70376],[-118.27011,33.70415],[-118.27698,33.70774],[-118.27848,33.70629],[-118.27799,33.7074],[-118.27914,33.70835],[-118.28249,33.70883],[-118.28519,33.70825],[-118.28612,33.70666],[-118.28866,33.70535],[-118.29416,33.70455],[-118.29572,33.70814],[-118.29821,33.70972],[-118.30775,33.71197],[-118.31334,33.71462],[-118.31746,33.71362],[-118.31791,33.71501],[-118.31925,33.71527],[-118.32074,33.71739],[-118.32218,33.71728],[-118.32323,33.7186],[-118.33043,33.72023],[-118.33305181322858,33.721854926069426],[-118.33319776742668,33.721613939751556],[-118.352,33.6666]]],[[[-118.34591025147223,34.13478882142289],[-118.34421,34.13606],[-118.34410997573886,34.13705468570799],[-118.34591025147223,34.13478882142289]]],[[[-118.31775,33.9709],[-118.31774997643362,33.9709],[-118.31775,33.97092],[-118.31775,33.9709]]],[[[-118.3134,33.9382],[-118.309,33.9382],[-118.309,33.9418],[-118.3052,33.9418],[-118.3052,33.94184994778068],[-118.30902,33.94183],[-118.30902,33.93821],[-118.31339,33.93821],[-118.31337,33.94546],[-118.3134,33.94546],[-118.3134,33.9382]]],[[[-118.31291,34.15399],[-118.31290511997534,34.15400088275437],[-118.31290579224006,34.15400099866208],[-118.31291,34.15399]]],[[[-118.3128680771586,34.15408349050827],[-118.3098417410297,34.16083240574052],[-118.31031500497512,34.160760756218906],[-118.3128680771586,34.15408349050827]]],[[[-118.31159661217076,33.7630994787955],[-118.31159559877175,33.76309932288796],[-118.30888,33.7724],[-118.30889092453903,33.77309917049739],[-118.31159661217076,33.7630994787955]]],[[[-118.30915,33.73792],[-118.29674,33.73788],[-118.29671,33.74332],[-118.29891,33.74414],[-118.29951,33.74335],[-118.30167,33.74333],[-118.30165,33.74152],[-118.30299,33.74152],[-118.30299,33.7407],[-118.30206,33.7407],[-118.30206,33.73931],[-118.30426,33.73996],[-118.30426,33.74153],[-118.30912,33.74162],[-118.30915,33.73792]]],[[[-118.30892346973366,33.774896559322016],[-118.30891842915347,33.77485946582164],[-118.30891929615593,33.77491495397941],[-118.30892346973366,33.774896559322016]]],[[[-118.30820798198198,34.16107974774775],[-118.30814463414634,34.161071829268295],[-118.30816822151745,34.16108576726031],[-118.30820798198198,34.16107974774775]]],[[[-118.30245,33.94775],[-118.30240021717069,33.94999022731886],[-118.30245,33.94999],[-118.30245,33.94775]]],[[[-118.29962,33.80342],[-118.29915,33.7978],[-118.28657348916762,33.79766818700114],[-118.28706135831382,33.79825362997658],[-118.2991,33.7978],[-118.2983,33.8131],[-118.2988,33.81335],[-118.29834,33.81305],[-118.29902,33.8034],[-118.29962,33.80342]]],[[[-118.29922007965686,33.83973395220588],[-118.2992,33.8463],[-118.29544142857142,33.8463],[-118.29921,33.84632],[-118.29922007965686,33.83973395220588]]],[[[-118.29922,33.85423],[-118.29921,33.84729],[-118.29704,33.84728],[-118.29703,33.85832],[-118.29922,33.85832],[-118.29922,33.85423]]],[[[-118.29173174279914,33.916420104679965],[-118.29172518404746,33.91642009904045],[-118.2916,33.95949],[-118.29160003058115,33.95948999996473],[-118.29173174279914,33.916420104679965]]],[[[-118.29052,33.85422],[-118.2905,33.85421977229601],[-118.2905,33.8587],[-118.28556968042011,33.86097127081771],[-118.28562,33.86104],[-118.29052,33.8587],[-118.29052,33.85422]]],[[[-118.28876333333334,33.8542],[-118.28530349034193,33.8541606089982],[-118.2853,33.8542],[-118.28876333333334,33.8542]]],[[[-118.28604,33.85225],[-118.28602016666666,33.8463],[-118.286,33.8463],[-118.28547278481012,33.85225],[-118.28604,33.85225]]],[[[-118.28536,33.86116],[-118.28534155092245,33.86107636418179],[-118.28493989588911,33.86126139627581],[-118.28494,33.86134],[-118.28231790055248,33.86246928176796],[-118.282312,33.862472],[-118.28536,33.86116]]],[[[-118.2832,33.89695],[-118.28319763497372,33.89690105112279],[-118.282328125,33.8972875],[-118.2832,33.89695]]],[[[-118.28209000024394,33.92319996491314],[-118.27820015370907,33.9231863163288],[-118.27823,33.92322],[-118.28209,33.9232],[-118.28209000024394,33.92319996491314]]],[[[-118.27735274283357,33.92318334295731],[-118.25580708648471,33.923107744163104],[-118.27733,33.92328],[-118.27735274283357,33.92318334295731]]],[[[-118.25644,33.9895],[-118.2564,33.966036],[-118.2564,33.98949976241901],[-118.25644,33.9895]]],[[[-118.2563008650519,33.958792283737026],[-118.25593,33.95306],[-118.2541,33.95103],[-118.25353,33.95126],[-118.25364,33.94328],[-118.24914,33.94327],[-118.24913910802775,33.9433],[-118.2536,33.9433],[-118.2535,33.9513],[-118.2559,33.9531],[-118.2563008650519,33.958792283737026]]],[[[-118.24880118811882,33.95336],[-118.24749,33.95336],[-118.24745,33.95426],[-118.24688727326615,33.954261736810906],[-118.2474,33.9543],[-118.2488,33.9534],[-118.24880118811882,33.95336]]],[[[-118.24422,33.95326],[-118.234,33.95326],[-118.234,33.9533],[-118.24421205847608,33.95406209391613],[-118.24422,33.95326]]],[[[-118.23799636993388,33.990470271913935],[-118.23792071486692,33.98940011197225],[-118.23791530842009,33.98940008274822],[-118.23799636993388,33.990470271913935]]],[[[-118.23403,33.94824],[-118.234,33.94824033149171],[-118.234,33.95326],[-118.23403,33.94824]]],[[[-118.2309,33.93169],[-118.23032009024428,33.92900041854676],[-118.23031595907928,33.92900033248082],[-118.23030035911603,33.9290016160221],[-118.23089871023215,33.93169419604471],[-118.2309,33.93169]]],[[[-118.23077408759124,33.9320996350365],[-118.229128582411,33.9373223253912],[-118.22916762132515,33.937326005288845],[-118.23077408759124,33.9320996350365]]],[[[-118.20506,34.01452],[-118.2015126461039,34.01408103896104],[-118.20003786492374,34.01390880174292],[-118.20506,34.01452]]],[[[-118.19262,34.06176],[-118.19238,34.034],[-118.19192212099247,34.03417643044327],[-118.19259902857335,34.06176041436408],[-118.19262,34.06176]]],[[[-118.19238,34.03323],[-118.19222,34.01508],[-118.19190731707317,34.01508],[-118.19223,34.01655],[-118.19148808941034,34.016489643471225],[-118.19190290380926,34.03339333022746],[-118.19238,34.03323]]],[[[-118.17799,34.09859],[-118.1553123048849,34.09866992139248],[-118.1553,34.0987],[-118.17799,34.098600044052866],[-118.17799,34.09859]]],[[[-118.1689763291139,34.12649765822784],[-118.16628979838833,34.12569864693446],[-118.16625398528029,34.12572830018791],[-118.1689763291139,34.12649765822784]]],[[[-118.1652765778401,34.06235822079745],[-118.16524381516906,34.06243965943689],[-118.16525777277903,34.06243979080263],[-118.1652765778401,34.06235822079745]]]]}},{"type":"Feature","properties":{"GEOID":"0603792360","NAME":"Palos Verdes","COUNTY":"037"},"geometry":{"type":"MultiPolygon","coordinates":[[[[-118.6786,33.0264],[-118.6748,33.0121],[-118.671,33.0059],[-118.6702,33],[-118.6447,33],[-118.6355,32.9656],[-118.6221,32.9414],[-118.6088,32.9277],[-118.6055,32.9182],[-118.6053,32.9085],[-118.5969,32.8905],[-118.5879,32.8788],[-118.5751,32.8657],[-118.5714,32.8593],[-118.5625,32.8494],[-118.5532,32.8288],[-118.5467,32.8207],[-118.5382,32.8128],[-118.5204,32.802],[-118.5076,32.7969],[-118.485,32.7792],[-118.4739,32.7668],[-118.4647,32.7602],[-118.4538,32.7551],[-118.4365,32.75],[-118.4198,32.75],[-118.4083,32.7519],[-118.3926,32.7585],[-118.3784,32.7702],[-118.3535,32.7658],[-118.3432,32.7671],[-118.3238,32.7735],[-118.3028,32.7888],[-118.2958,32.7983],[-118.2899,32.8105],[-118.2888,32.8208],[-118.2899,32.8294],[-118.2972,32.8451],[-118.3103,32.8595],[-118.3174,32.8638],[-118.3297,32.875],[-118.3289,32.875],[-118.3375,32.8797],[-118.3625,32.9001],[-118.3908,32.9178],[-118.4233,32.9465],[-118.4489,32.9618],[-118.4895,33.0106],[-118.4911,33.0179],[-118.4956,33.0263],[-118.5077,33.0379],[-118.515,33.0499],[-118.5237,33.06],[-118.5421,33.0738],[-118.5526,33.0786],[-118.5783,33.0862],[-118.6196,33.0867],[-118.6326,33.0845],[-118.6413,33.0819],[-118.6544,33.075],[-118.6638,33.0668],[-118.6708,33.058],[-118.6756,33.0493],[-118.6782,33.0397],[-118.6786,33.0264]]],[[[-118.6682,33.4859],[-118.6659,33.4673],[-118.6617,33.4563],[-118.6551,33.4453],[-118.6307,33.4232],[-118.6259,33.4143],[-118.6186,33.4062],[-118.6072,33.3983],[-118.5911,33.3909],[-118.5732,33.3835],[-118.5636,33.381],[-118.5534,33.3802],[-118.5479,33.3768],[-118.5496,33.375],[-118.5512,33.3694],[-118.5496,33.3506],[-118.5475,33.3405],[-118.5425,33.331],[-118.5408,33.3251],[-118.5349,33.3152],[-118.5104,33.2897],[-118.4867,33.2769],[-118.4551,33.269],[-118.4377,33.267],[-118.412,33.2663],[-118.4026,33.2679],[-118.3856,33.2654],[-118.3815,33.2623],[-118.3633,33.2551],[-118.3438,33.25],[-118.328,33.2481],[-118.3028,33.251],[-118.2807,33.2591],[-118.2592,33.2725],[-118.2509,33.2814],[-118.2509,33.2805],[-118.2491,33.2841],[-118.2427,33.3031],[-118.2411,33.313],[-118.2413,33.323],[-118.2451,33.3383],[-118.2514,33.3534],[-118.2577,33.3641],[-118.2627,33.3704],[-118.2772,33.3807],[-118.28047878560287,33.383866370096484],[-118.27942,33.38268],[-118.31253,33.34552],[-118.30605,33.33889],[-118.30249,33.33089],[-118.30983,33.3309],[-118.31599,33.32693],[-118.3177,33.33091],[-118.31769,33.33968],[-118.3269,33.32961],[-118.32674,33.31807],[-118.34666,33.31809],[-118.34665,33.31871],[-118.34351,33.34031],[-118.33147,33.3535],[-118.33572,33.35507],[-118.3354,33.35625],[-118.33207,33.35655],[-118.33023,33.35488],[-118.29316928677862,33.39612176837478],[-118.2947,33.3976],[-118.3041,33.4036],[-118.3066,33.4072],[-118.3109,33.4251],[-118.3164,33.4341],[-118.3328,33.448],[-118.3509,33.4578],[-118.3594,33.4649],[-118.3692,33.469],[-118.4032,33.4793],[-118.4208,33.4818],[-118.4271,33.4872],[-118.4368,33.4894],[-118.4475,33.5],[-118.4629,33.5104],[-118.4773,33.5154],[-118.4933,33.5157],[-118.5068,33.5249],[-118.5294,33.5312],[-118.5466,33.5308],[-118.5578,33.5283],[-118.5672,33.5295],[-118.5791,33.5284],[-118.5897,33.532],[-118.605,33.5322],[-118.6259,33.529],[-118.6441,33.5213],[-118.6557,33.5108],[-118.6637,33.5],[-118.6667,33.4935],[-118.6682,33.4859]]],[[[-118.4878,33.7799],[-118.4856,33.7537],[-118.48544075531001,33.75345856450226],[-118.48777,33.77987],[-118.48448,33.80315],[-118.48374426666666,33.8038976],[-118.4845,33.8032],[-118.4878,33.7799]]],[[[-118.48388307692308,33.75109692307692],[-118.467,33.7255],[-118.44970804979253,33.71460246887967],[-118.46696,33.72552],[-118.48388307692308,33.75109692307692]]],[[[-118.45300529678484,33.80435029678483],[-118.3617,33.80417],[-118.40727562770117,33.804275021609385],[-118.45300529678484,33.80435029678483]]],[[[-118.39334,33.761],[-118.39276560428607,33.76067482556691],[-118.39327819158792,33.76110847009865],[-118.39334,33.761]]],[[[-118.38978363539526,33.75815210504958],[-118.38909,33.75725],[-118.38867562031739,33.757214733644034],[-118.38978363539526,33.75815210504958]]],[[[-118.38833161405823,33.75718545651559],[-118.38768,33.75713],[-118.38379368925126,33.75898108566835],[-118.38398,33.75897],[-118.38833161405823,33.75718545651559]]],[[[-118.37489,33.77658],[-118.37469,33.77447],[-118.3743860567304,33.774222265417244],[-118.37489,33.77658]]],[[[-118.37149743076282,33.77842623243018],[-118.37127,33.77855],[-118.37077222840257,33.779499695810884],[-118.37149743076282,33.77842623243018]]],[[[-118.37045,33.76836],[-118.36727,33.76775],[-118.36719478642516,33.76776369961542],[-118.37045,33.76836]]],[[[-118.36633504347826,33.767920295652175],[-118.36447,33.76826],[-118.36582,33.76697],[-118.36328,33.76915],[-118.35971,33.76792],[-118.35192,33.77469],[-118.35069,33.77502],[-118.35107,33.77555],[-118.34845,33.77939],[-118.33857,33.77239],[-118.3385157731109,33.77238474331177],[-118.35242,33.78221],[-118.35259,33.78166],[-118.35389,33.78232],[-118.35421,33.78348],[-118.35697,33.78298],[-118.35756,33.7818],[-118.36168,33.78046],[-118.36358,33.77814],[-118.3625,33.77698],[-118.36264,33.77561],[-118.36005,33.77347],[-118.36272,33.77119],[-118.36417,33.76839],[-118.36633504347826,33.767920295652175]]],[[[-118.36633,33.76212],[-118.36524,33.76093],[-118.36590798846431,33.76218581831291],[-118.36633,33.76212]]],[[[-118.36595779783393,33.673468122743685],[-118.352,33.6666],[-118.33319776742668,33.721613939751556],[-118.36318,33.67211],[-118.36595779783393,33.673468122743685]]],[[[-118.3646,33.76925],[-118.36405,33.76977],[-118.36183408225438,33.77282892993146],[-118.3646,33.76925]]],[[[-118.36455,33.77784],[-118.363303328693,33.776182886139615],[-118.36334,33.77679],[-118.36455,33.77784]]],[[[-118.36145226609203,33.773722396774644],[-118.36131704847011,33.773542661351044],[-118.36129,33.77358],[-118.36145226609203,33.773722396774644]]],[[[-118.35727,33.74708],[-118.356,33.74411],[-118.35535,33.74376],[-118.35727,33.74708]]],[[[-118.35099,33.78404],[-118.3469,33.78115],[-118.34227,33.77981],[-118.3406,33.78346],[-118.34048209638907,33.786240560157886],[-118.34204498365223,33.787563432591355],[-118.34579,33.78508],[-118.35099,33.78404]]],[[[-118.33676185276212,33.767834771429655],[-118.3339,33.76892],[-118.336,33.76854],[-118.33676185276212,33.767834771429655]]],[[[-118.33613247139394,33.76689337700455],[-118.33564,33.76652],[-118.33352,33.76745],[-118.33349049935255,33.76748423337163],[-118.33613247139394,33.76689337700455]]],[[[-118.33338312090314,33.76760883831027],[-118.33209788995823,33.76910025603777],[-118.33301,33.76871],[-118.33338312090314,33.76760883831027]]],[[[-118.33136645870373,33.769413206723776],[-118.33032,33.76865],[-118.331,33.76957],[-118.33136645870373,33.769413206723776]]],[[[-118.33012,33.78343],[-118.33004865900384,33.78342053639847],[-118.33004837750136,33.78342064899946],[-118.33012,33.78343]]],[[[-118.32867991222571,33.787275448275864],[-118.32866715463918,33.7872598556701],[-118.32779,33.78725],[-118.32867767668407,33.787668903603716],[-118.32867991222571,33.787275448275864]]],[[[-118.3234,33.782538571428574],[-118.32326,33.78252],[-118.32325998131556,33.78252056902629],[-118.3234,33.782538571428574]]],[[[-118.3231,33.78580923076923],[-118.32265126037504,33.78526383953274],[-118.32283,33.78587],[-118.3231,33.78588792756539],[-118.3231,33.78580923076923]]],[[[-118.32256702047005,33.78516145564822],[-118.3225,33.78508],[-118.32224,33.78587],[-118.32256702047005,33.78516145564822]]],[[[-118.3222,33.76516],[-118.32160516851228,33.76512137457872],[-118.32181809276777,33.76547140128166],[-118.3222,33.76516]]],[[[-118.31826580827068,33.775003652882205],[-118.31681,33.77743],[-118.31826,33.7757],[-118.31826580827068,33.775003652882205]]],[[[-118.31161,33.76305],[-118.31159559877175,33.76309932288796],[-118.31159661217076,33.7630994787955],[-118.31161,33.76305]]],[[[-118.30914,33.77649],[-118.30892346973366,33.774896559322016],[-118.30891929615593,33.77491495397941],[-118.30892,33.77496],[-118.30914,33.77649]]]]}},{"type":"Feature","properties":{"GEOID":"0603792785","NAME":"San Fernando Valley","COUNTY":"037"},"geometry":{"type":"MultiPolygon","coordinates":[[[[-118.7118,34.1054],[-118.7116,34.0967],[-118.7038,34.088],[-118.7045,34.0822],[-118.6996,34.0788],[-118.6936,34.0777],[-118.6888,34.0795],[-118.6825,34.0838],[-118.6781,34.0958],[-118.6732,34.0984],[-118.6602,34.1012],[-118.6617,34.1089],[-118.6613,34.1151],[-118.6602788402654,34.118105127218946],[-118.68937,34.11812],[-118.68935,34.11443],[-118.70671,34.11447],[-118.70672,34.10718],[-118.71107,34.10718],[-118.71134,34.10391],[-118.71132903584181,34.10713894458405],[-118.7118,34.1054]]],[[[-118.70735808496292,34.121800917060014],[-118.70633785112832,34.12489127652408],[-118.7066,34.1246],[-118.70735808496292,34.121800917060014]]],[[[-118.7034,34.1686],[-118.70339923785679,34.168591616424635],[-118.7023601242236,34.168588183229815],[-118.7034,34.1686]]],[[[-118.69748186802428,34.15316943411005],[-118.6974015620438,34.153050462287105],[-118.69741,34.15317],[-118.69748186802428,34.15316943411005]]],[[[-118.69740345798505,34.15142572371315],[-118.69729,34.15147],[-118.6973453372434,34.152253944281526],[-118.69740345798505,34.15142572371315]]],[[[-118.69383,34.15106],[-118.68828,34.15044],[-118.67967,34.15113],[-118.67254,34.1492],[-118.66525,34.14962],[-118.6534,34.15288],[-118.64127,34.15814],[-118.64127,34.15833],[-118.63973,34.15909],[-118.64543,34.15656],[-118.64453,34.1584],[-118.64694,34.15749],[-118.64933,34.15921],[-118.64995,34.15917],[-118.64995,34.15785],[-118.65435,34.15833],[-118.65431,34.16103],[-118.65539,34.16141],[-118.6554,34.15833],[-118.65868,34.15834],[-118.65869,34.15465],[-118.66437,34.15466],[-118.66587,34.15342],[-118.66584,34.15157],[-118.66752,34.15218],[-118.66751,34.15466],[-118.67421,34.15466],[-118.67424,34.16816],[-118.66815,34.16819],[-118.66815,34.17541],[-118.6682,34.1682],[-118.69383,34.16849125],[-118.69383,34.15106]]],[[[-118.6706,34.3607],[-118.6368,34.2918],[-118.63343023637164,34.269543886733594],[-118.62875,34.2733],[-118.62521,34.27503],[-118.60734,34.27774],[-118.60415,34.27747],[-118.59621,34.27452],[-118.59257,34.27804],[-118.5917,34.28023],[-118.59217,34.28236],[-118.59083,34.2825],[-118.59162,34.2875],[-118.58718,34.30309],[-118.58509,34.30348],[-118.57176,34.29862],[-118.57015,34.29535],[-118.56871,34.29464],[-118.56637,34.29543],[-118.5621,34.29879],[-118.55977,34.29919],[-118.55739,34.29924],[-118.55403,34.29641],[-118.54082,34.29881],[-118.5443,34.30394],[-118.54367,34.30572],[-118.54709,34.31335],[-118.54551,34.31566],[-118.5463,34.31733],[-118.53401,34.31453],[-118.50831736184088,34.33391007606837],[-118.5195,34.3404],[-118.526,34.3416],[-118.5259,34.3394],[-118.5227,34.3382],[-118.5223,34.3367],[-118.5257,34.3379],[-118.5335,34.337],[-118.5323,34.3319],[-118.5303,34.33],[-118.5322,34.3283],[-118.5396,34.328],[-118.545,34.3299],[-118.5476,34.3274],[-118.5472,34.3247],[-118.5514,34.3219],[-118.5559,34.3208],[-118.5637,34.3231],[-118.5696,34.3194],[-118.5746,34.322],[-118.5771,34.3258],[-118.584,34.3244],[-118.5874,34.3275],[-118.5921,34.3277],[-118.5932,34.3299],[-118.5951,34.3289],[-118.5982,34.3298],[-118.603,34.3355],[-118.6099,34.3383],[-118.6152,34.3454],[-118.6226,34.349],[-118.6326,34.35],[-118.6403,34.3527],[-118.6442,34.3515],[-118.6476,34.3527],[-118.6577,34.3519],[-118.6607,34.3531],[-118.6622,34.3567],[-118.6655,34.3569],[-118.6664,34.3595],[-118.6706,34.3607]]],[[[-118.66803958918419,34.1913312396397],[-118.66733,34.19134],[-118.66145,34.1895],[-118.65745,34.18982],[-118.65661,34.19676],[-118.65848,34.19676],[-118.65847,34.19496],[-118.66801435553612,34.1949699316915],[-118.66803958918419,34.1913312396397]]],[[[-118.66797812115621,34.20019492927429],[-118.6678,34.20933],[-118.66276,34.20934],[-118.66274,34.2129],[-118.65324,34.21295],[-118.65234,34.21657],[-118.6584,34.21657],[-118.65839,34.22349],[-118.65405,34.22349],[-118.65405,34.22711],[-118.6533,34.22756],[-118.64971,34.22711],[-118.64698,34.23808],[-118.63146,34.23702],[-118.62995,34.23858],[-118.63244,34.23857],[-118.6325,34.25213],[-118.6325,34.2404],[-118.6677,34.2403],[-118.66797812115621,34.20019492927429]]],[[[-118.65018533353937,34.1218336372273],[-118.6499,34.1217],[-118.6453,34.1238],[-118.6355,34.1234],[-118.63473081140991,34.125322971475235],[-118.64492,34.12532],[-118.64496,34.12905],[-118.65006,34.12907],[-118.65018533353937,34.1218336372273]]],[[[-118.62412606413994,34.12532606413994],[-118.6219,34.1231],[-118.6143,34.1231],[-118.61290666496518,34.125329336055714],[-118.62412606413994,34.12532606413994]]],[[[-118.61498,34.14927],[-118.60965,34.14724],[-118.61057,34.14725],[-118.61058,34.14365],[-118.61429,34.14366],[-118.61497,34.1416],[-118.61266,34.14085],[-118.61266,34.14005],[-118.6062,34.14009],[-118.6062105847565,34.137155376259734],[-118.6042,34.1393],[-118.6023,34.1384],[-118.6013,34.1391],[-118.6036,34.1417],[-118.6046,34.1406],[-118.6081,34.1416],[-118.6053,34.1418],[-118.6058,34.1433],[-118.6045,34.1445],[-118.6079,34.1448],[-118.60582417301306,34.1457884890414],[-118.61498,34.14927]]],[[[-118.6106100874795,34.1290038600328],[-118.61060002852253,34.12901995436395],[-118.61061,34.12902],[-118.6106100874795,34.1290038600328]]],[[[-118.50929541044776,34.341451368159206],[-118.5088,34.3398],[-118.504,34.3372],[-118.50653614302462,34.335253657678784],[-118.50381,34.33731],[-118.49297,34.33077],[-118.41901,34.32988],[-118.41821,34.32949],[-118.41946,34.32793],[-118.42074,34.32772],[-118.42075,34.32557],[-118.41589,34.32449],[-118.41359,34.32469],[-118.41221,34.3259],[-118.41358,34.32741],[-118.41358,34.32988],[-118.4052,34.32981],[-118.40491,34.32208],[-118.40066,34.31954],[-118.39626,34.31986],[-118.39628,34.31807],[-118.39728,34.31712],[-118.40079,34.31644],[-118.4009,34.31003],[-118.40302,34.30939],[-118.40388,34.31005],[-118.40375,34.30792],[-118.40547,34.30791],[-118.4056,34.30073],[-118.40105,34.30067],[-118.4012,34.29706],[-118.40346,34.29711],[-118.40351,34.29351],[-118.40907,34.29366],[-118.40896,34.29181],[-118.41035,34.29197],[-118.4094,34.28901],[-118.40617,34.28593],[-118.40159,34.28642],[-118.40023,34.29257],[-118.39981,34.29342],[-118.39698,34.29335],[-118.39674,34.29698],[-118.39393,34.29698],[-118.3939,34.2988],[-118.3874,34.29878],[-118.38738,34.29694],[-118.38288,34.29696],[-118.38295,34.29333],[-118.38237,34.29333],[-118.38237,34.29153],[-118.38691,34.29149],[-118.38692,34.28973],[-118.38462,34.28973],[-118.38576,34.28482],[-118.37264,34.28283],[-118.37352,34.28317],[-118.37352,34.28615],[-118.36984,34.28613],[-118.37135,34.28234],[-118.37018,34.2819],[-118.36951,34.28346],[-118.3689,34.28326],[-118.36741,34.28037],[-118.36428,34.28076],[-118.35471,34.27885],[-118.35173,34.27883],[-118.35173,34.28247],[-118.32683,34.28243],[-118.32691,34.28606],[-118.29952,34.28614],[-118.29949,34.29335],[-118.28628,34.29279],[-118.28629977836546,34.292100169204865],[-118.277,34.2992],[-118.2741,34.2986],[-118.2695,34.2999],[-118.2646,34.3026],[-118.2635,34.3047],[-118.2615,34.305],[-118.2521,34.3014],[-118.2469,34.2977],[-118.2387,34.296],[-118.2305,34.2902],[-118.2267,34.2895],[-118.221,34.2851],[-118.2175,34.2845],[-118.2166,34.2818],[-118.214,34.2798],[-118.2087,34.284],[-118.2058,34.2814],[-118.2026,34.2835],[-118.195,34.283],[-118.191,34.2847],[-118.1902,34.2886],[-118.1815,34.2919],[-118.1791,34.2959],[-118.1761,34.2979],[-118.1744,34.2975],[-118.1731,34.2948],[-118.1693,34.2974],[-118.1667,34.2964],[-118.165,34.2984],[-118.1608,34.2971],[-118.1613,34.2995],[-118.1582,34.3014],[-118.1488,34.2985],[-118.1485,34.2997],[-118.1535,34.3058],[-118.1523,34.3078],[-118.146,34.307],[-118.1384,34.3109],[-118.1359,34.313],[-118.1357,34.3172],[-118.1315,34.3182],[-118.1259,34.3264],[-118.1168,34.3301],[-118.1126,34.335],[-118.1089,34.3364],[-118.1107,34.3435],[-118.1097,34.3457],[-118.1107,34.3528],[-118.1098,34.3598],[-118.106,34.3659],[-118.1005,34.3709],[-118.1018,34.3741],[-118.0985,34.3749],[-118.0962,34.3793],[-118.0993,34.3855],[-118.0965,34.3853],[-118.0913,34.3874],[-118.088,34.3863],[-118.0847,34.3891],[-118.0837,34.3924],[-118.0812,34.3917],[-118.0797,34.3978],[-118.0811,34.4003],[-118.0841,34.3995],[-118.0902,34.4025],[-118.0926,34.4021],[-118.0937,34.4002],[-118.102,34.4],[-118.1026,34.3986],[-118.1065,34.3968],[-118.107,34.3943],[-118.1107,34.3931],[-118.1145,34.3885],[-118.119,34.386],[-118.1192,34.3823],[-118.1213,34.3795],[-118.1228,34.3811],[-118.129,34.3821],[-118.1327,34.3795],[-118.1395,34.3779],[-118.1428,34.3748],[-118.1498,34.3759],[-118.1543,34.3802],[-118.1576,34.3789],[-118.1623,34.3793],[-118.1642,34.3783],[-118.1639,34.3743],[-118.1688,34.3762],[-118.1689,34.3775],[-118.1722,34.3769],[-118.1711,34.3756],[-118.1726,34.371],[-118.1808,34.3741],[-118.1842,34.3797],[-118.1886,34.38],[-118.1912,34.3815],[-118.1922,34.3801],[-118.1955,34.3805],[-118.195,34.3778],[-118.198,34.3783],[-118.2045,34.3756],[-118.2104,34.3772],[-118.2133,34.3748],[-118.2153,34.3769],[-118.2203,34.377],[-118.2208,34.3793],[-118.2276,34.3757],[-118.2317,34.3796],[-118.2399,34.3767],[-118.2405,34.3746],[-118.2423,34.3745],[-118.2433,34.376],[-118.2453,34.3746],[-118.247,34.3753],[-118.2487,34.3735],[-118.2495,34.3747],[-118.2523,34.3742],[-118.2535,34.3759],[-118.2567,34.3752],[-118.2575,34.3775],[-118.2549,34.3772],[-118.2532,34.3798],[-118.2483,34.3796],[-118.2521,34.3828],[-118.2515,34.387],[-118.2531,34.3907],[-118.2512,34.3935],[-118.2548,34.3931],[-118.2551,34.392],[-118.2552,34.3933],[-118.2532,34.3948],[-118.256,34.3943],[-118.2577,34.397],[-118.2598,34.3966],[-118.2606,34.3984],[-118.2633,34.3994],[-118.2672,34.3982],[-118.2691,34.399],[-118.27,34.3981],[-118.2689,34.3971],[-118.2695,34.3918],[-118.2713,34.395],[-118.2733,34.3959],[-118.2773,34.3958],[-118.2814,34.3939],[-118.2809,34.3951],[-118.2852,34.3964],[-118.3003,34.3923],[-118.3018,34.3894],[-118.3144,34.3884],[-118.3141,34.3898],[-118.3157,34.3898],[-118.3179,34.3843],[-118.3256,34.3852],[-118.3295,34.3817],[-118.331,34.3825],[-118.3354,34.3808],[-118.3367,34.3778],[-118.3415,34.376],[-118.3381,34.3761],[-118.3376,34.3752],[-118.3424,34.3742],[-118.3501,34.3689],[-118.3528,34.3685],[-118.3525,34.3665],[-118.3643,34.362],[-118.3669,34.3588],[-118.3712,34.3622],[-118.3765,34.3623],[-118.3779,34.3651],[-118.3794,34.3648],[-118.378,34.3637],[-118.3794,34.3623],[-118.3852,34.361],[-118.3854,34.3592],[-118.3863,34.3608],[-118.3919,34.3606],[-118.3891,34.361],[-118.3864,34.3633],[-118.3898,34.3634],[-118.3971,34.3676],[-118.4003,34.3768],[-118.4037,34.3807],[-118.40559050780621,34.380366380975374],[-118.4056,34.35955],[-118.40956,34.35951],[-118.40945,34.3706],[-118.41318,34.37053],[-118.41325,34.36684],[-118.41548,34.36686],[-118.41551,34.36315],[-118.41997,34.36318],[-118.41995,34.36691],[-118.41883,34.3669],[-118.41879,34.3706],[-118.42656,34.3707],[-118.42665,34.36699],[-118.43111,34.36704],[-118.43087,34.37446],[-118.4331,34.37448],[-118.4342,34.37628],[-118.43642,34.37629],[-118.43641,34.3772],[-118.43975,34.37721],[-118.43979,34.37452],[-118.44195,34.37453],[-118.44192,34.37814],[-118.44408,34.37817],[-118.44408111356489,34.378461754002736],[-118.4539,34.3784],[-118.4647,34.3805],[-118.4791,34.3734],[-118.4833,34.3757],[-118.4899,34.3751],[-118.49351798630599,34.37756680884499],[-118.49778,34.37386],[-118.50029,34.37063],[-118.49681,34.37064],[-118.49645,34.3669],[-118.49166,34.36684],[-118.49162,34.36958],[-118.4891,34.36955],[-118.48908,34.37042],[-118.4847,34.37037],[-118.48477,34.36674],[-118.47591,34.36628],[-118.47584,34.3591],[-118.48493,34.35958],[-118.48505,34.35159],[-118.48864,34.35162],[-118.48894,34.34446],[-118.50466,34.34457],[-118.506,34.34137],[-118.50929541044776,34.341451368159206]]],[[[-118.37031,34.2012],[-118.36226,34.20123],[-118.36226903016876,34.20129914882653],[-118.37031,34.2012]]],[[[-118.3618,34.13885],[-118.35719,34.13921],[-118.35734,34.13831],[-118.35882,34.13862],[-118.35887,34.13805],[-118.35783,34.13799],[-118.35699,34.13504],[-118.35161,34.13412],[-118.34877,34.13139],[-118.34845,34.13289],[-118.34591025147223,34.13478882142289],[-118.34410997573886,34.13705468570799],[-118.34403,34.13785],[-118.34323,34.13821],[-118.34502,34.1424],[-118.3476,34.14198],[-118.35523,34.14305],[-118.36127,34.14269],[-118.36094,34.14122],[-118.3618,34.13885]]],[[[-118.33746,34.22131],[-118.29276,34.22165],[-118.26687,34.22185],[-118.33746,34.22131]]],[[[-118.31290579224006,34.15400099866208],[-118.31290511997534,34.15400088275437],[-118.3098417410297,34.16083240574052],[-118.31032,34.16076],[-118.31290579224006,34.15400099866208]]],[[[-118.30820798198198,34.16107974774775],[-118.30760474530831,34.16100434316354],[-118.30781,34.16114],[-118.30820798198198,34.16107974774775]]],[[[-118.28669,34.27849],[-118.27381,34.27839],[-118.27380969042929,34.278400075119606],[-118.2866897155725,34.278499920275756],[-118.28669,34.27849]]],[[[-118.27370868421053,34.28168736842105],[-118.2737,34.28197],[-118.2385001327327,34.281580554660025],[-118.2385,34.2816],[-118.2737,34.282],[-118.27370868421053,34.28168736842105]]],[[[-118.24861211627908,34.23585288372093],[-118.24850053445256,34.24396116311372],[-118.24853,34.24396],[-118.24861211627908,34.23585288372093]]],[[[-118.24610969387756,34.24524295918367],[-118.2445065184049,34.24607661042945],[-118.24528,34.24637],[-118.24610969387756,34.24524295918367]]],[[[-118.24432319587629,34.22021030927835],[-118.24403,34.2185],[-118.2440045681211,34.21852588601959],[-118.2443,34.2202],[-118.24432319587629,34.22021030927835]]],[[[-118.24337017482517,34.2523],[-118.242444,34.2523],[-118.24337,34.25231],[-118.24337017482517,34.2523]]],[[[-118.24011363636363,34.21680594405594],[-118.24009,34.21679],[-118.23993173913044,34.21699630434782],[-118.2401,34.2168],[-118.24011363636363,34.21680594405594]]],[[[-118.23953,34.2166],[-118.23757,34.21541],[-118.23767,34.21456],[-118.235270244709,34.21307351190476],[-118.2395,34.2175],[-118.23953,34.217465],[-118.23953,34.2166]]],[[[-118.23873932569117,34.2523],[-118.2387,34.2523],[-118.23867324156917,34.256220110117],[-118.23873932569117,34.2523]]],[[[-118.23524,34.20914],[-118.2352,34.20911492822967],[-118.2352,34.213],[-118.23520030519903,34.21300031939433],[-118.23524,34.20914]]],[[[-118.23152341493841,34.207344631217836],[-118.23152,34.20734],[-118.2314809926169,34.207333109105825],[-118.23152341493841,34.207344631217836]]],[[[-118.22815365754222,34.20642938846826],[-118.22793,34.20603],[-118.22716860490267,34.206161843306894],[-118.22815365754222,34.20642938846826]]],[[[-118.19163632899941,34.180052401688634],[-118.19000559183883,34.17915644435331],[-118.19007957149975,34.179240338814154],[-118.19157904434454,34.18005433835846],[-118.19163632899941,34.180052401688634]]],[[[-118.18918451612909,34.17786838709663],[-118.18908818759937,34.178116089030205],[-118.18908929784551,34.17811734807223],[-118.18918451612909,34.17786838709663]]]]}},{"type":"Feature","properties":{"GEOID":"0603793100","NAME":"South Bay Cities","COUNTY":"037"},"geometry":{"type":"MultiPolygon","coordinates":[[[[-118.4989,33.9162],[-118.4988992555244,33.916199068948224],[-118.4988998106292,33.9162],[-118.4989,33.9162]]],[[[-118.49886004023489,33.9161500257483],[-118.46480551468457,33.87356095079716],[-118.47501,33.88716],[-118.48894,33.90416],[-118.49278,33.91134],[-118.4963374498209,33.91615654722942],[-118.49886004023489,33.9161500257483]]],[[[-118.48447880559085,33.916187204574335],[-118.45402655737819,33.916257049180324],[-118.46121397035554,33.91624734956767],[-118.48447880559085,33.916187204574335]]],[[[-118.4703,33.8176],[-118.47022313079127,33.81759720136376],[-118.4699985560676,33.817823799283154],[-118.4703,33.8176]]],[[[-118.45158823045267,33.855291358024694],[-118.4473,33.8488],[-118.444,33.8391],[-118.44960978260869,33.83323130434783],[-118.44665,33.83629],[-118.44397,33.83906],[-118.44725,33.84876],[-118.45158823045267,33.855291358024694]]],[[[-118.45056489632107,33.832251819397996],[-118.45054,33.83227],[-118.45053895864008,33.832271076161156],[-118.45056489632107,33.832251819397996]]],[[[-118.40795375311016,33.877484532795286],[-118.40710492337578,33.87757657457371],[-118.40719,33.87775],[-118.40795375311016,33.877484532795286]]],[[[-118.39602,33.8729],[-118.39595006772215,33.872898646472045],[-118.39596,33.8771],[-118.39602,33.8729]]],[[[-118.3942504784689,33.87286575119617],[-118.39137,33.87281],[-118.37995,33.87283],[-118.3942504784689,33.87286575119617]]],[[[-118.3787,33.90191],[-118.37869849482493,33.90081423254788],[-118.37866103735945,33.90270422923475],[-118.37865468706259,33.904025090981804],[-118.3787,33.90191]]],[[[-118.3786675223373,33.929010050703056],[-118.37855082191778,33.925479863012725],[-118.37864798356645,33.929010069581096],[-118.3786675223373,33.929010050703056]]],[[[-118.37653,33.91718],[-118.37433,33.91719],[-118.3743395333171,33.916351068095125],[-118.3743,33.916350785714286],[-118.3743,33.9172],[-118.3765,33.9172],[-118.3765,33.92],[-118.37653,33.92],[-118.37653,33.91718]]],[[[-118.37375039215686,33.8583],[-118.36091666666667,33.8583],[-118.35363,33.85832],[-118.35362677130045,33.858324540358744],[-118.35409308436626,33.8587519940024],[-118.37375039215686,33.8583]]],[[[-118.35820861189801,33.862524560906515],[-118.3582,33.86249],[-118.35802898360656,33.862359901639344],[-118.35820861189801,33.862524560906515]]]]}},{"type":"Feature","geometry":{"type":"Polygon","coordinates":[[[-118.0826,34.1264],[-118.0793,34.1083],[-118.0756,34.0981],[-118.0737,34.0971],[-118.0738,34.0906],[-118.0618,34.0866],[-118.0631,34.0812],[-118.0594,34.0813],[-118.0594,34.0833],[-118.0577,34.0827],[-118.0568,34.085],[-118.056,34.0847],[-118.0558,34.0724],[-118.0729,34.0723],[-118.0722,34.0697],[-118.0678,34.0653],[-118.069,34.0657],[-118.0698,34.0628],[-118.0674,34.0628],[-118.0696,34.0606],[-118.0703,34.0572],[-118.0716,34.0572],[-118.0724,34.0461],[-118.075,34.0407],[-118.0747,34.0367],[-118.0708,34.0296],[-118.0729,34.031],[-118.0732,34.0279],[-118.082,34.0215],[-118.0743,34.0201],[-118.0579,34.0212],[-118.057,34.0199],[-118.0545,34.0212],[-118.0527,34.0261],[-118.0492,34.0294],[-118.0177,34.0434],[-118.0101,34.0509],[-118.0019,34.0749],[-117.9997,34.0855],[-117.9966,34.0908],[-117.9922,34.0951],[-117.9966,34.0965],[-117.9951,34.0997],[-118.0081,34.1041],[-118.0069,34.1065],[-118.0022,34.105],[-118.0005,34.1085],[-118.0041,34.1097],[-118.0034,34.1111],[-118.005,34.1101],[-118.0038,34.1173],[-118.0008,34.1163],[-117.9922,34.1177],[-117.9915,34.1197],[-117.9897,34.1204],[-117.991,34.1209],[-117.9905,34.1221],[-117.9878,34.1214],[-117.9852,34.1262],[-117.9786,34.1264],[-117.9786,34.1251],[-117.9746,34.125],[-117.9697,34.129],[-117.9697,34.1322],[-117.96,34.1322],[-117.96,34.1361],[-117.9488,34.1359],[-117.9463,34.138],[-117.9443,34.1378],[-117.9397,34.1405],[-117.9296,34.151],[-117.9346,34.154],[-117.938,34.1523],[-117.9379,34.1543],[-117.9423,34.1543],[-117.9423,34.1652],[-117.9775,34.1651],[-117.9771,34.1797],[-117.9939,34.1794],[-117.9939,34.176],[-117.9983,34.1759],[-117.9983,34.1795],[-118.0657,34.1793],[-118.0656,34.1724],[-118.0682,34.173],[-118.0675,34.1315],[-118.0811,34.1294],[-118.0826,34.1264]]]},"properties":{"GEOID":"0603793510","NAME":"Upper San Gabriel Valley","COUNTY":"037"}},{"type":"Feature","properties":{"GEOID":"0603793730","NAME":"Whittier","COUNTY":"037"},"geometry":{"type":"MultiPolygon","coordinates":[[[[-118.12266705826623,33.97446435812411],[-118.12134312195121,33.973031902439025],[-118.12128,33.97297],[-118.11051,33.96133],[-118.12262387302893,33.97448078067914],[-118.12266705826623,33.97446435812411]]],[[[-118.11061155172358,33.99291631034544],[-118.10979248366867,33.99379658348576],[-118.10979297198219,33.99379680544645],[-118.11056783216783,33.992963916083916],[-118.11061155172358,33.99291631034544]]],[[[-118.10866,33.99334],[-118.10561,33.99615],[-118.10531468922258,33.996605660520814],[-118.10866,33.99334]]],[[[-118.09378124999999,33.94986625000002],[-118.09334149760072,33.95035773797567],[-118.09340941610523,33.950386817452674],[-118.09341477955911,33.95037930861724],[-118.09337,33.95036],[-118.0936691696113,33.95002316254417],[-118.09378124999999,33.94986625000002]]],[[[-118.09313567267684,33.936259278779474],[-118.0883408665127,33.92975543279446],[-118.08829057871556,33.929708524019254],[-118.08828492733133,33.92971363717642],[-118.09313567267684,33.936259278779474]]],[[[-118.09275718288717,33.951010795596694],[-118.09053,33.9535],[-118.08687,33.95961],[-118.08686203866749,33.959748404703696],[-118.09275718288717,33.951010795596694]]],[[[-118.08877,33.96637],[-118.087065,33.96265],[-118.08872934426229,33.96664442622951],[-118.08877,33.96637]]],[[[-118.0886963577768,33.966867085006584],[-118.07833,33.96377],[-118.07403,33.96085],[-118.07039,33.96006],[-118.07019,33.96131],[-118.06832,33.96158],[-118.06835,33.96381],[-118.06773,33.96391],[-118.07061,33.96478],[-118.06638,33.96468],[-118.06553,33.96723],[-118.06689,33.96725],[-118.06618,33.96977],[-118.06882,33.97036],[-118.07033,33.96934],[-118.07144,33.9695],[-118.07131,33.97037],[-118.07199,33.97055],[-118.07368,33.97011],[-118.07486,33.97461],[-118.07247,33.97447],[-118.07258,33.97367],[-118.07113,33.97341],[-118.07084,33.97183],[-118.05492,33.96818],[-118.0519,33.96755],[-118.05113,33.96992],[-118.05323,33.97167],[-118.05206,33.9723],[-118.05367,33.97432],[-118.05227,33.97602],[-118.05336,33.97759],[-118.05201,33.97897],[-118.05328,33.9793],[-118.05435,33.98091],[-118.05517,33.98229],[-118.05451,33.98285],[-118.06093,33.98709],[-118.06401,33.98396],[-118.06744,33.9863],[-118.06441,33.98955],[-118.06993,33.99378],[-118.07078,33.99291],[-118.0723,33.99322],[-118.07127,33.9948],[-118.07295,33.99233],[-118.07306,33.99031],[-118.07526,33.98499],[-118.0759,33.98529],[-118.08199,33.9762],[-118.08845,33.96853],[-118.0886963577768,33.966867085006584]]],[[[-118.08678972170686,33.96198933209647],[-118.08678554248365,33.96107826143791],[-118.08674,33.96187],[-118.08678972170686,33.96198933209647]]],[[[-118.08578542062068,34.01878552711788],[-118.08493,34.01795],[-118.08365,34.01886],[-118.08121,34.01785],[-118.07876,34.01799],[-118.07918,34.01693],[-118.0783,34.01687],[-118.07663,34.01877],[-118.07418141444816,34.02010795390896],[-118.0743,34.0201],[-118.08197164314248,34.02149484420772],[-118.08578542062068,34.01878552711788]]],[[[-118.0711,33.99559],[-118.0707,33.99658],[-118.06876,33.99583],[-118.06812189149949,33.99806807172607],[-118.06989,33.99872],[-118.0711,33.99559]]],[[[-118.06901,34.00081],[-118.06811299565632,33.99809927258777],[-118.0674,34.0006],[-118.06738883432963,34.00061090947908],[-118.06901,34.00081]]],[[[-118.06702726131047,34.000964186367774],[-118.06220107705022,34.00567963599874],[-118.0656,34.00287],[-118.06702726131047,34.000964186367774]]],[[[-118.06499,34.00958],[-118.06169,34.00735],[-118.05978,34.00865],[-118.05914,34.00821],[-118.06216690516014,34.005707883350595],[-118.05657,34.00188],[-118.05615,34.00367],[-118.05402,34.00349],[-118.0506,34.00176],[-118.05048,34.00242],[-118.04646,34.00171],[-118.04605,34.00089],[-118.03733,34.00079],[-118.03735,34.00383],[-118.02861,34.00378],[-118.02863,33.98995],[-118.01973,33.98968],[-118.01979,33.98612],[-118.00665,33.98603],[-118.00675,33.9824],[-117.99357,33.98241],[-117.99376,33.97516],[-117.97665,33.97509],[-117.97664795175541,33.974826544538985],[-117.96878,33.97257],[-117.95791,33.97255],[-117.95352111111112,33.97365515394913],[-117.9579,33.9726],[-117.9688,33.9726],[-117.993,33.9814],[-117.9934,33.9897],[-118.0023,33.9896],[-118.0022,33.9941],[-118.0038,33.9947],[-118.0114,34.0042],[-118.0105,34.0056],[-118.0123,34.0075],[-118.0126,34.016],[-118.0218,34.0206],[-118.0372,34.023],[-118.0372415806699,34.023641530335595],[-118.05572,34.01106],[-118.05734,34.01435],[-118.05704,34.01289],[-118.06229,34.01221],[-118.06499,34.00958]]],[[[-118.06353528833603,34.020822023343314],[-118.06117,34.02082],[-118.0611806636989,34.02097995548361],[-118.06353528833603,34.020822023343314]]],[[[-118.05521,33.93005],[-118.0552,33.91704],[-118.03652,33.917],[-118.01484,33.91712],[-118.01446,33.91862],[-118.02323,33.92413],[-118.00525,33.92827],[-118.00351,33.92308],[-117.9944,33.92451],[-117.99434,33.91854],[-117.99233,33.91856],[-117.99169,33.91734],[-117.97656623564197,33.91741996702899],[-117.9765417300247,33.928030899301895],[-117.98253,33.92849],[-117.98999,33.93186],[-118.00084,33.92934],[-118.00083,33.93524],[-118.00299,33.93522],[-118.00341,33.93827],[-118.03592,33.95354],[-118.04563,33.95534],[-118.04282,33.9534],[-118.04567,33.95056],[-118.04962,33.95327],[-118.04726,33.9556],[-118.05365,33.9493],[-118.05078,33.94728],[-118.04862,33.94945],[-118.04828,33.94792],[-118.04743,33.94877],[-118.04569,33.94757],[-118.04824,33.94505],[-118.04944,33.94588],[-118.05052,33.9444],[-118.05126,33.94493],[-118.05206,33.94414],[-118.04755,33.94111],[-118.04554,33.94231],[-118.04229,33.94005],[-118.04452,33.93888],[-118.04596,33.93987],[-118.04641,33.93623],[-118.04884,33.93569],[-118.04881,33.93245],[-118.04655,33.93174],[-118.04709,33.92736],[-118.04656,33.92736],[-118.04659,33.92577],[-118.04806,33.92691],[-118.04807,33.93162],[-118.05172,33.93174],[-118.05172,33.92947],[-118.05521,33.93005]]],[[[-118.05402557231945,34.02209756588211],[-118.05294,34.02136],[-118.05127,34.02637],[-118.04713,34.0293],[-118.04072,34.02532],[-118.04429,34.02308],[-118.03747173370336,34.02719246285172],[-118.03753695670018,34.028198760517135],[-118.03762,34.02825],[-118.03758237131758,34.028899443185495],[-118.0379,34.0338],[-118.0508,34.0282],[-118.05402557231945,34.02209756588211]]],[[[-118.05349220698102,33.90244007838334],[-118.0474177205881,33.9024668382353],[-118.04617762749446,33.90248046563193],[-118.05349220312452,33.90244009821675],[-118.05349220698102,33.90244007838334]]],[[[-118.0502,34.01621],[-118.04792,34.0179],[-118.04792493089832,34.01790420039487],[-118.0502,34.01621]]],[[[-118.0339797147385,33.88538047543582],[-118.03372808219179,33.885242739726024],[-118.0291,33.88274],[-118.02909929620192,33.88270908844736],[-118.0289,33.8826],[-118.0288,33.8733],[-118.0114,33.8734],[-118.01140040366232,33.87342987101133],[-118.02878,33.87332],[-118.02912,33.90253],[-118.02889,33.88263],[-118.0339797147385,33.88538047543582]]],[[[-118.02831,33.98812],[-118.0283,33.9876],[-118.02781,33.98705],[-118.02309,33.98854],[-118.02831,33.98812]]],[[[-118.01846,33.9753],[-118.01564,33.9762],[-118.01564,33.97709],[-118.01782,33.9771],[-118.01846,33.9753]]],[[[-118.01147,33.88085],[-118.0114693977975,33.88080035174946],[-118.00428099236642,33.88088297709923],[-118.01147,33.88085]]],[[[-117.99699333333334,33.8882],[-117.9941,33.8882],[-117.9941,33.88821972727273],[-117.99699333333334,33.8882]]],[[[-117.99414,33.89551],[-117.9941,33.891865],[-117.9941,33.8955],[-117.9853,33.8955],[-117.98539958906666,33.90277000186576],[-117.9854,33.90277],[-117.98533,33.89551],[-117.99414,33.89551]]],[[[-117.99269,33.94956],[-117.98889,33.9497],[-117.99221895330561,33.949886291790826],[-117.99269,33.94956]]],[[[-117.9787925,33.9028],[-117.9766,33.9028],[-117.97659997700993,33.90280995470143],[-117.9787925,33.9028]]],[[[-117.96477822134388,33.9461],[-117.95428901869158,33.9461],[-117.95422,33.94821],[-117.95346,33.94811],[-117.95412,33.9497],[-117.96228,33.94973],[-117.96469,33.94858],[-117.96477822134388,33.9461]]],[[[-117.9496,33.97645767910897],[-117.91641770070576,33.968756429031956],[-117.9164,33.9688],[-117.9496,33.9765],[-117.9496,33.97645767910897]]],[[[-117.91770044341399,33.965599655122446],[-117.9177,33.9656],[-117.91768746099291,33.96563086524823],[-117.91770044341399,33.965599655122446]]]]}},{"type":"Feature","properties":{"GEOID":"0603790730","NAME":"Downey-Norwalk","COUNTY":"037"},"geometry":{"type":"MultiPolygon","coordinates":[[[[-118.1878,33.9036],[-118.18760999999999,33.90321999999999],[-118.1877890625,33.90360796875],[-118.1878,33.9036]]],[[[-118.18778086467623,33.903613941450175],[-118.18540133812466,33.904640592018794],[-118.18600510166358,33.9049077116451],[-118.18778086467623,33.903613941450175]]],[[[-118.18720693467337,33.8854],[-118.18670896805897,33.8854],[-118.18670002904324,33.88542982114264],[-118.18720110966582,33.88543359931887],[-118.18720693467337,33.8854]]],[[[-118.1853965532865,33.90464265644494],[-118.18531,33.90468],[-118.18506754544082,33.90489622879009],[-118.1853965532865,33.90464265644494]]],[[[-118.18116621447622,33.90837556148257],[-118.18081325091751,33.90869034576009],[-118.18109524488824,33.90848489300999],[-118.18116621447622,33.90837556148257]]],[[[-118.18079944100391,33.90870266188614],[-118.18078,33.90872],[-118.18070211019085,33.90909053294923],[-118.18072558130244,33.9090543747503],[-118.18079944100391,33.90870266188614]]],[[[-118.17929428983003,33.915787735522905],[-118.17868353784674,33.918693169957685],[-118.1787,33.9187],[-118.17923004926641,33.916175955874266],[-118.17929428983003,33.915787735522905]]],[[[-118.17438,33.91690765957447],[-118.16930597295709,33.91478088653733],[-118.16930563636363,33.914781963636365],[-118.1696991780822,33.91496561643836],[-118.17438,33.91690765957447]]],[[[-118.16418758762946,33.92648818192309],[-118.16415,33.92647],[-118.1636663119266,33.926911064220185],[-118.16418758762946,33.92648818192309]]],[[[-118.1582621875,33.9517678125],[-118.15685144418872,33.95121578250863],[-118.15625,33.95104],[-118.1582621875,33.9517678125]]],[[[-118.14303759761302,33.90251987968815],[-118.14293,33.90247],[-118.14274,33.88933],[-118.1424,33.91045],[-118.14303759761302,33.90251987968815]]],[[[-118.13823,33.90896],[-118.13413497105695,33.90975130994068],[-118.1346,33.90975],[-118.13823,33.90896]]],[[[-118.1345670913349,33.970058716627626],[-118.13417600011533,33.97031809318776],[-118.1343872101621,33.970288564792874],[-118.1345670913349,33.970058716627626]]],[[[-118.12555733390484,33.97109543934848],[-118.12546,33.9711],[-118.12526492836676,33.971187268888556],[-118.12531210079504,33.97118500202129],[-118.1255,33.9711],[-118.12555733390484,33.97109543934848]]],[[[-118.12130724770171,33.972996721277795],[-118.12128,33.97297],[-118.11801636363636,33.96944272727273],[-118.1213,33.973],[-118.12130724770171,33.972996721277795]]],[[[-118.11222674418259,33.90981302325582],[-118.10956241150923,33.90981948485487],[-118.1105183102493,33.91250908587258],[-118.10975,33.90982],[-118.11222674418259,33.90981302325582]]],[[[-118.11161,33.92208],[-118.11111,33.91458],[-118.11100273927393,33.91420458745875],[-118.11161,33.92208]]],[[[-118.10917978253929,33.90874288623222],[-118.1083109738794,33.90324517897452],[-118.10834,33.90638],[-118.10917978253929,33.90874288623222]]],[[[-118.10853,33.87945],[-118.1084826603666,33.879253043747454],[-118.10850116559486,33.88108274819132],[-118.10853,33.87945]]],[[[-118.1083983165292,33.886906576534116],[-118.09553,33.88743],[-118.10816,33.88694],[-118.10824176917237,33.895771070615055],[-118.1083983165292,33.886906576534116]]],[[[-118.09842,33.94339],[-118.09033,33.93167],[-118.0903949878681,33.93167153018526],[-118.0883408665127,33.92975543279446],[-118.09313567267684,33.936259278779474],[-118.09842,33.94339]]],[[[-118.0975,33.94571],[-118.09378124999999,33.94986625000002],[-118.0936691696113,33.95002316254417],[-118.0975,33.94571]]],[[[-118.09664,33.95177],[-118.09341477955911,33.95037930861724],[-118.09340941610523,33.950386817452674],[-118.09664,33.95177]]],[[[-118.09545840229113,33.88031000561832],[-118.09544,33.87848],[-118.09106,33.87885],[-118.0910899060952,33.880325367363184],[-118.09545840229113,33.88031000561832]]],[[[-118.08829057871556,33.929708524019254],[-118.08826,33.92968],[-118.08828492733133,33.92971363717642],[-118.08829057871556,33.929708524019254]]],[[[-118.08039831433224,33.88036296416938],[-118.0749,33.88038],[-118.07271,33.88039],[-118.08039831433224,33.88036296416938]]],[[[-118.05904825401542,33.84616814465923],[-118.0547,33.8462],[-118.0547,33.846219923048736],[-118.05904349816194,33.84618649928127],[-118.05904825401542,33.84616814465923]]],[[[-118.05472,33.84982],[-118.0547,33.84742],[-118.0547,33.8498],[-118.05297607305936,33.849840091324204],[-118.05472,33.84982]]],[[[-118.05351,33.90244],[-118.05349220698102,33.90244007838334],[-118.05349220312452,33.90244009821675],[-118.05351,33.90244]]],[[[-118.0504,33.85354],[-118.05039978204397,33.853500005068746],[-118.0461,33.8536],[-118.04610018966378,33.85360967285267],[-118.0504,33.85354]]],[[[-118.0474177205881,33.9024668382353],[-118.04444986331296,33.90247991249642],[-118.04445,33.90249],[-118.04617762749446,33.90248046563193],[-118.0474177205881,33.9024668382353]]],[[[-118.04474333333333,33.8587],[-118.0419,33.8587],[-118.0419,33.85871965437788],[-118.04474333333333,33.8587]]],[[[-118.04188,33.86233],[-118.04187975451627,33.86230046012463],[-118.03969317829457,33.86235015503876],[-118.04188,33.86233]]],[[[-118.03842,33.88778],[-118.03372808219179,33.885242739726024],[-118.0339797147385,33.88538047543582],[-118.03842,33.88778]]],[[[-118.0376,33.86601],[-118.03759983516484,33.866],[-118.0287,33.866],[-118.0289,33.8826],[-118.02909929620192,33.88270908844736],[-118.02872,33.86605],[-118.0376,33.86601]]],[[[-118.0375995945946,33.865985405405404],[-118.0375404793409,33.86239908001498],[-118.0375,33.8624],[-118.0375995945946,33.865985405405404]]]]}},{"type":"Feature","properties":{"GEOID":"0603793200","NAME":"Southwest San Gabriel Valley","COUNTY":"037"},"geometry":{"type":"MultiPolygon","coordinates":[[[[-118.1696,34.0443],[-118.16959614199222,34.04429997675899],[-118.16917423728813,34.045391016949154],[-118.1696,34.0443]]],[[[-118.1693,34.0484],[-118.169269964132,34.0484],[-118.16926004909773,34.06222155775657],[-118.1693,34.06222076838638],[-118.1693,34.0484]]],[[[-118.16683184986596,34.04428332439678],[-118.15716052404903,34.04422506339789],[-118.15716,34.04426],[-118.16683184986596,34.04428332439678]]],[[[-118.16545036740806,34.06229683137942],[-118.15253,34.06232],[-118.16524381516906,34.06243965943689],[-118.1652765778401,34.06235822079745],[-118.16529,34.0623],[-118.16545036740806,34.06229683137942]]],[[[-118.1553123048849,34.09866992139248],[-118.15529,34.09867],[-118.14178,34.09877],[-118.14392828621394,34.098784234916934],[-118.1553,34.0987],[-118.1553123048849,34.09866992139248]]],[[[-118.1452,34.0251],[-118.14335667530784,34.023982112767335],[-118.14285,34.0304],[-118.14385,34.03091],[-118.14286,34.03092],[-118.14286,34.03216],[-118.14411,34.03233],[-118.14416,34.03346],[-118.11514,34.0337],[-118.14419854370477,34.03346601977816],[-118.1439,34.0265],[-118.1452,34.0251]]],[[[-118.14448683553351,34.060092968058726],[-118.14444,34.06008],[-118.14022,34.06232],[-118.14448683553351,34.060092968058726]]],[[[-118.12723238709677,34.006869548387094],[-118.12711,34.00708],[-118.12711112359551,34.00708063670412],[-118.12723238709677,34.006869548387094]]],[[[-118.12686994344577,34.01231461522924],[-118.12673,34.01313],[-118.12683302367942,34.013151463266546],[-118.12686994344577,34.01231461522924]]],[[[-118.1227655898654,33.974426888361045],[-118.12275585580517,33.97441734236226],[-118.12261603515121,33.97447227190489],[-118.12262387302893,33.97448078067914],[-118.1227655898654,33.974426888361045]]],[[[-118.12172,34.10498],[-118.11687,34.10732],[-118.12108,34.10548],[-118.12015455210238,34.10693180987203],[-118.1217,34.105],[-118.1217038077945,34.10500374637846],[-118.12172,34.10498]]],[[[-118.11687,34.10732],[-118.11561012579094,34.10642326600414],[-118.11578,34.10673],[-118.11687,34.10732]]],[[[-118.11576,34.1057],[-118.11295,34.10162],[-118.11536253568691,34.105976204014176],[-118.11576,34.1057]]],[[[-118.11433,33.98892],[-118.11061155172358,33.99291631034544],[-118.11056783216783,33.992963916083916],[-118.11433,33.98892]]],[[[-118.10979297198219,33.99379680544645],[-118.10979248366867,33.99379658348576],[-118.1097894957145,33.993799794715635],[-118.10979,33.9938],[-118.10979297198219,33.99379680544645]]],[[[-118.10866,33.99334],[-118.10847791044776,33.99350776119403],[-118.1056,33.9962],[-118.1053766539924,33.99654517110266],[-118.10866,33.99334]]],[[[-118.10801,34.04706],[-118.10647,34.04636],[-118.10315,34.04713],[-118.10015,34.04498],[-118.10194,34.04264],[-118.10027,34.04476],[-118.09687,34.04473],[-118.09486,34.04318],[-118.0943,34.04412],[-118.09529,34.04453],[-118.09445,34.04602],[-118.09247,34.04517],[-118.09386,34.04287],[-118.09046,34.04009],[-118.08258,34.03802],[-118.09058,34.04019],[-118.08902,34.0438],[-118.08586,34.04248],[-118.08552,34.04354],[-118.08405,34.04355],[-118.08397,34.04269],[-118.08318,34.0427],[-118.08182,34.04366],[-118.08398,34.04451],[-118.084,34.04813],[-118.08617,34.04813],[-118.08617,34.04999],[-118.08831,34.05],[-118.08833,34.0512],[-118.09253,34.05215],[-118.09112,34.05313],[-118.09113,34.054],[-118.10062,34.05537],[-118.10135,34.05374],[-118.10326,34.05313],[-118.10571,34.05534],[-118.10782824390243,34.05534],[-118.10801,34.04706]]],[[[-118.10766963675793,34.062565436583235],[-118.1073,34.06257],[-118.10714,34.06441],[-118.10735,34.06977],[-118.10751103169622,34.069790778283384],[-118.10766963675793,34.062565436583235]]],[[[-118.10747316400806,34.07151586185535],[-118.10746,34.07156],[-118.09954,34.0712],[-118.10747104054302,34.071612597484894],[-118.10747316400806,34.07151586185535]]],[[[-118.0912777704918,34.121834273224046],[-118.09119,34.11531],[-118.09119,34.11468],[-118.08988,34.11468],[-118.08987,34.11411],[-118.09104,34.11411],[-118.0909,34.10807],[-118.08663,34.1081],[-118.08659,34.10625],[-118.08859,34.10623],[-118.08857,34.10523],[-118.09036,34.10522],[-118.09016,34.10432],[-118.08797,34.10393],[-118.08812,34.10523],[-118.085,34.10525],[-118.085,34.10395],[-118.08221,34.10404],[-118.0822,34.10619],[-118.08332,34.10584],[-118.08332,34.10636],[-118.08221,34.10637],[-118.0823,34.11351],[-118.08138,34.11351],[-118.08040685343498,34.1135150817053],[-118.0814,34.1167],[-118.0826,34.1265],[-118.0811,34.1294],[-118.091,34.1268],[-118.09093828468792,34.126576281993714],[-118.09078,34.12612],[-118.09037,34.1269],[-118.08795,34.12706],[-118.08867,34.12691],[-118.08821,34.12556],[-118.0904,34.12481],[-118.09038505050505,34.12457080808081],[-118.0902,34.1239],[-118.0903278139535,34.123655023255814],[-118.09031,34.12337],[-118.09094289608177,34.12247611584327],[-118.0912777704918,34.121834273224046]]],[[[-118.09033,34.1023],[-118.08973,34.10224],[-118.08921,34.10019],[-118.0897,34.09953],[-118.08613,34.09969],[-118.08553,34.09908],[-118.08495,34.10047],[-118.08229,34.10051],[-118.08228,34.10134],[-118.08377,34.10158],[-118.08228,34.1016],[-118.08229,34.1024],[-118.08474,34.10303],[-118.08974,34.10292],[-118.09033,34.1023]]],[[[-118.0891,34.09732],[-118.08727,34.09531],[-118.08722,34.09174],[-118.08726,34.09502],[-118.066924,34.088308],[-118.06915230769255,34.089050769230845],[-118.07378,34.09058],[-118.0737797763091,34.0905932587697],[-118.0738,34.0906],[-118.0737,34.0971],[-118.0756,34.0981],[-118.077214981437,34.1032790784014],[-118.07721,34.10169],[-118.07789,34.10155],[-118.07789,34.09896],[-118.08147,34.09944],[-118.08143,34.0934],[-118.08224,34.09366],[-118.08242,34.09896],[-118.08374,34.09844],[-118.08372,34.09697],[-118.08493,34.09653],[-118.08668,34.09691],[-118.0861,34.09789],[-118.08672,34.09856],[-118.0891,34.0987],[-118.0891,34.09732]]],[[[-118.08578542062068,34.01878552711788],[-118.08577378586878,34.018774162941604],[-118.0738,34.0273],[-118.08578542062068,34.01878552711788]]],[[[-118.08376,34.09978],[-118.08229,34.09916],[-118.08229,34.10001],[-118.08376,34.09978]]],[[[-118.08216,34.04408],[-118.08009,34.04407],[-118.07847,34.04111],[-118.07748,34.04111],[-118.07815,34.03942],[-118.07964,34.04003],[-118.08076,34.0394],[-118.07789,34.0356],[-118.073,34.03061],[-118.0738,34.0273],[-118.0729,34.031],[-118.0708,34.0296],[-118.0747,34.0367],[-118.075,34.0407],[-118.0724,34.0461],[-118.0716,34.0572],[-118.0703,34.0572],[-118.07029179078222,34.0572398733435],[-118.07528,34.05722],[-118.07526,34.0536],[-118.07857,34.05361],[-118.07968,34.04996],[-118.08186,34.04997],[-118.08216,34.04408]]],[[[-118.08148,34.10107],[-118.08147,34.09993],[-118.07953,34.09991],[-118.07955,34.10268],[-118.08125,34.10268],[-118.08044,34.10125],[-118.08148,34.10107]]],[[[-118.06983,34.06283],[-118.06979229232087,34.06282794033685],[-118.0697916401536,34.062830304443224],[-118.06983,34.06283]]],[[[-118.06974,34.05992],[-118.06970652173914,34.06008260869565],[-118.06961,34.06059],[-118.06974,34.05992]]],[[[-118.06928076923077,34.0628],[-118.06749741035857,34.06270258964143],[-118.06749444444445,34.06270555555555],[-118.06825,34.0628],[-118.06928076923077,34.0628]]]]}},{"type":"Feature","properties":{"GEOID":"0603790015","NAME":"Agoura Hills-Malibu","COUNTY":"037"},"geometry":{"type":"MultiPolygon","coordinates":[[[[-118.9517,33.9929],[-118.9404,33.9915],[-118.9317,33.9921],[-118.93135846153847,33.99206230769231],[-118.9315,33.99208],[-118.92349,34.0469],[-118.91941,34.05566],[-118.91923,34.06281],[-118.91713,34.06719],[-118.87059,34.0523],[-118.87057,34.04913],[-118.86971,34.04913],[-118.86966,34.04283],[-118.86152,34.04284],[-118.86154,34.04566],[-118.86068,34.04767],[-118.85915,34.04661],[-118.85856,34.04845],[-118.84614,34.04447],[-118.81428,34.03927],[-118.79871,34.03844],[-118.79989,34.03712],[-118.79319,34.03567],[-118.79535,34.03826],[-118.78022,34.04224],[-118.71959,34.04371],[-118.71834,34.04035],[-118.71808,34.03679],[-118.71482,34.03493],[-118.71357,34.03502],[-118.7157,34.03693],[-118.71525,34.03895],[-118.71431,34.04011],[-118.71343,34.03953],[-118.71257,34.04023],[-118.70875,34.03662],[-118.70983,34.03429],[-118.70353,34.03479],[-118.70359,34.03691],[-118.70266,34.03858],[-118.6978,34.04064],[-118.69904,34.04238],[-118.69897,34.04471],[-118.68651,34.04571],[-118.68225,34.04752],[-118.65407,34.04748],[-118.63913,34.0463],[-118.63865,34.04563],[-118.5876,34.04561],[-118.56689313383959,33.988389194909],[-118.5668922923618,33.988389068303675],[-118.57362,34.00733],[-118.56714,34.04138],[-118.57007938144329,34.04706082474227],[-118.5701,34.0471],[-118.57010000934405,34.04710069145954],[-118.57011,34.04712],[-118.57038116883116,34.06790649350649],[-118.5704,34.0693],[-118.5992,34.0743],[-118.59917775632361,34.07433614597413],[-118.5992,34.07434],[-118.59008925619835,34.08910495867769],[-118.56480547934325,34.130191096067215],[-118.60582417301306,34.1457884890414],[-118.6079,34.1448],[-118.6045,34.1445],[-118.6058,34.1433],[-118.6053,34.1418],[-118.6081,34.1416],[-118.6046,34.1406],[-118.6036,34.1417],[-118.6013,34.1391],[-118.6023,34.1384],[-118.6042,34.1393],[-118.6062105847565,34.137155376259734],[-118.60624,34.129],[-118.61060002852253,34.12901995436395],[-118.6106100874795,34.1290038600328],[-118.61063,34.12533],[-118.61290666496518,34.125329336055714],[-118.6143,34.1231],[-118.6219,34.1231],[-118.62412606413994,34.12532606413994],[-118.63473081140991,34.125322971475235],[-118.6355,34.1234],[-118.6453,34.1238],[-118.6499,34.1217],[-118.65018533353937,34.1218336372273],[-118.65025,34.1181],[-118.6602788402654,34.118105127218946],[-118.6613,34.1151],[-118.6617,34.1089],[-118.6602,34.1012],[-118.6732,34.0984],[-118.6781,34.0958],[-118.6825,34.0838],[-118.6936,34.0777],[-118.6996,34.0788],[-118.7045,34.0822],[-118.7038,34.088],[-118.7117,34.0972],[-118.71133466584918,34.10548090741876],[-118.71132,34.1098],[-118.71111698805882,34.110414937333466],[-118.7111,34.1108],[-118.7064,34.1251],[-118.70620435530086,34.12529564469914],[-118.70616,34.12543],[-118.71978,34.12534],[-118.7241,34.12533],[-118.72388,34.13155],[-118.72846,34.13151],[-118.72847,34.13259],[-118.73481,34.13259],[-118.73676,34.13119],[-118.73842,34.13276],[-118.75659,34.14083],[-118.76983,34.13463],[-118.78741,34.13631],[-118.80042,34.13935],[-118.79962,34.14005],[-118.79281,34.14604],[-118.8088,34.13199],[-118.84765,34.11032],[-118.85395,34.11191],[-118.85352,34.11294],[-118.852,34.11313],[-118.85306,34.11471],[-118.85063,34.11668],[-118.85079,34.11783],[-118.85194,34.11986],[-118.85619,34.12355],[-118.85573,34.12461],[-118.85645502929586,34.12671650403528],[-118.941,34.0748],[-118.9511,33.9964],[-118.9517,33.9929]]],[[[-118.88768367516919,33.98724234252993],[-118.8873,33.9872],[-118.874,33.9833],[-118.8721005795235,33.9813895363812],[-118.874,33.98331],[-118.8873,33.98722],[-118.88768367516919,33.98724234252993]]],[[[-118.83360475113122,33.95243891402715],[-118.8249,33.949],[-118.81120904069768,33.947095959302324],[-118.82489,33.94904],[-118.83360475113122,33.95243891402715]]],[[[-118.809813131597,33.94690182624859],[-118.8098,33.9469],[-118.7977,33.9482],[-118.7865,33.9514],[-118.78606279816513,33.95162336791563],[-118.78653,33.95143],[-118.79773,33.94821],[-118.809813131597,33.94690182624859]]],[[[-118.7878940785381,34.16820470606532],[-118.72869,34.16789],[-118.73273,34.15443],[-118.73709,34.15444],[-118.73707,34.14297],[-118.72889,34.13831],[-118.72415,34.13819],[-118.72414,34.13625],[-118.71981,34.13628],[-118.71547,34.13628],[-118.71548,34.1383],[-118.71666,34.13852],[-118.71548,34.1387],[-118.71548,34.13937],[-118.71818,34.13909],[-118.71981,34.13984],[-118.71613,34.13995],[-118.71559,34.14691],[-118.71115,34.14725],[-118.71033,34.14063],[-118.70682,34.14205],[-118.70681,34.14],[-118.7033,34.14179],[-118.70238,34.14275],[-118.70383,34.14377],[-118.6978,34.14847],[-118.69746,34.15096],[-118.69811,34.15115],[-118.69740345798505,34.15142572371315],[-118.6973453372434,34.152253944281526],[-118.6974015620438,34.153050462287105],[-118.69748186802428,34.15316943411005],[-118.70249,34.15313],[-118.70252,34.15455],[-118.7085,34.15498],[-118.71552,34.15821],[-118.71788,34.15821],[-118.71694,34.16009],[-118.71822,34.16269],[-118.71692,34.16829],[-118.71295672560302,34.16855529017262],[-118.7878940785381,34.16820470606532]]],[[[-118.7725057930532,33.95854968828435],[-118.75446596208018,33.967766299747204],[-118.76428,33.96361],[-118.7725057930532,33.95854968828435]]],[[[-118.74606157258064,33.97554657258065],[-118.7355,33.977],[-118.72835095541402,33.97994898089172],[-118.73553,33.97704],[-118.74606157258064,33.97554657258065]]],[[[-118.72748793063182,33.980298682383385],[-118.7046,33.9778],[-118.6891,33.9799],[-118.68469962809917,33.97952888429752],[-118.68914,33.97995],[-118.70457,33.97784],[-118.72746,33.98031],[-118.72748793063182,33.980298682383385]]],[[[-118.72106,34.13141],[-118.71979,34.12897],[-118.71547,34.12899],[-118.71546,34.13256],[-118.71981,34.13261],[-118.71981,34.13207],[-118.72106,34.13141]]],[[[-118.70444995158948,34.16859508794578],[-118.70339923785679,34.168591616424635],[-118.7034,34.1686],[-118.70444995158948,34.16859508794578]]],[[[-118.65333011952191,33.984235856573704],[-118.6502,33.9851],[-118.65018429698216,33.98511322359396],[-118.65333011952191,33.984235856573704]]],[[[-118.64987128834356,33.98537680981595],[-118.6483,33.9867],[-118.64815954119548,33.986689835218094],[-118.64835,33.98673],[-118.64987128834356,33.98537680981595]]],[[[-118.63396076263305,33.98566229203266],[-118.6331,33.9856],[-118.63264608695653,33.985700869565214],[-118.63307,33.98565],[-118.63396076263305,33.98566229203266]]],[[[-118.62594022838499,33.98719106035889],[-118.6259,33.9872],[-118.61303897900763,33.98666163167939],[-118.62592,33.98723],[-118.62594022838499,33.98719106035889]]],[[[-118.589005,33.98735273333333],[-118.5866,33.987],[-118.58607963636364,33.98703416528926],[-118.58658,33.98701],[-118.589005,33.98735273333333]]],[[[-118.57475568185757,33.987777657251776],[-118.56695444660734,33.98828985956619],[-118.56969,33.98881],[-118.57475568185757,33.987777657251776]]],[[[-118.5668922923618,33.988389068303675],[-118.56685927351633,33.98829610830448],[-118.5668,33.9883],[-118.56682843872582,33.988379461145676],[-118.5668922923618,33.988389068303675]]]]}},{"type":"Feature","properties":{"GEOID":"0603790810","NAME":"East San Gabriel Valley","COUNTY":"037"},"geometry":{"type":"MultiPolygon","coordinates":[[[[-118.0381972451193,34.03476749240781],[-118.03755123002924,34.027144514345046],[-118.03668,34.02767],[-118.03762,34.02825],[-118.03735,34.03291],[-118.03608,34.03189],[-118.03529,34.03255],[-118.03553,34.03145],[-118.03323,34.02961],[-118.02813,34.03316],[-118.02591,34.0328],[-118.02587,34.02979],[-118.00515,34.03207],[-117.99591,34.02882],[-117.99084,34.02889],[-117.99175,34.02965],[-117.99045,34.03098],[-117.98698,34.02862],[-117.98404,34.03148],[-117.98663,34.03326],[-117.98373,34.03618],[-117.98115,34.0344],[-117.97872,34.03683],[-117.97613,34.03505],[-117.97708,34.03409],[-117.97617,34.03345],[-117.97761,34.03199],[-117.9706,34.02717],[-117.96915,34.02861],[-117.96767,34.02761],[-117.96648,34.02882],[-117.96542,34.02798],[-117.96655,34.02684],[-117.96564,34.02621],[-117.96439,34.02753],[-117.97115,34.03259],[-117.97201,34.03217],[-117.97142,34.03278],[-117.9725,34.03353],[-117.97351,34.03316],[-117.97289,34.03379],[-117.97907,34.03802],[-117.97972,34.03736],[-117.98056,34.03794],[-117.97991,34.0386],[-117.98173,34.03986],[-117.98245,34.03904],[-117.98336,34.03965],[-117.98569,34.03753],[-117.98662,34.03818],[-117.98343,34.04103],[-117.98879,34.0447],[-117.98996,34.04415],[-117.9893,34.04505],[-117.9907,34.04599],[-117.99263,34.04407],[-117.99093,34.04368],[-117.99255,34.04225],[-117.99302,34.04328],[-117.99243,34.04388],[-117.99391,34.04435],[-117.99277,34.04552],[-117.99371,34.04617],[-117.99255,34.04572],[-117.99164,34.04665],[-118.00188,34.05369],[-118.00624,34.05583],[-118.00948,34.04842],[-118.00918,34.04531],[-118.00776,34.0444],[-118.00803,34.04197],[-118.01392,34.03907],[-118.01391,34.03757],[-118.01523,34.03687],[-118.01841,34.03711],[-118.02031,34.03588],[-118.0247,34.03851],[-118.02074,34.04021],[-118.02164,34.04169],[-118.02088383933484,34.042103767805834],[-118.02196,34.04155],[-118.02208436703707,34.04165290934405],[-118.02812740377932,34.039083206804115],[-118.0281,34.03906],[-118.03809,34.03475],[-118.0381972451193,34.03476749240781]]],[[[-118.03725366943826,34.02363329937151],[-118.0372,34.023],[-118.0218,34.0206],[-118.0126,34.016],[-118.0123,34.0075],[-118.0105,34.0056],[-118.0114,34.0042],[-118.0038,33.9947],[-118.0022,33.9941],[-118.0023,33.9896],[-117.9934,33.9897],[-117.993,33.9814],[-117.9688,33.9726],[-117.9579,33.9726],[-117.95352111111112,33.97365515394913],[-117.94961,33.97464],[-117.94961,33.97646],[-117.9496,33.97645767910897],[-117.9496,33.9765],[-117.9164,33.9688],[-117.91641770070576,33.968756429031956],[-117.91639,33.96875],[-117.91768746099291,33.96563086524823],[-117.9177,33.9656],[-117.91770044341399,33.965599655122446],[-117.9258116806352,33.9461],[-117.9196,33.9461],[-117.9196,33.9476],[-117.9114,33.9461],[-117.7831,33.9463],[-117.7936,33.9538],[-117.7937,33.9681],[-117.8024,33.9683],[-117.8025,33.9756],[-117.78502986422268,34.00484999875861],[-117.78503,34.00485],[-117.80254,33.97555],[-117.81663,33.97537],[-117.81662,33.97405],[-117.83046,33.96281],[-117.83737,33.96284],[-117.83734,33.96102],[-117.85497,33.96066],[-117.85522,33.99016],[-117.86334,33.99646],[-117.86299463250518,33.99654532608696],[-117.8646,33.99642],[-117.86841,33.99967],[-117.87104,33.99905],[-117.87197,34.00171],[-117.87873,33.99961],[-117.87677,33.99863],[-117.8769,33.99797],[-117.86807,33.99836],[-117.86594,33.99573],[-117.86856,33.99359],[-117.86892,33.99448],[-117.86961,33.99431],[-117.86926,33.99322],[-117.87001,33.99291],[-117.87324,33.99336],[-117.87323,33.99534],[-117.87369,33.99348],[-117.88219,33.9953],[-117.88192,33.99775],[-117.88282,33.99771],[-117.88362,33.99943],[-117.88718,34.00042],[-117.88803,34.00034],[-117.88747,33.99866],[-117.88821,33.99873],[-117.88834,33.99749],[-117.88377,33.99768],[-117.88397,33.99562],[-117.88847,33.99633],[-117.88835,33.99735],[-117.89362,33.99711],[-117.89404,33.99445],[-117.90279,33.99458],[-117.90295,33.99312],[-117.90672,33.99291],[-117.90745,33.99373],[-117.91145,33.99412],[-117.91201,33.98937],[-117.93175,33.99098],[-117.93088,33.99827],[-117.93213,33.99756],[-117.93489,33.99814],[-117.94868,34.00241],[-117.94828,34.00639],[-117.95982,34.00987],[-117.95873,34.01332],[-117.96136,34.01439],[-117.96441,34.01546],[-117.96604,34.01177],[-117.97577,34.01498],[-117.97107,34.02072],[-117.9732,34.02106],[-117.97475,34.02298],[-117.9766,34.0211],[-117.97507,34.02047],[-117.97582,34.01921],[-117.97989,34.02087],[-117.97938,34.02177],[-117.98159,34.02268],[-117.98211,34.02177],[-117.98983,34.02494],[-117.98944,34.02588],[-118.0043,34.03121],[-118.00516,34.03124],[-118.00626,34.02938],[-118.01551,34.0275],[-118.01955,34.02836],[-118.02416,34.02711],[-118.02809,34.02822],[-118.03038,34.0272],[-118.03109,34.02783],[-118.03725366943826,34.02363329937151]]],[[[-118.01479380983972,34.045436205286066],[-118.01433,34.04569],[-118.01321175675676,34.047066096979336],[-118.01396118432028,34.04640483736446],[-118.01479380983972,34.045436205286066]]],[[[-118.010728944565,34.050121416452946],[-118.01008,34.05092],[-118.0106573372957,34.05024835661219],[-118.010728944565,34.050121416452946]]],[[[-118.00356,34.0551],[-118.00277,34.05572],[-118.00107,34.05479],[-117.99918,34.05896],[-117.99414,34.06006],[-117.99203,34.06131],[-117.99067,34.06056],[-117.98603,34.06227],[-117.98583,34.06318],[-117.9903,34.06296],[-117.99094,34.06229],[-118.00027,34.06167],[-118.00356,34.0551]]],[[[-118.00169344152745,34.07616706921242],[-118.00146,34.07687],[-118.0013114780293,34.07795535286282],[-118.00169344152745,34.07616706921242]]],[[[-118.00085,34.11626],[-118.00069962930785,34.116316339415],[-118.00072910367545,34.116311541262135],[-118.00085,34.11626]]],[[[-117.9918147107438,34.11880082644628],[-117.99148,34.11968],[-117.99005,34.11946],[-117.98966,34.12044],[-117.9909963646229,34.12090872490504],[-117.991,34.1209],[-117.9897,34.1204],[-117.9915,34.1197],[-117.9918147107438,34.11880082644628]]],[[[-117.9905,34.04996],[-117.95279,34.02281],[-117.98535,34.0468],[-117.98176,34.05056],[-117.98254,34.05108],[-117.9819,34.05176],[-117.98121,34.05129],[-117.97534,34.05738],[-117.97057,34.05419],[-117.97261,34.05231],[-117.96856,34.04934],[-117.96727,34.04924],[-117.96728,34.04841],[-117.96312,34.04532],[-117.96804,34.04067],[-117.95856,34.03369],[-117.95375,34.03826],[-117.95488,34.03945],[-117.95444,34.03987],[-117.95366,34.03914],[-117.94959,34.04216],[-117.9528,34.04454],[-117.95047,34.04574],[-117.95122,34.04629],[-117.95054,34.04694],[-117.95188,34.04798],[-117.94934425154213,34.0503460330099],[-117.95173,34.05211],[-117.9567,34.04739],[-117.96379,34.05263],[-117.95885,34.05732],[-117.96206,34.0597],[-117.96285,34.059],[-117.96457,34.05982],[-117.96357,34.06081],[-117.96705772016495,34.063538216633326],[-117.96714,34.06346],[-117.96593,34.06256],[-117.96693,34.06161],[-117.97042,34.06381],[-117.96952,34.06465],[-117.97066,34.06603],[-117.97313,34.06391],[-117.97582,34.06418],[-117.97596,34.06502],[-117.97798,34.06294],[-117.98245956281505,34.062596832397205],[-117.98547,34.05945],[-117.983,34.05777],[-117.9853,34.05534],[-117.98833,34.05654],[-117.98924,34.05557],[-117.98673,34.05389],[-117.9905,34.04996]]],[[[-117.98783,34.12138],[-117.98781694644177,34.12140439352194],[-117.98781745247149,34.121404524714826],[-117.98783,34.12138]]],[[[-117.95465,34.08906],[-117.95203184392419,34.091330356744706],[-117.95214,34.09129],[-117.95465,34.08906]]],[[[-117.95097087248323,34.091726241610736],[-117.94925967657088,34.09228463185582],[-117.94946,34.09229],[-117.95097087248323,34.091726241610736]]],[[[-117.94908403228956,34.09227992504828],[-117.94879,34.08932],[-117.94876097113587,34.09227126785397],[-117.94908403228956,34.09227992504828]]],[[[-117.9489,34.04581],[-117.94735,34.04556],[-117.9477,34.04198],[-117.94589,34.04281],[-117.94506,34.04275],[-117.94516,34.04182],[-117.94424,34.04237],[-117.94032,34.04153],[-117.94080525947794,34.036529717553435],[-117.9346,34.03616],[-117.93543,34.028],[-117.91759,34.02468],[-117.92069,34.01673],[-117.92336,34.01224],[-117.91665,34.01115],[-117.9168,34.00964],[-117.91471,34.0093],[-117.91493,34.00729],[-117.91064,34.0066],[-117.91049,34.00812],[-117.90919,34.00803],[-117.90936,34.00709],[-117.90804,34.00688],[-117.90811,34.00619],[-117.90244,34.00527],[-117.90234,34.00633],[-117.90174,34.00632],[-117.90218,34.00523],[-117.8910336339747,34.00348775269785],[-117.89076,34.0064],[-117.88729,34.00653],[-117.88717,34.00756],[-117.88279,34.00727],[-117.88311,34.00413],[-117.88084,34.00395],[-117.88013,34.01143],[-117.8845,34.01008],[-117.88694,34.01019],[-117.88659,34.01365],[-117.88914,34.01367],[-117.89031,34.01209],[-117.89018,34.01367],[-117.90988,34.01376],[-117.91136,34.02509],[-117.91215,34.02638],[-117.91428,34.02548],[-117.91705,34.02609],[-117.91505,34.03086],[-117.91623,34.03283],[-117.91939,34.03513],[-117.9263,34.03572],[-117.92662,34.03905],[-117.92568,34.04413],[-117.92349,34.04412],[-117.92284,34.04323],[-117.92284,34.04408],[-117.92029,34.04447],[-117.9194,34.04583],[-117.91467,34.04691],[-117.9141,34.04733],[-117.91467,34.05027],[-117.91247,34.05026],[-117.91246,34.05115],[-117.9212,34.05124],[-117.92178,34.05214],[-117.92554,34.05218],[-117.92562,34.04855],[-117.93323,34.04863],[-117.9332,34.05045],[-117.92989,34.05041],[-117.92992,34.05138],[-117.93427,34.05136],[-117.9336,34.05045],[-117.93819,34.05049],[-117.93861,34.05231],[-117.94249,34.05182],[-117.9489,34.04581]]],[[[-117.94544968101377,34.1375935678392],[-117.94523,34.1375],[-117.94490751991687,34.13786762729477],[-117.94544968101377,34.1375935678392]]],[[[-117.94438788139837,34.13784350796354],[-117.9397,34.13474],[-117.94391873404464,34.138079831118674],[-117.94433,34.13784],[-117.94438788139837,34.13784350796354]]],[[[-117.94399086570071,34.013082718860346],[-117.94378,34.01297],[-117.94204135730337,34.01242736629214],[-117.94399086570071,34.013082718860346]]],[[[-117.94203,34.08524],[-117.9387,34.08511],[-117.93854,34.08691],[-117.93614,34.08678],[-117.93601,34.08839],[-117.93402,34.08826],[-117.93431,34.08495],[-117.92655,34.08472],[-117.92637,34.08658],[-117.92338,34.08657],[-117.9271,34.08671],[-117.92685,34.0896],[-117.92541,34.08954],[-117.92541,34.09294],[-117.92319,34.09291],[-117.92318,34.09221],[-117.91658,34.09268],[-117.91438,34.09217],[-117.91366,34.09956],[-117.91657,34.09959],[-117.91657,34.10046],[-117.91092,34.10316],[-117.91435,34.10327],[-117.91421,34.10703],[-117.90990827637059,34.10698548022117],[-117.90986,34.1105],[-117.91207,34.11055],[-117.91204,34.11347],[-117.90773,34.11348],[-117.90774,34.11427],[-117.90869,34.11428],[-117.91109,34.11426],[-117.91576,34.11199],[-117.91623,34.1143],[-117.91634,34.11094],[-117.91417,34.11087],[-117.9142,34.10822],[-117.91654,34.10827],[-117.91656,34.10709],[-117.91765,34.10707],[-117.91645,34.11094],[-117.91638,34.11431],[-117.92077,34.11432],[-117.92096,34.1106],[-117.92423,34.11058],[-117.92424,34.1088],[-117.92093,34.10883],[-117.92098,34.10701],[-117.92532907101314,34.1069702824565],[-117.92539,34.0993],[-117.92979,34.09808],[-117.9298,34.09593],[-117.9368,34.0961],[-117.93674,34.09305],[-117.93417,34.09308],[-117.93416,34.09188],[-117.93958618082296,34.092025407459964],[-117.93678,34.09192],[-117.9368,34.08989],[-117.9416,34.09009],[-117.94203,34.08524]]],[[[-117.93782856050456,34.011112544361296],[-117.9375,34.01101],[-117.92519,34.00903],[-117.93782856050456,34.011112544361296]]],[[[-117.93455,34.15403],[-117.9326816455697,34.15284898734182],[-117.93158,34.152188],[-117.93455,34.15403]]],[[[-117.93174,34.01823],[-117.920927876772,34.01664700958264],[-117.92068,34.01709],[-117.93174,34.01823]]],[[[-117.92965919863731,34.1509384568622],[-117.929635439068,34.15092343811005],[-117.9296,34.15096],[-117.92962409920224,34.150974946373914],[-117.92965919863731,34.1509384568622]]],[[[-117.92912777777778,33.9461],[-117.92740013071895,33.9461],[-117.9259,33.94761],[-117.92705,33.94797],[-117.92912777777778,33.9461]]],[[[-117.9076,34.15056],[-117.89883,34.15047],[-117.89882,34.1578],[-117.90754,34.15786],[-117.9076,34.15056]]],[[[-117.9060474688925,34.10694552361079],[-117.90599692107187,34.10694500047681],[-117.90114,34.1081],[-117.90115,34.10914],[-117.89909,34.10915],[-117.89951,34.11421],[-117.90111,34.11419],[-117.90115,34.11043],[-117.90331,34.11043],[-117.90332,34.11327],[-117.90542,34.11423],[-117.90539,34.10776],[-117.9060474688925,34.10694552361079]]],[[[-117.90558,34.09861],[-117.90556,34.09572],[-117.90166,34.09573],[-117.90227,34.09525],[-117.9023,34.09213],[-117.89789,34.09213],[-117.89786,34.09573],[-117.89658,34.09573],[-117.89657,34.09951],[-117.8946,34.09952],[-117.8946,34.10067],[-117.90334,34.1004],[-117.90335,34.09939],[-117.90557,34.0994],[-117.90558,34.09861]]],[[[-117.90169666666667,34.1685],[-117.8988,34.16849006857143],[-117.8988,34.1685],[-117.90169666666667,34.1685]]],[[[-117.89937,34.1151],[-117.89895,34.10833],[-117.89024,34.11072],[-117.89024,34.10859],[-117.88713,34.10856],[-117.88717,34.10677],[-117.89027486515354,34.106782288384515],[-117.88329,34.10671],[-117.88308,34.10595],[-117.88149,34.10614],[-117.88031,34.1054],[-117.87784393754839,34.10563613606131],[-117.88258,34.10677],[-117.88256,34.10744],[-117.88148,34.10744],[-117.88137,34.12144],[-117.88036,34.12144],[-117.88035,34.12434],[-117.87696,34.12469],[-117.87918,34.1251],[-117.87917,34.12683],[-117.88137,34.12682],[-117.88135,34.12995],[-117.88137,34.12706],[-117.88573,34.12706],[-117.88574,34.12509],[-117.89028,34.12508],[-117.89028,34.12413],[-117.8892,34.12439],[-117.89029,34.12406],[-117.89014,34.1215],[-117.88465,34.12145],[-117.88438,34.11429],[-117.88517,34.11335],[-117.88816,34.11197],[-117.89023,34.11201],[-117.89095,34.11439],[-117.8902,34.11466],[-117.89016,34.11956],[-117.89305,34.12044],[-117.89925,34.12071],[-117.89937,34.1151]]],[[[-117.89881,34.16511],[-117.8988,34.16511001141553],[-117.8988,34.16623666666667],[-117.89881,34.16511]]],[[[-117.89501,34.09572],[-117.89077,34.09574],[-117.89135,34.09666],[-117.89056,34.0975],[-117.8914,34.0975],[-117.89144,34.09843],[-117.89078,34.09941],[-117.8946,34.09934],[-117.89501,34.09666],[-117.89501,34.09572]]],[[[-117.8924,34.07358],[-117.89224004322655,34.07720901929757],[-117.89231,34.07721],[-117.8924,34.07358]]],[[[-117.89004999450552,34.16511111817725],[-117.89004378867287,34.15507938968724],[-117.89004,34.16016],[-117.88565,34.16018],[-117.88565,34.16511],[-117.88126,34.1651],[-117.88126089016974,34.16512228603536],[-117.89004999450552,34.16511111817725]]],[[[-117.88504,34.15051],[-117.88484,34.14871],[-117.88318,34.14873],[-117.88346,34.14687],[-117.88127,34.1469],[-117.88131,34.14258],[-117.88024,34.1433],[-117.8798,34.14277],[-117.87913,34.1433],[-117.87911,34.1469],[-117.87824,34.14754],[-117.87822,34.14873],[-117.8804,34.14875],[-117.88038,34.15061],[-117.88504,34.15051]]],[[[-117.88364718403548,34.00233320399113],[-117.87998,34.00176],[-117.8798145057015,34.001769773285346],[-117.88364718403548,34.00233320399113]]],[[[-117.88087,34.12957],[-117.87768,34.12954],[-117.87757,34.13038],[-117.88003,34.1305],[-117.88087,34.12957]]],[[[-117.87918844130982,34.00180674559194],[-117.8749,34.00206],[-117.87369095782286,34.0024413757203],[-117.87918844130982,34.00180674559194]]],[[[-117.87722,34.10294],[-117.87717,34.09943],[-117.8725,34.09943],[-117.87249,34.10025],[-117.87148,34.10025],[-117.87161,34.09871],[-117.8725,34.09871],[-117.8716,34.09648],[-117.87246,34.09648],[-117.87246,34.09573],[-117.87628,34.09572],[-117.87628,34.09386],[-117.87297,34.09384],[-117.87263,34.09481],[-117.87035,34.0948],[-117.87019,34.09942],[-117.86816,34.09934],[-117.86816,34.10123],[-117.86598,34.10122],[-117.866,34.10326],[-117.86162,34.10304],[-117.86161,34.09942],[-117.85632,34.0994],[-117.85623,34.09762],[-117.85506,34.09764],[-117.85508,34.10304],[-117.84854,34.10304],[-117.84855,34.10486],[-117.84637,34.10492],[-117.84795,34.10418],[-117.848,34.10304],[-117.84635,34.10304],[-117.84635,34.10175],[-117.84506,34.10174],[-117.84507,34.10064],[-117.84857,34.09941],[-117.84418,34.09941],[-117.84418,34.09582],[-117.842,34.09580104347826],[-117.842,34.10119],[-117.83987,34.10119],[-117.83982,34.09632],[-117.83766,34.09745],[-117.837654366304,34.10673996471434],[-117.86614,34.10667],[-117.86924,34.1063321253406],[-117.86924,34.10574],[-117.86816,34.10574],[-117.86816,34.10469],[-117.86927,34.10461],[-117.8693,34.10304],[-117.87035,34.10304],[-117.87035,34.10486],[-117.87251,34.10487],[-117.8725,34.10294],[-117.87722,34.10294]]],[[[-117.87664,34.07708],[-117.87443,34.0771],[-117.8739,34.07888],[-117.87256,34.07836],[-117.87258,34.08251],[-117.87469,34.08252],[-117.8745,34.07888],[-117.87618,34.07889],[-117.87576,34.07782],[-117.87654,34.07783],[-117.87664,34.07708]]],[[[-117.87518,34.06015],[-117.87208,34.05772],[-117.87222,34.06072],[-117.87333,34.05887],[-117.87518,34.06015]]],[[[-117.87385,34.00391],[-117.87287127073995,34.00269993473303],[-117.87284653628947,34.00270773687513],[-117.87385,34.00391]]],[[[-117.87242,34.08097],[-117.8687,34.08071],[-117.86858,34.08313],[-117.8694,34.08313],[-117.86941,34.08387],[-117.87242,34.08343],[-117.87178,34.08173],[-117.87242,34.08097]]],[[[-117.87184,34.0574],[-117.8693,34.05667],[-117.86947,34.05493],[-117.8661,34.05527],[-117.86433,34.05227],[-117.86301,34.0517],[-117.86702,34.0466],[-117.86188,34.05312],[-117.85246,34.05347],[-117.85495,34.05907],[-117.8524,34.05931],[-117.85193,34.06043],[-117.85205,34.05925],[-117.85048,34.05886],[-117.85103,34.05965],[-117.84975,34.06],[-117.85124,34.061],[-117.84694,34.06248],[-117.84482,34.05982],[-117.84578,34.05785],[-117.83796,34.05786],[-117.83437,34.05981],[-117.82608,34.06241],[-117.82503,34.06035],[-117.82989,34.05828],[-117.82905,34.05662],[-117.83586,34.05367],[-117.83296,34.04203],[-117.82818,34.04358],[-117.82654362523739,34.04153453154674],[-117.82081,34.05183],[-117.81725,34.05038],[-117.81579,34.05297],[-117.82083,34.05533],[-117.81238,34.06124],[-117.80785,34.05845],[-117.80558,34.0592],[-117.80835,34.06291],[-117.81874,34.06366],[-117.81374379897785,34.06388971039182],[-117.82579,34.06403],[-117.83377,34.06712],[-117.83377,34.0689],[-117.83488,34.07012],[-117.83679,34.07001],[-117.83872,34.07177],[-117.8452,34.07268],[-117.84749,34.07231],[-117.84722,34.07298],[-117.84855,34.07405],[-117.84493,34.07788],[-117.84717,34.07552],[-117.85098,34.07731],[-117.85186,34.0767],[-117.85143,34.0775],[-117.85338,34.07921],[-117.85193,34.08068],[-117.85265,34.08165],[-117.85719,34.08164],[-117.85718,34.0807],[-117.85909,34.08072],[-117.85869,34.07912],[-117.861,34.07868],[-117.8603,34.07821],[-117.86044,34.07582],[-117.85888,34.07457],[-117.85876,34.07381],[-117.86011,34.07373],[-117.85984,34.0719],[-117.85836,34.07244],[-117.85813,34.07004],[-117.85627,34.06873],[-117.8566,34.06835],[-117.85942452439518,34.068505478407076],[-117.85909,34.06837],[-117.8579,34.0657],[-117.86131,34.06635],[-117.86244,34.0678],[-117.86382,34.06718],[-117.86488,34.06892],[-117.87183,34.06803],[-117.86851,34.06288],[-117.86917,34.05923],[-117.87096,34.06004],[-117.87184,34.0574]]],[[[-117.87178,34.07874],[-117.86891,34.07832],[-117.86833,34.07703],[-117.86529,34.07703],[-117.8614,34.07929],[-117.86211,34.08009],[-117.86157,34.08072],[-117.86372,34.08073],[-117.86376,34.08252],[-117.86768,34.0825],[-117.86815,34.08068],[-117.86644,34.08069],[-117.86729,34.07963],[-117.86816,34.07985],[-117.86791,34.07896],[-117.86924,34.07874],[-117.86962,34.08032],[-117.87172,34.07944],[-117.87178,34.07874]]],[[[-117.87130184514638,34.00319498844376],[-117.87043,34.00347],[-117.87018338312213,34.003612104644226],[-117.87130184514638,34.00319498844376]]],[[[-117.86751,34.07178],[-117.86070669973948,34.06902474419378],[-117.86332,34.07057],[-117.86751,34.07178]]],[[[-117.8646,34.07533],[-117.86359,34.07446],[-117.86168,34.07441],[-117.8618,34.07522],[-117.8646,34.07533]]],[[[-117.85397,34.08368],[-117.85341,34.08265],[-117.85394,34.08372],[-117.85348,34.0862],[-117.85397,34.08368]]],[[[-117.85348,34.0862],[-117.85157,34.08559],[-117.84991,34.08793],[-117.84780796747967,34.08904107433217],[-117.84990830984466,34.088194507766694],[-117.84989,34.08911],[-117.84927,34.08911],[-117.84989,34.09055],[-117.84929,34.09096],[-117.85117,34.09052],[-117.85117,34.08813],[-117.8501100947226,34.08811317610671],[-117.85116,34.08769],[-117.85114,34.08628],[-117.85348,34.0862]]],[[[-117.85199174320783,34.01409442256241],[-117.85193,34.01413],[-117.85195,34.01136],[-117.85089,34.01136],[-117.85089,34.01286],[-117.84697,34.01605],[-117.84278,34.01734],[-117.84153,34.01673],[-117.83976,34.01956],[-117.84156,34.01936],[-117.83882,34.02132],[-117.83539,34.02744],[-117.8267,34.03089],[-117.82379,34.03344],[-117.82772,34.03061],[-117.82812157910844,34.030947691523004],[-117.82813,34.03094],[-117.83563,34.02746],[-117.83876,34.02165],[-117.84114,34.01975],[-117.8483,34.0167],[-117.85199174320783,34.01409442256241]]],[[[-117.85068347994981,34.165161139161434],[-117.85068,34.16503],[-117.8463,34.16504],[-117.84627,34.15782],[-117.84187,34.15783],[-117.84192,34.16144],[-117.83973,34.16144],[-117.83972,34.16278],[-117.83896,34.16279],[-117.83661,34.1559],[-117.82938,34.15811],[-117.82571,34.16008],[-117.82566,34.16156],[-117.83755,34.16153],[-117.83765558215131,34.16517769303412],[-117.85068347994981,34.165161139161434]]],[[[-117.85008,34.00828],[-117.8465,34.00829],[-117.84614,34.00965],[-117.85006,34.00967],[-117.85008,34.00828]]],[[[-117.84993,34.09385],[-117.84991,34.09117],[-117.84812,34.0921],[-117.84813,34.09357],[-117.8464,34.09311],[-117.84758,34.09219],[-117.84684,34.09046],[-117.84721086131387,34.08935668759124],[-117.84641,34.08978],[-117.8464,34.09281],[-117.84073,34.09579],[-117.84544,34.09339],[-117.84475,34.09582],[-117.84637,34.09581],[-117.84638,34.09464],[-117.84814,34.09461],[-117.84814,34.09384],[-117.84993,34.09385]]],[[[-117.8495,34.08337],[-117.84881,34.0827],[-117.84763,34.08343],[-117.8475,34.08279],[-117.84551,34.08286],[-117.84384,34.08433],[-117.83736,34.08469],[-117.83789,34.08597],[-117.82015,34.09072],[-117.82022,34.09216],[-117.83405,34.09207],[-117.83405,34.09049],[-117.83773,34.08847],[-117.8392,34.08843],[-117.8387,34.08747],[-117.84347,34.08661],[-117.84403,34.08774],[-117.84717,34.08673],[-117.84857,34.08591],[-117.8495,34.08337]]],[[[-117.82872,34.03763],[-117.82461,34.03762],[-117.82859,34.03786],[-117.82820307282415,34.038554777975136],[-117.82872,34.03763]]],[[[-117.82550854093532,34.03362240971634],[-117.82523,34.0339],[-117.82461,34.03762],[-117.82550854093532,34.03362240971634]]],[[[-117.82379,34.03344],[-117.8202,34.0297],[-117.82148,34.03121],[-117.82379,34.03344]]],[[[-117.82362,34.15789],[-117.82361,34.15458],[-117.82278,34.15427],[-117.82279,34.1579],[-117.82362,34.15789]]],[[[-117.81255821782179,34.063944219870265],[-117.81178,34.06398],[-117.8096365376187,34.06447758948137],[-117.81255821782179,34.063944219870265]]],[[[-117.80779482943952,34.06490512888011],[-117.8073,34.06502],[-117.80431,34.06726],[-117.80779482943952,34.06490512888011]]],[[[-117.80144,34.10065],[-117.80138,34.0994],[-117.80143,34.10076],[-117.80144,34.10133],[-117.80144,34.10065]]],[[[-117.79405203289846,34.11026909699912],[-117.78559,34.10931],[-117.78527,34.11021],[-117.78668,34.11058],[-117.78637,34.11144],[-117.78492,34.11107],[-117.78409,34.11327],[-117.78964,34.11392],[-117.78966,34.11755],[-117.79184094693328,34.1175400413382],[-117.79186,34.11573],[-117.79404,34.11572],[-117.79405203289846,34.11026909699912]]],[[[-117.79398,34.12243],[-117.79396,34.11945],[-117.79186,34.11944],[-117.7912,34.12083],[-117.78943,34.12145],[-117.79296,34.12227],[-117.79398,34.12243]]],[[[-117.78686,34.08806],[-117.7854,34.08509],[-117.78671612623972,34.08811152925457],[-117.78686,34.08806]]],[[[-117.78099,34.14691],[-117.77611,34.14699],[-117.77611417335474,34.14679719101124],[-117.77582,34.14817],[-117.77446,34.14941],[-117.77463,34.15065],[-117.77032851221317,34.15074960029607],[-117.78097990070671,34.1506002817658],[-117.78099,34.14691]]],[[[-117.78062695709691,34.07767520721666],[-117.7806,34.07769],[-117.77974,34.0791],[-117.78062695709691,34.07767520721666]]],[[[-117.77616,34.14468],[-117.77559463026316,34.14464070789474],[-117.77615469866429,34.144924921710235],[-117.77616,34.14468]]],[[[-117.7676301006645,34.02348926311148],[-117.75922138289368,34.02219764188649],[-117.76763,34.02351],[-117.7676301006645,34.02348926311148]]],[[[-117.76752923686384,34.004700334135585],[-117.7675,34.0047],[-117.76750368461836,34.00504635412631],[-117.76752923686384,34.004700334135585]]],[[[-117.75943,34.11992],[-117.75078355171479,34.12066882635264],[-117.75079,34.12152],[-117.73986,34.12166],[-117.74203,34.12616],[-117.7417,34.14725],[-117.7332,34.14728],[-117.73323,34.15091],[-117.72878,34.15087],[-117.72887,34.15814],[-117.72451,34.15812],[-117.7245489010989,34.1652],[-117.7504,34.1652],[-117.7503,34.1544],[-117.75034363241679,34.1544],[-117.75033,34.15126],[-117.75249,34.15113],[-117.75341,34.15031],[-117.75553,34.14713],[-117.75569,34.14565],[-117.75379,34.1455],[-117.75421,34.14361],[-117.75243,34.14363],[-117.75132,34.14255],[-117.75015,34.14313],[-117.75018,34.14113],[-117.74769,34.13992],[-117.74822,34.13449],[-117.74886,34.13219],[-117.75055,34.13223],[-117.75054,34.12902],[-117.75927,34.12898],[-117.75934,34.12531],[-117.75717,34.12532],[-117.75734,34.12156],[-117.75941,34.12166],[-117.75943,34.11992]]],[[[-117.75062486842106,34.10964],[-117.75061,34.10851],[-117.75045251833741,34.10964],[-117.75062486842106,34.10964]]],[[[-117.74854,34.1126],[-117.74853,34.10953],[-117.74637,34.10952],[-117.74637,34.10819],[-117.74533,34.10819],[-117.74533990514873,34.11079505411651],[-117.74853,34.1108],[-117.74854,34.1126]]],[[[-117.74000822065533,34.10812607133969],[-117.7399,34.1081],[-117.73901,34.10814],[-117.74000822065533,34.10812607133969]]],[[[-117.73991,34.10378],[-117.7368,34.10339],[-117.73679,34.09886],[-117.73681,34.11084],[-117.73681,34.10519],[-117.73742,34.1061],[-117.73985,34.10632],[-117.73991,34.10378]]],[[[-117.73804,34.12167],[-117.73218,34.12168],[-117.73221,34.12417],[-117.73335,34.12415],[-117.73335,34.12637],[-117.72901,34.12767],[-117.72899,34.12418],[-117.72956,34.12413],[-117.72997,34.12156],[-117.72682,34.12157],[-117.72679,34.12887],[-117.73764,34.12894],[-117.73773,34.12531],[-117.73655,34.1253],[-117.73645,34.12277],[-117.73804,34.12167]]],[[[-117.73011620271338,34.021392040772376],[-117.7301,34.0214],[-117.7293919205298,34.025596026490064],[-117.73011620271338,34.021392040772376]]],[[[-117.71584629120879,34.1652],[-117.7157,34.1581],[-117.70273,34.15794],[-117.70291,34.15427],[-117.6865,34.15427],[-117.68635,34.15373],[-117.68411,34.1562],[-117.68256,34.16105],[-117.68476,34.15794],[-117.69833,34.1579],[-117.69790292517007,34.1652],[-117.71584629120879,34.1652]]],[[[-117.70736,34.14259],[-117.70605,34.14245],[-117.70602,34.1415],[-117.70519,34.1415],[-117.7052,34.14217],[-117.7035,34.1408],[-117.70141,34.14569],[-117.70231,34.14621],[-117.70074,34.14861],[-117.70198,34.14886],[-117.70364,34.14683],[-117.70412,34.14391],[-117.70734,34.14333],[-117.70736,34.14259]]],[[[-117.68746582861874,34.13651949772319],[-117.6868,34.1381],[-117.6817,34.1558],[-117.6815858691724,34.15606820744489],[-117.68171,34.15583],[-117.6868,34.13812],[-117.68746582861874,34.13651949772319]]],[[[-117.68528125,34.1652],[-117.67771276130159,34.16517001094127],[-117.6777,34.1652],[-117.68528125,34.1652]]]]}},{"type":"Feature","properties":{"GEOID":"0603792920","NAME":"Santa Monica","COUNTY":"037"},"geometry":{"type":"MultiPolygon","coordinates":[[[[-118.5631,33.9878],[-118.56078946428572,33.987759464285716],[-118.56307656717382,33.987819127839316],[-118.5631,33.9878]]],[[[-118.55736509027373,33.98767013278975],[-118.55662467532467,33.98703666666667],[-118.55736,33.98767],[-118.55736509027373,33.98767013278975]]],[[[-118.5413952743561,33.97142412094065],[-118.5377,33.9669],[-118.53768356688633,33.96690867012473],[-118.5413952743561,33.97142412094065]]],[[[-118.51118702570379,34.030666022031824],[-118.50867,34.03298],[-118.50990052770446,34.031873350923505],[-118.51118702570379,34.030666022031824]]],[[[-118.50831350114416,34.03899073226545],[-118.50769,34.03627],[-118.5083041322314,34.039135950413225],[-118.50831350114416,34.03899073226545]]]]}},{"type":"Feature","properties":{"GEOID":"0603793155","NAME":"South Gate-East Los Angeles","COUNTY":"037"},"geometry":{"type":"MultiPolygon","coordinates":[[[[-118.2564,33.9833],[-118.2559,33.9531],[-118.2535,33.9513],[-118.2536,33.9433],[-118.24913910802775,33.9433],[-118.24884,33.95336],[-118.24880118811882,33.95336],[-118.2488,33.9534],[-118.2474,33.9543],[-118.24688727326615,33.954261736810906],[-118.24421,33.95427],[-118.24421205847608,33.95406209391613],[-118.234,33.9533],[-118.234,33.94824033149171],[-118.22869859514769,33.948298910550854],[-118.23148,33.96094],[-118.22965,33.9612],[-118.22548,33.9593],[-118.22297,33.95903],[-118.22568,33.96367],[-118.22569,33.96545],[-118.22456,33.9662],[-118.22443,33.96538],[-118.21190977412871,33.963892605078165],[-118.21074,33.97182],[-118.21762,33.97254],[-118.21754,33.97341],[-118.23763,33.97474],[-118.23765,33.97717],[-118.23895,33.97718],[-118.23901998014199,33.989396533359375],[-118.2564,33.98949976241901],[-118.2564,33.9833]]],[[[-118.23880059435362,33.989395230312034],[-118.23791348012222,33.98937594522005],[-118.23791530842009,33.98940008274822],[-118.23792071486692,33.98940011197225],[-118.23792,33.98939],[-118.23880059435362,33.989395230312034]]],[[[-118.21683,33.94502],[-118.21445208695653,33.93772413043478],[-118.21668400479919,33.94502078492044],[-118.21683,33.94502]]],[[[-118.2077,34.00882],[-118.20766,34.00633],[-118.20482,34.00638],[-118.20445,34.00208],[-118.20461,34.00903],[-118.2077,34.00882]]],[[[-118.20466,33.99665],[-118.20444660716612,33.992056973289905],[-118.20433,33.99665],[-118.19983973799856,33.99611215052567],[-118.20343,33.99667],[-118.20466,33.99665]]],[[[-118.20432543488863,33.989448884269684],[-118.20403,33.98309],[-118.20416,33.98907],[-118.20356425653684,33.988990623833395],[-118.20432543488863,33.989448884269684]]],[[[-118.20258,33.98257],[-118.19754,33.98206],[-118.19748892559714,33.98229179921296],[-118.20258,33.98257]]],[[[-118.20203,33.97064],[-118.20092,33.969],[-118.20001237067709,33.96821416457689],[-118.20189945002356,33.97062651343219],[-118.20203,33.97064]]],[[[-118.2015126461039,34.01408103896104],[-118.19213,34.01292],[-118.19142,34.01286],[-118.20003786492374,34.01390880174292],[-118.2015126461039,34.01408103896104]]],[[[-118.19971594979647,33.97134354816825],[-118.19963008100147,33.970570729013254],[-118.19434,33.97041],[-118.19971594979647,33.97134354816825]]],[[[-118.19347,34.00952],[-118.18204,34.00565],[-118.19343,34.00962],[-118.19213,34.01292],[-118.19347,34.00952]]],[[[-118.19310308652767,33.96165838247533],[-118.19278,33.96162],[-118.18528,33.95564],[-118.19252734470159,33.96159845832608],[-118.19310308652767,33.96165838247533]]],[[[-118.19259902857335,34.06176041436408],[-118.19192212099247,34.03417643044327],[-118.19129,34.03442],[-118.19127,34.03361],[-118.19190290380926,34.03339333022746],[-118.19148808941034,34.016489643471225],[-118.18129,34.01566],[-118.18124,34.01204],[-118.1759,34.01153],[-118.1759,34.01827],[-118.15866,34.01072],[-118.15365,34.01963],[-118.14624,34.01808],[-118.14754,34.00977],[-118.12760149790034,34.00805219080516],[-118.12686994344577,34.01231461522924],[-118.12683302367942,34.013151463266546],[-118.13081,34.01398],[-118.13015,34.01597],[-118.14336,34.02394],[-118.14335667530784,34.023982112767335],[-118.1452,34.0251],[-118.1439,34.0265],[-118.14419854370477,34.03346601977816],[-118.14743,34.03344],[-118.15018,34.0347],[-118.15169,34.03402],[-118.15403,34.03596],[-118.15728,34.03626],[-118.1571609,34.0442],[-118.1696,34.0442],[-118.16956574575494,34.0442899173933],[-118.1696,34.04429],[-118.16803,34.04835],[-118.16927,34.04835],[-118.169269964132,34.0484],[-118.1693,34.0484],[-118.1693,34.06222076838638],[-118.19259902857335,34.06176041436408]]],[[[-118.19189067559697,33.9684915051169],[-118.19188,33.9684],[-118.19168076086956,33.968599239130434],[-118.19189067559697,33.9684915051169]]],[[[-118.19143,33.96835],[-118.19014,33.96939],[-118.19136745183889,33.968760037945124],[-118.19143,33.96835]]],[[[-118.18975815841151,33.98194216968121],[-118.17006,33.98012],[-118.17007218678026,33.98015305529336],[-118.18974,33.98202],[-118.18903,33.98638],[-118.18975815841151,33.98194216968121]]],[[[-118.1787,33.9187],[-118.17868353784674,33.918693169957685],[-118.17868,33.91871],[-118.17438,33.91690765957447],[-118.1696991780822,33.91496561643836],[-118.17618,33.91799],[-118.17417,33.93056],[-118.17681166233963,33.93062634311812],[-118.1787,33.9187]]],[[[-118.1751286686534,33.99809643440294],[-118.17139,33.99692],[-118.17512,33.9981],[-118.1751286686534,33.99809643440294]]],[[[-118.17342,33.95435],[-118.16824070873982,33.95376366514036],[-118.17023729735189,33.954151700769586],[-118.17342,33.95435]]],[[[-118.17244328826214,33.986369121462026],[-118.1707159600058,33.98189921895378],[-118.17232,33.98625],[-118.17244328826214,33.986369121462026]]],[[[-118.17025,33.98816],[-118.16754449641358,33.98158028889697],[-118.16805,33.98385],[-118.17025,33.98816]]],[[[-118.16930597295709,33.91478088653733],[-118.16928,33.91477],[-118.16930563636363,33.914781963636365],[-118.16930597295709,33.91478088653733]]],[[[-118.1691458947117,33.96330890623135],[-118.1677,33.96635],[-118.16909,33.96379],[-118.1691458947117,33.96330890623135]]],[[[-118.16758,33.97182],[-118.16712,33.97936],[-118.14964,33.97765],[-118.16705,33.97936],[-118.16732252626822,33.980583642944346],[-118.16758,33.97182]]],[[[-118.16691884629388,33.9980613976593],[-118.1604,33.99503],[-118.15207,33.99222],[-118.16691884629388,33.9980613976593]]],[[[-118.16191384615385,33.92897461538462],[-118.16177740595171,33.92863351487928],[-118.16154,33.92885],[-118.16191384615385,33.92897461538462]]],[[[-118.16026641073536,33.95221386578504],[-118.15685144418872,33.95121578250863],[-118.1582621875,33.9517678125],[-118.1586,33.95189],[-118.16026641073536,33.95221386578504]]],[[[-118.13479105095105,33.969910183825206],[-118.1345670913349,33.970058716627626],[-118.1343872101621,33.970288564792874],[-118.13452,33.97027],[-118.13479105095105,33.969910183825206]]],[[[-118.13015758307145,33.97087989129875],[-118.12555733390484,33.97109543934848],[-118.1255,33.9711],[-118.12531210079504,33.97118500202129],[-118.12937,33.97099],[-118.13015758307145,33.97087989129875]]],[[[-118.12982,34.00242],[-118.12723238709677,34.006869548387094],[-118.12711112359551,34.00708063670412],[-118.12720533833043,34.00713402505391],[-118.12982,34.00242]]],[[[-118.1227655898654,33.974426888361045],[-118.12130724770171,33.972996721277795],[-118.1213,33.973],[-118.1227538816,33.9744313408],[-118.1227655898654,33.974426888361045]]]]}}]}